Shipment_ID,Date,Origin_Port,Destination_Port,Transport_Mode,Product_Category,Distance_km,Weight_MT,Fuel_Price_Index,Geopolitical_Risk_Score,Weather_Condition,Carrier_Reliability_Score,Lead_Time_Days,Disruption_Occurred,Fuel_Price_Category
SC-10000,2025-10-16,Singapore,Los Angeles,Rail,Textiles,5930.83,197.42,2.43,5.0,Hurricane,0.865,41.39,1,Medium
SC-10001,2024-04-24,Singapore,Shanghai,Rail,Automotive,14285.36,237.24,2.3,7.5,Storm,0.592,40.92,1,Medium
SC-10002,2024-01-26,Rotterdam,Los Angeles,Rail,Perishables,11113.91,427.42,1.78,5.6,Rain,0.673,11.54,0,Low
SC-10003,2024-10-08,Busan,Hamburg,Rail,Electronics,9180.55,170.66,3.2,0.8,Hurricane,0.832,53.13,1,Medium
SC-10004,2024-09-07,Busan,Singapore,Air,Perishables,2762.27,434.96,2.77,1.9,Fog,0.741,0.5,1,Medium
SC-10005,2024-08-16,Rotterdam,Marseille,Rail,Automotive,2761.92,44.98,4.06,2.2,Rain,0.869,2.16,1,High
SC-10006,2024-05-22,Shanghai,Antwerp,Rail,Pharmaceuticals,1342.21,388.62,1.31,2.6,Storm,0.981,2.99,0,Low
SC-10007,2024-04-14,Busan,Antwerp,Air,Textiles,13059.55,423.93,3.32,5.7,Fog,0.558,1.25,1,Medium
SC-10008,2025-11-23,Dubai,Marseille,Air,Textiles,9216.17,91.73,3.72,5.0,Clear,0.855,0.62,1,Medium
SC-10009,2025-07-12,Los Angeles,Singapore,Rail,Electronics,10767.05,215.74,3.71,2.0,Storm,0.615,25.17,1,Medium
SC-10010,2024-03-30,Dubai,Rotterdam,Rail,Perishables,798.48,83.58,4.12,0.7,Rain,0.707,0.5,0,High
SC-10011,2025-08-27,Hamburg,Los Angeles,Air,Automotive,14563.69,353.6,3.61,1.7,Fog,0.516,1.33,1,Medium
SC-10012,2025-03-08,Singapore,Busan,Rail,Perishables,12570.42,268.14,4.26,9.8,Fog,0.568,19.6,1,High
SC-10013,2024-02-02,Los Angeles,Hamburg,Road,Pharmaceuticals,3578.92,318.03,2.3,4.7,Storm,0.66,7.58,1,Medium
SC-10014,2024-01-31,Antwerp,Shanghai,Rail,Textiles,3136.46,99.05,2.86,8.7,Storm,0.671,9.4,1,Medium
SC-10015,2024-04-05,Antwerp,Marseille,Rail,Perishables,3159.37,106.66,1.25,8.5,Hurricane,0.95,25.5,1,Low
SC-10016,2024-08-11,Los Angeles,Busan,Road,Perishables,4911.51,21.71,1.22,5.1,Clear,0.871,3.76,0,Low
SC-10017,2024-08-26,Shanghai,Busan,Air,Textiles,8108.97,161.71,1.99,7.1,Storm,0.986,1.83,1,Low
SC-10018,2025-06-01,Busan,Rotterdam,Air,Automotive,6763.2,280.31,1.53,1.9,Fog,0.8,0.5,0,Low
SC-10019,2025-09-08,Busan,Dubai,Rail,Electronics,4722.82,429.11,2.06,6.9,Fog,0.621,7.6,0,Medium
SC-10020,2024-01-28,Busan,Antwerp,Air,Perishables,9371.87,333.8,1.78,2.7,Rain,0.664,0.5,0,Low
SC-10021,2025-07-28,Shanghai,Antwerp,Rail,Textiles,2522.66,218.26,1.29,8.3,Storm,0.66,6.61,1,Low
SC-10022,2024-07-22,Busan,Rotterdam,Rail,Textiles,4736.1,476.61,4.2,0.8,Rain,0.663,4.54,1,High
SC-10023,2025-10-27,Busan,Shanghai,Air,Perishables,5812.25,359.9,1.23,7.7,Hurricane,0.836,3.3,1,Low
SC-10024,2025-12-19,Dubai,Shanghai,Road,Perishables,7113.01,465.15,3.63,1.0,Clear,0.765,4.29,0,Medium
SC-10025,2025-07-12,Shanghai,Singapore,Air,Electronics,11885.05,264.27,1.7,8.8,Hurricane,0.693,6.86,1,Low
SC-10026,2025-03-05,Busan,Rotterdam,Sea,Textiles,3395.27,130.19,4.21,3.0,Fog,0.575,9.09,0,High
SC-10027,2024-08-13,Singapore,Rotterdam,Rail,Electronics,7956.4,27.36,4.15,6.5,Fog,0.511,11.18,0,High
SC-10028,2025-04-04,Shanghai,Dubai,Air,Textiles,9090.01,363.32,3.36,4.9,Storm,0.609,2.04,1,Medium
SC-10029,2025-08-26,Antwerp,Singapore,Air,Textiles,1173.53,61.53,3.42,3.7,Clear,0.554,0.5,0,Medium
SC-10030,2024-10-11,Antwerp,Los Angeles,Rail,Perishables,9309.4,152.08,1.22,6.5,Storm,0.893,25.79,0,Low
SC-10031,2024-01-07,Singapore,Marseille,Air,Automotive,2972.6,266.7,4.45,9.5,Fog,0.556,1.04,1,High
SC-10032,2024-06-12,Singapore,Dubai,Road,Perishables,1443.25,282.64,4.1,0.4,Storm,0.862,2.5,1,High
SC-10033,2025-12-15,Shanghai,Antwerp,Rail,Automotive,14258.84,300.69,4.15,9.2,Rain,0.693,16.61,1,High
SC-10034,2025-03-08,Hamburg,Singapore,Air,Textiles,14501.66,83.96,3.38,6.1,Rain,0.537,1.62,0,Medium
SC-10035,2024-12-14,Los Angeles,Antwerp,Road,Automotive,12221.76,190.49,2.34,8.1,Fog,0.906,15.57,0,Medium
SC-10036,2024-10-11,Busan,Marseille,Road,Textiles,4916.9,308.98,4.15,3.8,Hurricane,0.79,27.96,1,High
SC-10037,2024-06-08,Dubai,Hamburg,Rail,Textiles,1916.25,484.94,2.16,4.7,Storm,0.618,5.17,1,Medium
SC-10038,2024-08-08,Dubai,Hamburg,Road,Automotive,10421.38,364.09,3.06,8.7,Rain,0.947,10.49,1,Medium
SC-10039,2024-12-10,Singapore,Busan,Rail,Perishables,6882.21,461.38,1.53,4.1,Storm,0.523,17.32,1,Low
SC-10040,2024-04-14,Los Angeles,Shanghai,Air,Automotive,2269.55,381.34,4.24,5.3,Fog,0.601,0.5,1,High
SC-10041,2024-04-04,Busan,Antwerp,Rail,Electronics,7680.07,296.27,1.66,0.2,Storm,0.876,15.87,1,Low
SC-10042,2025-01-24,Dubai,Los Angeles,Sea,Textiles,998.63,96.82,1.94,1.6,Fog,0.855,2.84,0,Low
SC-10043,2024-04-09,Busan,Rotterdam,Rail,Pharmaceuticals,13685.15,333.68,3.04,6.4,Fog,0.645,18.12,0,Medium
SC-10044,2025-01-02,Dubai,Rotterdam,Sea,Textiles,4252.31,312.07,3.72,7.2,Storm,0.531,25.25,1,Medium
SC-10045,2024-12-18,Busan,Los Angeles,Road,Textiles,10106.57,301.63,3.24,5.8,Rain,0.929,9.76,1,Medium
SC-10046,2025-09-10,Shanghai,Hamburg,Road,Automotive,5019.81,245.4,1.97,1.4,Storm,0.657,8.72,1,Low
SC-10047,2024-09-27,Shanghai,Marseille,Sea,Electronics,8040.99,264.8,1.2,4.5,Rain,0.598,16.27,1,Low
SC-10048,2024-02-14,Los Angeles,Hamburg,Sea,Perishables,8427.3,167.89,3.7,3.6,Hurricane,0.758,110.18,1,Medium
SC-10049,2025-04-15,Singapore,Los Angeles,Air,Perishables,3180.39,260.14,4.45,5.0,Hurricane,0.955,1.85,1,High
SC-10050,2025-07-03,Dubai,Antwerp,Rail,Pharmaceuticals,14558.98,99.58,3.87,8.7,Fog,0.522,21.27,0,Medium
SC-10051,2024-05-07,Dubai,Los Angeles,Road,Automotive,11739.43,402.78,2.72,7.8,Rain,0.883,11.65,0,Medium
SC-10052,2025-01-22,Hamburg,Busan,Road,Perishables,14122.73,93.7,4.18,0.8,Hurricane,0.786,70.01,1,High
SC-10053,2024-03-21,Dubai,Shanghai,Rail,Textiles,13475.0,43.4,2.55,8.9,Hurricane,0.713,107.82,1,Medium
SC-10054,2025-07-19,Shanghai,Rotterdam,Road,Automotive,9169.55,218.69,2.93,4.7,Storm,0.872,19.8,1,Medium
SC-10055,2024-10-27,Singapore,Los Angeles,Air,Pharmaceuticals,13867.18,329.5,2.77,7.4,Rain,0.983,1.65,1,Medium
SC-10056,2025-10-05,Rotterdam,Marseille,Rail,Perishables,1783.14,219.42,2.68,1.4,Rain,0.615,0.74,0,Medium
SC-10057,2025-09-25,Busan,Los Angeles,Sea,Textiles,3341.75,139.1,3.76,6.7,Storm,0.572,18.83,0,Medium
SC-10058,2025-01-05,Rotterdam,Shanghai,Road,Textiles,1155.8,279.53,2.94,2.4,Rain,0.956,1.32,0,Medium
SC-10059,2025-08-14,Antwerp,Rotterdam,Road,Textiles,5217.29,174.15,2.25,4.4,Fog,0.834,5.57,0,Medium
SC-10060,2024-07-15,Shanghai,Antwerp,Sea,Electronics,6135.82,466.5,2.05,0.2,Fog,0.719,12.92,0,Medium
SC-10061,2025-12-22,Hamburg,Singapore,Road,Perishables,4434.56,461.4,1.32,1.5,Hurricane,0.787,23.3,1,Low
SC-10062,2024-03-12,Los Angeles,Hamburg,Road,Automotive,12516.69,251.68,3.12,0.9,Rain,0.873,9.0,0,Medium
SC-10063,2024-02-16,Los Angeles,Marseille,Road,Textiles,5672.92,164.61,1.96,2.4,Storm,0.887,11.04,0,Low
SC-10064,2025-11-08,Shanghai,Rotterdam,Rail,Textiles,4573.55,368.83,1.69,1.0,Clear,0.96,3.09,0,Low
SC-10065,2024-08-21,Antwerp,Marseille,Sea,Electronics,8369.09,19.32,3.36,6.9,Storm,0.713,47.52,1,Medium
SC-10066,2024-10-23,Los Angeles,Singapore,Air,Automotive,2543.4,237.91,3.45,0.3,Fog,0.647,0.85,0,Medium
SC-10067,2024-03-22,Busan,Los Angeles,Air,Automotive,12131.86,168.83,3.68,6.2,Clear,0.82,0.5,0,Medium
SC-10068,2024-08-26,Los Angeles,Shanghai,Sea,Automotive,1580.98,460.35,2.86,1.4,Rain,0.708,3.32,1,Medium
SC-10069,2024-04-13,Dubai,Singapore,Rail,Electronics,14809.86,6.99,4.15,9.5,Fog,0.797,23.13,0,High
SC-10070,2025-01-24,Shanghai,Antwerp,Sea,Textiles,11697.55,276.85,4.29,9.3,Fog,0.71,36.52,1,High
SC-10071,2024-10-11,Antwerp,Marseille,Sea,Pharmaceuticals,3381.38,370.59,3.86,2.3,Rain,0.576,6.46,0,Medium
SC-10072,2025-04-09,Singapore,Hamburg,Sea,Textiles,580.07,243.02,3.3,6.1,Hurricane,0.735,8.4,1,Medium
SC-10073,2025-10-12,Shanghai,Los Angeles,Rail,Perishables,12324.19,43.62,2.2,0.3,Rain,0.845,10.99,0,Medium
SC-10074,2025-01-08,Busan,Los Angeles,Sea,Electronics,10749.43,486.26,4.44,9.3,Storm,0.9,66.01,1,High
SC-10075,2024-06-15,Busan,Dubai,Rail,Automotive,11070.6,259.49,2.1,5.2,Storm,0.747,30.22,1,Medium
SC-10076,2025-01-14,Rotterdam,Antwerp,Air,Pharmaceuticals,11683.42,307.48,1.87,0.4,Rain,0.583,1.23,0,Low
SC-10077,2024-12-29,Busan,Marseille,Sea,Electronics,1573.65,119.07,2.66,3.4,Storm,0.707,7.76,1,Medium
SC-10078,2024-08-02,Singapore,Marseille,Road,Electronics,5697.75,242.27,1.39,0.8,Fog,0.893,4.7,0,Low
SC-10079,2025-11-17,Singapore,Antwerp,Air,Pharmaceuticals,2180.1,215.15,4.43,3.9,Hurricane,0.706,0.8,1,High
SC-10080,2024-09-30,Antwerp,Singapore,Sea,Perishables,13015.0,38.37,3.14,6.7,Storm,0.848,71.68,1,Medium
SC-10081,2025-12-19,Busan,Hamburg,Sea,Pharmaceuticals,9537.82,53.97,3.04,4.7,Hurricane,0.754,130.77,1,Medium
SC-10082,2025-11-30,Rotterdam,Shanghai,Sea,Perishables,5298.02,418.9,3.36,3.8,Fog,0.621,13.62,1,Medium
SC-10083,2025-10-25,Rotterdam,Hamburg,Sea,Electronics,1421.6,120.67,2.84,1.2,Rain,0.898,2.51,0,Medium
SC-10084,2024-03-14,Rotterdam,Dubai,Rail,Perishables,5009.24,98.28,1.31,2.4,Hurricane,0.542,31.75,1,Low
SC-10085,2025-09-15,Shanghai,Hamburg,Rail,Perishables,5215.16,252.95,3.22,1.0,Clear,0.762,3.97,1,Medium
SC-10086,2025-10-12,Antwerp,Dubai,Rail,Automotive,11079.29,384.6,3.56,8.1,Fog,0.604,16.0,0,Medium
SC-10087,2024-06-24,Dubai,Antwerp,Road,Textiles,9744.58,31.91,2.58,1.4,Clear,0.534,6.24,0,Medium
SC-10088,2025-06-30,Antwerp,Los Angeles,Air,Textiles,13364.58,288.83,3.7,6.0,Fog,0.751,1.59,1,Medium
SC-10089,2024-09-07,Antwerp,Dubai,Air,Electronics,7347.12,60.49,1.95,3.4,Hurricane,0.75,3.66,1,Low
SC-10090,2024-06-16,Los Angeles,Singapore,Air,Electronics,2234.12,19.19,1.93,2.3,Rain,0.853,0.5,1,Low
SC-10091,2025-04-18,Hamburg,Rotterdam,Rail,Textiles,10842.05,27.32,1.73,6.4,Storm,0.872,29.43,1,Low
SC-10092,2025-01-23,Antwerp,Singapore,Rail,Pharmaceuticals,11531.38,417.25,2.43,4.6,Hurricane,0.864,78.49,1,Medium
SC-10093,2024-10-03,Dubai,Singapore,Air,Automotive,8638.52,59.87,4.0,4.0,Fog,0.705,1.94,1,Medium
SC-10094,2025-10-17,Hamburg,Singapore,Air,Textiles,11679.02,23.53,3.93,5.9,Hurricane,0.816,6.92,1,Medium
SC-10095,2025-12-05,Busan,Dubai,Sea,Automotive,7660.04,219.51,2.46,4.9,Rain,0.788,15.17,1,Medium
SC-10096,2025-07-24,Rotterdam,Los Angeles,Rail,Automotive,8079.63,422.15,3.14,3.0,Hurricane,0.711,50.51,1,Medium
SC-10097,2024-08-12,Rotterdam,Hamburg,Air,Textiles,6699.34,131.94,3.58,5.6,Hurricane,0.799,3.61,1,Medium
SC-10098,2025-12-02,Antwerp,Busan,Air,Electronics,868.58,211.43,2.0,6.7,Hurricane,0.974,0.93,1,Low
SC-10099,2024-11-28,Hamburg,Marseille,Road,Pharmaceuticals,2064.43,20.92,1.75,0.3,Clear,0.596,0.99,0,Low
SC-10100,2024-02-27,Dubai,Shanghai,Air,Electronics,955.72,225.09,4.41,4.7,Fog,0.953,0.6,0,High
SC-10101,2024-08-22,Los Angeles,Antwerp,Sea,Textiles,9727.95,289.23,3.24,0.6,Clear,0.527,13.93,1,Medium
SC-10102,2024-02-02,Los Angeles,Rotterdam,Air,Textiles,5058.16,285.88,4.44,1.9,Storm,0.654,0.78,0,High
SC-10103,2024-11-19,Los Angeles,Hamburg,Sea,Textiles,7874.28,166.88,2.31,5.6,Rain,0.644,17.18,0,Medium
SC-10104,2025-02-14,Hamburg,Busan,Rail,Textiles,13659.71,158.45,3.52,8.7,Hurricane,0.813,108.49,1,Medium
SC-10105,2024-10-01,Dubai,Marseille,Road,Pharmaceuticals,4114.74,54.21,1.93,8.8,Clear,0.566,3.39,1,Low
SC-10106,2024-03-08,Rotterdam,Dubai,Sea,Electronics,6450.55,184.03,2.06,0.7,Clear,0.941,9.61,0,Medium
SC-10107,2024-08-04,Rotterdam,Hamburg,Sea,Automotive,11455.49,50.65,2.89,4.2,Fog,0.914,28.85,0,Medium
SC-10108,2025-08-03,Dubai,Shanghai,Air,Perishables,3817.57,383.53,2.25,5.8,Hurricane,0.826,3.01,1,Medium
SC-10109,2024-11-18,Shanghai,Marseille,Road,Automotive,1616.21,483.17,1.75,1.5,Rain,0.729,1.59,0,Low
SC-10110,2024-08-05,Dubai,Singapore,Air,Textiles,4701.4,485.07,2.07,7.7,Fog,0.966,0.82,1,Medium
SC-10111,2025-11-02,Busan,Rotterdam,Air,Textiles,2837.71,432.67,1.32,7.4,Clear,0.915,0.5,1,Low
SC-10112,2025-05-26,Antwerp,Dubai,Road,Pharmaceuticals,13980.62,300.8,3.52,9.0,Clear,0.75,12.52,1,Medium
SC-10113,2025-02-09,Hamburg,Dubai,Air,Textiles,12217.75,350.73,2.82,0.1,Rain,0.851,0.61,0,Medium
SC-10114,2025-10-20,Antwerp,Dubai,Air,Textiles,9684.35,143.32,1.51,2.2,Clear,0.783,0.7,0,Low
SC-10115,2025-04-14,Singapore,Dubai,Air,Perishables,13136.18,315.75,1.77,8.3,Fog,0.794,0.99,1,Low
SC-10116,2024-05-26,Shanghai,Los Angeles,Rail,Automotive,12153.25,228.37,1.54,6.7,Rain,0.665,14.04,1,Low
SC-10117,2024-09-28,Singapore,Hamburg,Sea,Electronics,3205.27,241.53,3.22,8.9,Fog,0.731,9.81,1,Medium
SC-10118,2024-05-22,Antwerp,Los Angeles,Sea,Textiles,13442.11,379.13,1.51,0.6,Rain,0.539,24.04,0,Low
SC-10119,2024-09-09,Rotterdam,Antwerp,Air,Automotive,8320.46,141.68,3.69,6.0,Fog,0.679,2.04,1,Medium
SC-10120,2025-07-28,Singapore,Shanghai,Rail,Perishables,12207.88,159.7,1.27,5.7,Clear,0.848,11.27,0,Low
SC-10121,2025-07-05,Singapore,Shanghai,Road,Pharmaceuticals,13493.32,462.4,2.02,0.4,Fog,0.977,12.3,0,Medium
SC-10122,2024-09-26,Los Angeles,Rotterdam,Road,Electronics,5111.05,29.06,4.14,5.1,Rain,0.982,4.12,1,High
SC-10123,2025-08-21,Hamburg,Shanghai,Road,Pharmaceuticals,2095.75,243.33,3.57,6.1,Clear,0.778,2.08,1,Medium
SC-10124,2025-03-14,Rotterdam,Singapore,Air,Perishables,3805.06,456.49,1.44,1.9,Clear,0.803,0.5,0,Low
SC-10125,2025-08-20,Hamburg,Los Angeles,Air,Automotive,6693.06,305.57,3.91,2.7,Storm,0.593,1.46,1,Medium
SC-10126,2025-02-12,Hamburg,Los Angeles,Sea,Electronics,12361.21,273.66,2.83,6.4,Hurricane,0.848,182.19,1,Medium
SC-10127,2025-01-05,Rotterdam,Busan,Sea,Electronics,12980.59,125.62,3.99,4.7,Hurricane,0.535,177.59,1,Medium
SC-10128,2024-08-12,Singapore,Shanghai,Road,Electronics,600.81,172.29,3.18,8.6,Fog,0.642,0.5,0,Medium
SC-10129,2024-05-21,Hamburg,Shanghai,Road,Pharmaceuticals,7905.84,426.17,3.45,3.4,Fog,0.834,8.15,1,Medium
SC-10130,2025-06-05,Los Angeles,Dubai,Road,Electronics,6552.46,280.05,4.48,2.7,Hurricane,0.655,35.77,1,High
SC-10131,2025-05-20,Singapore,Hamburg,Air,Automotive,3720.56,257.86,1.97,9.8,Clear,0.525,0.57,0,Low
SC-10132,2024-04-03,Dubai,Busan,Road,Perishables,2238.05,50.69,3.26,9.1,Hurricane,0.916,15.06,1,Medium
SC-10133,2024-02-18,Busan,Los Angeles,Road,Perishables,5395.42,9.0,2.72,0.3,Rain,0.655,4.29,0,Medium
SC-10134,2024-04-22,Shanghai,Rotterdam,Sea,Electronics,14172.19,481.88,1.33,7.7,Fog,0.532,40.3,1,Low
SC-10135,2024-06-05,Los Angeles,Singapore,Rail,Textiles,5186.44,189.12,1.25,1.1,Storm,0.537,10.98,1,Low
SC-10136,2025-10-04,Antwerp,Rotterdam,Air,Textiles,8022.46,302.0,1.59,0.3,Hurricane,0.626,3.33,1,Low
SC-10137,2024-06-12,Los Angeles,Marseille,Road,Automotive,10693.77,40.78,3.34,2.7,Rain,0.589,8.41,0,Medium
SC-10138,2025-11-27,Hamburg,Antwerp,Road,Pharmaceuticals,5772.63,341.87,3.07,2.7,Clear,0.887,4.34,1,Medium
SC-10139,2025-03-08,Singapore,Hamburg,Rail,Electronics,14590.84,466.35,3.03,8.2,Rain,0.661,17.28,0,Medium
SC-10140,2025-09-02,Antwerp,Dubai,Rail,Automotive,14455.49,288.26,1.31,7.1,Clear,0.902,14.49,1,Low
SC-10141,2024-03-06,Antwerp,Dubai,Sea,Perishables,4150.84,63.93,2.75,9.8,Storm,0.587,25.66,1,Medium
SC-10142,2025-01-29,Antwerp,Busan,Road,Automotive,7710.1,291.28,4.25,7.1,Fog,0.746,9.27,0,High
SC-10143,2025-01-25,Dubai,Shanghai,Road,Electronics,4862.74,383.41,2.51,4.2,Rain,0.844,4.8,0,Medium
SC-10144,2025-09-02,Singapore,Antwerp,Road,Textiles,4630.19,203.8,3.26,7.0,Hurricane,0.826,29.71,1,Medium
SC-10145,2025-04-24,Singapore,Shanghai,Air,Automotive,1034.86,440.04,3.77,10.0,Storm,0.801,0.99,1,Medium
SC-10146,2025-06-25,Hamburg,Busan,Rail,Textiles,9338.68,324.69,3.79,7.1,Fog,0.962,13.45,0,Medium
SC-10147,2024-09-14,Los Angeles,Antwerp,Air,Pharmaceuticals,7788.85,449.73,2.91,7.6,Fog,0.614,0.5,1,Medium
SC-10148,2025-07-20,Busan,Singapore,Sea,Perishables,1246.44,312.13,4.03,9.4,Rain,0.747,3.64,0,High
SC-10149,2024-01-12,Los Angeles,Rotterdam,Road,Textiles,4540.37,66.51,2.49,1.1,Storm,0.942,9.02,0,Medium
SC-10150,2025-11-27,Dubai,Hamburg,Air,Automotive,13669.86,155.54,4.13,7.0,Storm,0.539,3.36,0,High
SC-10151,2024-04-27,Los Angeles,Rotterdam,Road,Perishables,3973.65,101.7,1.99,8.5,Rain,0.528,3.09,1,Low
SC-10152,2025-11-29,Los Angeles,Hamburg,Air,Perishables,2600.98,454.5,2.12,9.5,Hurricane,0.617,1.27,1,Medium
SC-10153,2025-07-03,Hamburg,Singapore,Air,Textiles,7597.07,380.44,1.38,2.1,Rain,0.817,0.5,1,Low
SC-10154,2024-09-30,Busan,Singapore,Rail,Electronics,14791.93,338.52,3.83,5.0,Fog,0.63,18.87,1,Medium
SC-10155,2025-10-18,Rotterdam,Los Angeles,Rail,Textiles,4009.8,151.18,2.58,6.8,Storm,0.595,12.07,1,Medium
SC-10156,2024-12-14,Shanghai,Antwerp,Road,Perishables,10245.97,92.84,1.96,2.5,Storm,0.729,20.55,1,Low
SC-10157,2024-04-24,Rotterdam,Busan,Rail,Electronics,11543.48,378.47,1.96,6.0,Fog,0.807,15.62,0,Low
SC-10158,2024-10-27,Rotterdam,Shanghai,Air,Electronics,3945.74,237.6,4.17,2.6,Rain,0.624,0.55,1,High
SC-10159,2025-03-21,Shanghai,Rotterdam,Rail,Textiles,11059.14,113.67,3.95,3.3,Rain,0.65,11.04,0,Medium
SC-10160,2024-06-10,Antwerp,Busan,Air,Perishables,5832.86,308.69,3.03,4.4,Hurricane,0.807,1.3,1,Medium
SC-10161,2025-04-09,Singapore,Antwerp,Road,Pharmaceuticals,9668.43,21.13,3.23,5.3,Clear,0.973,6.95,0,Medium
SC-10162,2024-01-04,Antwerp,Marseille,Road,Perishables,9686.18,163.76,2.77,4.5,Fog,0.837,9.89,0,Medium
SC-10163,2024-09-26,Hamburg,Antwerp,Sea,Electronics,8268.73,234.81,2.49,4.9,Rain,0.891,17.38,0,Medium
SC-10164,2025-05-27,Hamburg,Marseille,Air,Electronics,1809.2,74.83,4.22,3.0,Hurricane,0.683,0.72,1,High
SC-10165,2024-07-01,Rotterdam,Los Angeles,Sea,Electronics,12611.89,492.34,1.61,1.6,Hurricane,0.636,151.28,1,Low
SC-10166,2025-06-03,Rotterdam,Marseille,Road,Pharmaceuticals,5151.31,105.34,2.58,0.5,Storm,0.727,8.38,0,Medium
SC-10167,2024-04-18,Hamburg,Singapore,Sea,Perishables,3204.52,66.05,2.34,2.0,Clear,0.904,4.73,0,Medium
SC-10168,2025-10-02,Singapore,Rotterdam,Road,Automotive,1091.24,102.56,2.84,5.8,Rain,0.728,1.56,0,Medium
SC-10169,2024-11-01,Dubai,Los Angeles,Rail,Electronics,9067.95,384.76,2.71,7.9,Fog,0.923,13.86,0,Medium
SC-10170,2025-10-16,Busan,Singapore,Rail,Electronics,10324.68,213.33,2.91,1.7,Hurricane,0.994,62.57,1,Medium
SC-10171,2025-06-03,Rotterdam,Busan,Road,Pharmaceuticals,740.52,283.14,1.66,1.1,Storm,0.536,0.73,1,Low
SC-10172,2025-09-15,Singapore,Hamburg,Sea,Automotive,7925.35,11.48,2.89,7.5,Hurricane,0.523,121.68,1,Medium
SC-10173,2024-07-22,Rotterdam,Hamburg,Road,Automotive,3784.19,18.18,2.0,3.1,Clear,0.575,2.96,1,Low
SC-10174,2024-06-05,Dubai,Los Angeles,Road,Automotive,9855.01,223.47,1.81,9.5,Clear,0.692,8.6,1,Low
SC-10175,2025-01-17,Singapore,Hamburg,Road,Automotive,3028.31,408.51,1.41,7.1,Rain,0.566,1.92,0,Low
SC-10176,2024-06-14,Hamburg,Marseille,Road,Pharmaceuticals,10518.6,442.73,3.72,3.3,Fog,0.935,11.4,0,Medium
SC-10177,2025-07-06,Busan,Shanghai,Sea,Textiles,6107.66,44.27,2.61,2.9,Fog,0.512,14.27,1,Medium
SC-10178,2025-06-27,Dubai,Rotterdam,Road,Textiles,14082.58,269.64,3.27,5.2,Storm,0.658,31.91,1,Medium
SC-10179,2024-01-01,Shanghai,Los Angeles,Rail,Electronics,2494.05,456.7,3.6,0.8,Hurricane,0.592,14.44,1,Medium
SC-10180,2025-09-05,Dubai,Singapore,Rail,Perishables,5445.46,194.6,3.44,1.2,Fog,0.966,6.78,0,Medium
SC-10181,2024-11-27,Los Angeles,Marseille,Air,Perishables,2145.37,414.95,2.75,1.8,Clear,0.835,0.5,1,Medium
SC-10182,2025-05-15,Rotterdam,Hamburg,Rail,Automotive,13908.06,67.71,2.48,7.7,Hurricane,0.956,107.19,1,Medium
SC-10183,2024-01-20,Shanghai,Singapore,Rail,Automotive,13221.42,467.76,2.44,5.1,Fog,0.986,18.1,0,Medium
SC-10184,2024-04-24,Rotterdam,Marseille,Rail,Perishables,4240.15,375.96,3.31,0.1,Fog,0.749,4.11,0,Medium
SC-10185,2025-01-06,Antwerp,Hamburg,Road,Textiles,10069.77,470.73,2.83,6.7,Clear,0.617,8.42,1,Medium
SC-10186,2024-11-10,Antwerp,Rotterdam,Air,Perishables,12349.72,338.63,4.0,4.2,Fog,0.597,1.07,0,Medium
SC-10187,2024-09-02,Shanghai,Hamburg,Air,Automotive,8550.41,182.34,4.09,5.1,Hurricane,0.611,3.97,1,High
SC-10188,2024-02-29,Dubai,Singapore,Air,Pharmaceuticals,8179.93,469.15,1.76,2.1,Rain,0.854,0.57,0,Low
SC-10189,2024-09-03,Los Angeles,Marseille,Air,Automotive,4006.86,138.51,1.65,5.5,Rain,0.52,0.67,0,Low
SC-10190,2025-08-03,Los Angeles,Marseille,Sea,Electronics,1849.99,166.75,3.28,9.8,Storm,0.526,12.16,1,Medium
SC-10191,2024-03-21,Dubai,Shanghai,Road,Perishables,13509.63,350.7,2.19,0.7,Rain,0.804,10.74,0,Medium
SC-10192,2024-03-28,Dubai,Singapore,Rail,Pharmaceuticals,13556.06,382.89,1.26,2.8,Hurricane,0.821,85.86,1,Low
SC-10193,2025-05-12,Dubai,Marseille,Sea,Pharmaceuticals,9679.97,464.77,4.13,2.4,Clear,0.833,14.58,0,High
SC-10194,2024-03-11,Hamburg,Dubai,Air,Electronics,5415.93,103.2,1.95,2.5,Clear,0.686,0.5,1,Low
SC-10195,2025-06-29,Los Angeles,Dubai,Sea,Automotive,5563.54,399.2,4.27,3.8,Clear,0.903,8.6,0,High
SC-10196,2024-05-08,Busan,Shanghai,Air,Automotive,11026.36,369.53,3.57,8.2,Fog,0.767,1.11,1,Medium
SC-10197,2024-05-11,Singapore,Hamburg,Sea,Textiles,13508.1,32.83,3.72,9.1,Clear,0.553,27.15,1,Medium
SC-10198,2025-11-06,Shanghai,Rotterdam,Sea,Textiles,13362.75,194.22,1.86,2.0,Rain,0.899,24.89,0,Low
SC-10199,2025-05-01,Dubai,Antwerp,Rail,Perishables,11808.2,142.1,1.97,5.4,Storm,0.977,30.18,1,Low
SC-10200,2025-07-16,Busan,Hamburg,Sea,Perishables,9809.46,152.94,2.92,6.4,Hurricane,0.53,143.34,1,Medium
SC-10201,2024-06-18,Los Angeles,Dubai,Rail,Pharmaceuticals,1720.03,491.49,1.77,5.2,Clear,0.696,1.14,1,Low
SC-10202,2024-09-28,Los Angeles,Singapore,Road,Automotive,2843.62,321.75,2.21,4.3,Clear,0.744,2.65,0,Medium
SC-10203,2025-06-24,Singapore,Marseille,Air,Perishables,13529.04,359.12,2.26,1.9,Fog,0.573,0.6,1,Medium
SC-10204,2025-09-13,Dubai,Marseille,Rail,Pharmaceuticals,9293.22,488.33,1.73,4.9,Rain,0.934,9.75,0,Low
SC-10205,2025-03-09,Antwerp,Los Angeles,Air,Pharmaceuticals,633.36,189.22,1.88,4.0,Hurricane,0.642,0.5,1,Low
SC-10206,2024-08-04,Shanghai,Hamburg,Road,Pharmaceuticals,1971.34,401.12,3.8,8.0,Hurricane,0.892,13.64,1,Medium
SC-10207,2025-07-06,Antwerp,Rotterdam,Rail,Electronics,10120.78,217.83,1.75,7.6,Storm,0.835,29.43,1,Low
SC-10208,2025-12-07,Hamburg,Marseille,Air,Textiles,573.39,434.9,1.29,1.3,Hurricane,0.799,0.5,1,Low
SC-10209,2024-07-24,Hamburg,Singapore,Air,Electronics,2831.72,91.15,3.28,0.9,Clear,0.596,0.5,1,Medium
SC-10210,2025-12-31,Singapore,Shanghai,Road,Automotive,8456.64,473.9,4.42,9.1,Clear,0.61,6.39,1,High
SC-10211,2024-11-15,Dubai,Antwerp,Rail,Pharmaceuticals,10532.48,110.17,2.29,5.4,Rain,0.524,11.25,1,Medium
SC-10212,2025-02-12,Busan,Hamburg,Air,Pharmaceuticals,9953.44,163.78,1.59,8.6,Rain,0.62,1.15,1,Low
SC-10213,2025-11-18,Busan,Los Angeles,Sea,Automotive,3751.9,378.34,3.08,0.6,Rain,0.673,5.65,0,Medium
SC-10214,2025-10-27,Singapore,Busan,Air,Perishables,10826.6,197.48,4.19,5.3,Storm,0.917,1.52,1,High
SC-10215,2025-01-17,Hamburg,Los Angeles,Sea,Electronics,3940.11,304.5,3.79,5.4,Storm,0.683,20.97,0,Medium
SC-10216,2025-03-24,Los Angeles,Dubai,Sea,Automotive,5218.3,222.84,3.25,8.6,Rain,0.877,12.61,1,Medium
SC-10217,2025-06-13,Dubai,Hamburg,Air,Perishables,11324.13,371.44,2.24,1.0,Fog,0.72,0.5,0,Medium
SC-10218,2025-04-07,Shanghai,Los Angeles,Rail,Automotive,9919.68,114.94,2.99,2.4,Fog,0.892,11.29,1,Medium
SC-10219,2024-05-03,Shanghai,Antwerp,Road,Perishables,12813.74,30.17,1.5,4.1,Fog,0.988,12.85,0,Low
SC-10220,2024-09-10,Rotterdam,Marseille,Road,Perishables,10035.39,150.66,3.44,8.7,Rain,0.62,10.96,0,Medium
SC-10221,2024-08-18,Singapore,Busan,Air,Automotive,8740.47,237.68,3.59,9.4,Storm,0.931,1.36,1,Medium
SC-10222,2024-03-06,Shanghai,Los Angeles,Air,Textiles,1858.28,84.84,4.38,9.9,Hurricane,0.811,1.43,1,High
SC-10223,2024-12-12,Los Angeles,Antwerp,Sea,Automotive,5831.88,178.04,2.06,9.6,Clear,0.909,11.97,0,Medium
SC-10224,2024-01-22,Los Angeles,Dubai,Air,Automotive,4345.43,200.59,1.26,0.1,Storm,0.826,1.33,0,Low
SC-10225,2025-08-25,Antwerp,Rotterdam,Sea,Automotive,4037.85,29.64,3.0,0.5,Clear,0.712,5.35,0,Medium
SC-10226,2025-07-21,Shanghai,Busan,Sea,Textiles,14608.65,292.07,3.53,1.5,Hurricane,0.614,174.33,1,Medium
SC-10227,2024-08-23,Los Angeles,Shanghai,Sea,Pharmaceuticals,6199.92,442.29,3.81,3.5,Hurricane,0.535,80.05,1,Medium
SC-10228,2025-08-25,Antwerp,Busan,Rail,Textiles,13434.68,76.72,1.84,8.3,Storm,0.768,38.63,1,Low
SC-10229,2024-08-13,Shanghai,Rotterdam,Air,Perishables,9651.51,299.31,2.06,8.9,Clear,0.995,1.03,0,Medium
SC-10230,2024-01-08,Rotterdam,Busan,Sea,Automotive,12024.76,332.7,2.89,1.9,Clear,0.869,17.37,0,Medium
SC-10231,2024-03-13,Singapore,Rotterdam,Road,Pharmaceuticals,7788.24,210.25,2.29,6.2,Clear,0.664,5.96,1,Medium
SC-10232,2025-12-25,Busan,Rotterdam,Rail,Electronics,8865.11,350.85,4.04,9.2,Fog,0.914,13.98,0,High
SC-10233,2025-10-08,Dubai,Los Angeles,Air,Pharmaceuticals,7641.51,205.96,2.76,4.6,Fog,0.884,1.11,0,Medium
SC-10234,2024-03-01,Singapore,Busan,Air,Textiles,3331.02,252.81,3.84,1.0,Hurricane,0.641,1.13,1,Medium
SC-10235,2024-08-22,Shanghai,Rotterdam,Air,Pharmaceuticals,10975.56,4.67,3.12,4.6,Rain,0.507,0.5,1,Medium
SC-10236,2024-03-10,Shanghai,Hamburg,Air,Automotive,4571.2,346.17,3.75,3.8,Clear,0.559,0.54,0,Medium
SC-10237,2024-02-02,Singapore,Marseille,Sea,Electronics,852.58,331.01,2.3,5.8,Clear,0.939,2.2,0,Medium
SC-10238,2024-12-04,Rotterdam,Hamburg,Rail,Perishables,9859.35,20.16,3.94,4.4,Storm,0.918,24.71,1,Medium
SC-10239,2024-03-13,Hamburg,Rotterdam,Air,Electronics,3068.1,184.76,2.11,0.2,Hurricane,0.648,0.89,1,Medium
SC-10240,2025-06-10,Shanghai,Rotterdam,Rail,Pharmaceuticals,14136.65,489.54,3.0,9.9,Clear,0.643,14.43,1,Medium
SC-10241,2024-08-31,Los Angeles,Antwerp,Sea,Automotive,14331.96,210.95,1.91,5.4,Clear,0.896,25.6,0,Low
SC-10242,2024-10-12,Hamburg,Los Angeles,Sea,Automotive,13765.53,251.47,2.77,4.7,Fog,0.969,36.08,0,Medium
SC-10243,2025-11-16,Antwerp,Shanghai,Road,Automotive,5867.3,455.06,2.25,9.5,Clear,0.89,4.54,1,Medium
SC-10244,2025-05-12,Antwerp,Rotterdam,Air,Pharmaceuticals,724.12,358.91,2.08,1.6,Storm,0.803,0.5,1,Medium
SC-10245,2024-08-07,Busan,Shanghai,Air,Electronics,13960.62,291.45,4.39,1.9,Hurricane,0.621,7.54,1,High
SC-10246,2025-07-06,Antwerp,Marseille,Sea,Pharmaceuticals,6708.67,399.1,1.73,8.1,Hurricane,0.763,104.57,1,Low
SC-10247,2024-05-15,Antwerp,Los Angeles,Road,Textiles,14516.49,432.32,3.8,2.6,Clear,0.617,9.89,0,Medium
SC-10248,2025-08-07,Dubai,Busan,Air,Electronics,14472.49,228.99,4.45,8.0,Clear,0.904,0.71,0,High
SC-10249,2025-08-13,Singapore,Antwerp,Air,Electronics,12868.64,238.08,1.27,2.7,Clear,0.693,1.01,0,Low
SC-10250,2025-04-29,Antwerp,Shanghai,Air,Pharmaceuticals,4769.51,193.64,3.51,0.3,Storm,0.917,1.24,1,Medium
SC-10251,2024-09-05,Shanghai,Rotterdam,Rail,Perishables,6083.92,483.39,2.03,5.2,Rain,0.691,6.53,0,Medium
SC-10252,2025-04-29,Singapore,Marseille,Rail,Pharmaceuticals,12841.48,348.89,1.33,2.0,Clear,0.912,10.67,0,Low
SC-10253,2025-02-20,Shanghai,Marseille,Road,Pharmaceuticals,5095.37,42.53,2.53,7.6,Rain,0.667,4.86,0,Medium
SC-10254,2024-07-13,Singapore,Antwerp,Air,Electronics,2957.64,431.62,4.29,6.4,Hurricane,0.72,1.5,1,High
SC-10255,2024-04-06,Shanghai,Antwerp,Road,Electronics,8573.62,240.8,1.24,9.2,Hurricane,0.808,59.8,1,Low
SC-10256,2024-04-09,Dubai,Singapore,Air,Perishables,14074.24,35.31,3.14,7.8,Fog,0.535,1.76,1,Medium
SC-10257,2025-11-05,Shanghai,Marseille,Sea,Pharmaceuticals,10592.43,275.31,2.85,1.8,Fog,0.974,24.18,0,Medium
SC-10258,2025-03-17,Hamburg,Singapore,Air,Pharmaceuticals,8765.89,209.16,4.08,8.0,Clear,0.787,0.5,0,High
SC-10259,2024-12-28,Hamburg,Singapore,Air,Perishables,1909.06,439.0,1.48,6.4,Fog,0.754,0.5,0,Low
SC-10260,2025-03-09,Shanghai,Rotterdam,Sea,Perishables,9417.6,102.79,3.45,6.7,Hurricane,0.92,139.45,1,Medium
SC-10261,2025-02-24,Hamburg,Los Angeles,Sea,Pharmaceuticals,14855.78,413.41,3.44,8.3,Clear,0.933,28.93,1,Medium
SC-10262,2025-04-23,Busan,Shanghai,Road,Perishables,2531.22,279.29,3.41,5.7,Clear,0.761,1.96,0,Medium
SC-10263,2024-02-25,Antwerp,Hamburg,Air,Automotive,8015.78,28.25,4.31,4.7,Hurricane,0.964,3.64,1,High
SC-10264,2025-11-20,Antwerp,Rotterdam,Sea,Textiles,13221.91,485.95,3.92,6.4,Hurricane,0.532,193.11,1,Medium
SC-10265,2025-10-31,Singapore,Marseille,Rail,Textiles,11241.14,256.8,1.34,3.0,Clear,0.557,7.66,0,Low
SC-10266,2025-10-23,Busan,Singapore,Road,Pharmaceuticals,10606.73,146.15,2.75,1.8,Rain,0.798,9.14,0,Medium
SC-10267,2024-04-10,Rotterdam,Shanghai,Road,Textiles,10686.02,235.23,2.51,6.2,Storm,0.677,25.24,1,Medium
SC-10268,2024-03-03,Los Angeles,Dubai,Road,Automotive,5712.62,429.07,2.22,2.3,Rain,0.732,4.5,0,Medium
SC-10269,2025-02-16,Rotterdam,Shanghai,Road,Textiles,4757.08,153.15,2.69,0.8,Clear,0.664,2.61,0,Medium
SC-10270,2024-12-13,Antwerp,Los Angeles,Road,Automotive,12235.74,97.15,2.47,0.0,Rain,0.702,7.3,0,Medium
SC-10271,2024-04-21,Hamburg,Rotterdam,Rail,Automotive,12246.64,65.41,2.63,6.1,Storm,0.911,32.91,0,Medium
SC-10272,2024-09-11,Rotterdam,Busan,Road,Textiles,13072.55,149.63,4.43,3.6,Hurricane,0.797,73.88,1,High
SC-10273,2024-07-15,Hamburg,Busan,Rail,Automotive,13741.99,390.24,1.49,7.5,Storm,0.999,39.87,1,Low
SC-10274,2024-07-13,Dubai,Rotterdam,Road,Pharmaceuticals,7914.46,236.34,4.24,3.8,Storm,0.893,17.11,1,High
SC-10275,2025-07-03,Singapore,Hamburg,Air,Pharmaceuticals,7771.99,114.51,2.78,4.9,Hurricane,0.637,4.1,1,Medium
SC-10276,2025-04-04,Rotterdam,Dubai,Road,Textiles,12075.28,83.93,3.26,4.1,Storm,0.632,26.6,1,Medium
SC-10277,2024-05-23,Shanghai,Busan,Air,Automotive,9924.48,167.03,3.94,6.5,Rain,0.668,0.66,1,Medium
SC-10278,2025-03-08,Singapore,Rotterdam,Sea,Pharmaceuticals,10678.52,470.02,2.39,3.6,Clear,0.922,18.01,1,Medium
SC-10279,2024-07-06,Singapore,Los Angeles,Air,Automotive,12038.99,172.17,2.62,9.6,Rain,0.514,0.92,0,Medium
SC-10280,2024-10-12,Antwerp,Singapore,Sea,Pharmaceuticals,13405.08,494.07,2.55,9.4,Storm,0.615,81.56,1,Medium
SC-10281,2025-04-18,Shanghai,Hamburg,Rail,Automotive,5400.93,243.13,2.44,8.5,Rain,0.952,5.91,0,Medium
SC-10282,2024-09-12,Hamburg,Shanghai,Rail,Electronics,5945.95,90.4,4.25,9.2,Clear,0.82,5.5,0,High
SC-10283,2024-03-18,Los Angeles,Singapore,Sea,Perishables,1862.74,445.68,3.94,4.5,Fog,0.613,5.08,1,Medium
SC-10284,2025-03-29,Dubai,Singapore,Road,Electronics,8885.06,230.72,1.56,5.4,Clear,0.61,6.34,0,Low
SC-10285,2025-07-17,Los Angeles,Shanghai,Road,Textiles,1021.16,355.13,1.56,7.4,Fog,0.931,0.73,1,Low
SC-10286,2024-04-10,Antwerp,Hamburg,Road,Automotive,7251.17,491.87,2.61,7.0,Hurricane,0.947,46.91,1,Medium
SC-10287,2024-02-21,Rotterdam,Shanghai,Rail,Perishables,8368.35,26.04,1.53,8.9,Clear,0.628,8.56,0,Low
SC-10288,2025-10-29,Rotterdam,Antwerp,Rail,Automotive,4654.85,49.25,3.24,7.2,Fog,0.71,7.07,0,Medium
SC-10289,2025-07-07,Rotterdam,Marseille,Sea,Textiles,9067.08,360.51,1.67,10.0,Hurricane,0.917,151.27,1,Low
SC-10290,2024-01-16,Los Angeles,Singapore,Rail,Electronics,942.25,141.63,2.92,3.5,Clear,0.886,0.5,0,Medium
SC-10291,2024-04-05,Hamburg,Los Angeles,Road,Perishables,1041.55,92.97,1.22,8.3,Rain,0.907,1.09,0,Low
SC-10292,2024-08-30,Los Angeles,Singapore,Air,Electronics,12427.71,20.64,2.24,7.0,Hurricane,0.759,7.05,1,Medium
SC-10293,2024-06-19,Shanghai,Los Angeles,Sea,Electronics,5722.76,11.9,3.43,6.9,Fog,0.956,15.58,1,Medium
SC-10294,2025-02-20,Rotterdam,Antwerp,Air,Automotive,2342.38,387.47,2.8,3.3,Clear,0.663,0.5,1,Medium
SC-10295,2025-05-12,Singapore,Antwerp,Road,Electronics,8072.53,68.08,4.43,7.9,Clear,0.578,6.35,0,High
SC-10296,2025-05-07,Busan,Rotterdam,Air,Textiles,11664.91,234.39,4.08,9.0,Storm,0.854,3.66,1,High
SC-10297,2024-08-06,Shanghai,Dubai,Road,Electronics,3629.4,303.34,2.38,2.2,Fog,0.77,3.39,0,Medium
SC-10298,2025-02-14,Hamburg,Marseille,Air,Automotive,9531.91,214.75,1.35,6.3,Clear,0.927,1.27,1,Low
SC-10299,2024-03-01,Shanghai,Los Angeles,Rail,Automotive,1737.54,14.53,3.99,3.9,Clear,0.541,1.21,0,Medium
SC-10300,2024-06-17,Hamburg,Antwerp,Road,Textiles,1249.38,391.97,4.21,9.9,Fog,0.922,2.11,1,High
SC-10301,2025-01-23,Shanghai,Marseille,Air,Electronics,8204.64,6.25,3.91,4.8,Clear,0.647,0.98,0,Medium
SC-10302,2024-01-03,Los Angeles,Busan,Air,Automotive,8339.21,381.18,1.62,2.3,Rain,0.827,1.06,1,Low
SC-10303,2025-02-03,Busan,Rotterdam,Sea,Perishables,9742.73,446.76,4.49,3.8,Rain,0.52,19.53,0,High
SC-10304,2024-09-28,Dubai,Shanghai,Air,Perishables,11028.32,216.99,2.05,6.5,Clear,0.805,1.45,1,Medium
SC-10305,2025-04-10,Dubai,Los Angeles,Road,Automotive,14649.86,268.24,3.59,0.8,Hurricane,0.859,72.6,1,Medium
SC-10306,2024-10-19,Rotterdam,Shanghai,Rail,Automotive,7986.36,239.01,4.2,6.0,Storm,0.684,22.52,1,High
SC-10307,2025-03-09,Los Angeles,Hamburg,Road,Perishables,5182.87,195.22,1.98,9.3,Clear,0.608,3.71,1,Low
SC-10308,2025-12-14,Shanghai,Dubai,Road,Pharmaceuticals,12030.2,443.82,4.2,8.5,Rain,0.769,12.42,1,High
SC-10309,2025-07-23,Hamburg,Shanghai,Road,Automotive,4427.07,447.07,2.22,0.7,Storm,0.917,8.31,1,Medium
SC-10310,2025-11-08,Shanghai,Dubai,Road,Pharmaceuticals,6865.09,168.57,4.42,9.9,Fog,0.662,8.71,1,High
SC-10311,2025-05-13,Los Angeles,Shanghai,Rail,Automotive,1637.62,307.92,2.13,7.0,Clear,0.626,1.82,1,Medium
SC-10312,2024-06-07,Dubai,Marseille,Air,Pharmaceuticals,867.59,463.53,4.35,1.6,Rain,0.639,0.5,0,High
SC-10313,2024-07-13,Busan,Shanghai,Road,Automotive,14458.4,481.07,1.38,0.1,Hurricane,0.975,68.95,1,Low
SC-10314,2024-10-30,Busan,Singapore,Air,Perishables,12621.71,254.97,3.54,1.7,Hurricane,0.68,4.71,1,Medium
SC-10315,2024-08-10,Dubai,Rotterdam,Road,Textiles,10591.63,226.96,2.96,8.4,Clear,0.502,9.73,0,Medium
SC-10316,2024-02-29,Hamburg,Rotterdam,Sea,Automotive,6429.82,140.07,2.78,0.2,Storm,0.891,26.97,1,Medium
SC-10317,2025-08-16,Rotterdam,Antwerp,Air,Electronics,3012.77,479.48,1.94,2.3,Clear,0.85,1.26,1,Low
SC-10318,2025-07-09,Dubai,Marseille,Air,Perishables,2768.34,72.26,3.53,7.6,Clear,0.564,0.6,1,Medium
SC-10319,2024-03-03,Dubai,Rotterdam,Sea,Electronics,4128.52,290.33,1.83,5.9,Rain,0.992,9.12,1,Low
SC-10320,2024-11-17,Antwerp,Marseille,Rail,Automotive,8463.79,141.99,3.02,7.8,Hurricane,0.804,65.13,1,Medium
SC-10321,2024-02-28,Rotterdam,Marseille,Rail,Textiles,10861.64,140.23,2.04,7.5,Fog,0.75,15.01,1,Medium
SC-10322,2024-02-21,Singapore,Hamburg,Sea,Automotive,10072.86,203.08,4.35,0.5,Storm,0.691,43.29,1,High
SC-10323,2025-08-21,Dubai,Hamburg,Rail,Textiles,4559.04,499.4,1.29,8.9,Storm,0.949,13.7,1,Low
SC-10324,2025-05-03,Los Angeles,Dubai,Road,Perishables,14345.55,28.43,1.86,2.3,Rain,0.622,10.74,1,Low
SC-10325,2025-05-29,Los Angeles,Shanghai,Road,Pharmaceuticals,11199.51,289.69,2.0,5.5,Fog,0.643,12.01,1,Low
SC-10326,2025-06-27,Antwerp,Hamburg,Road,Automotive,8538.13,42.2,2.57,6.4,Clear,0.561,6.24,0,Medium
SC-10327,2024-06-10,Hamburg,Busan,Sea,Automotive,9369.95,78.11,1.97,1.7,Hurricane,0.88,113.8,1,Low
SC-10328,2024-02-28,Dubai,Marseille,Rail,Textiles,6584.2,220.34,2.82,9.8,Rain,0.798,9.27,1,Medium
SC-10329,2025-06-04,Rotterdam,Hamburg,Rail,Pharmaceuticals,4092.1,255.72,4.08,4.9,Fog,0.805,5.41,1,High
SC-10330,2024-03-23,Dubai,Shanghai,Road,Electronics,5661.6,130.14,3.55,0.6,Fog,0.609,5.28,0,Medium
SC-10331,2024-07-09,Busan,Singapore,Sea,Automotive,11488.77,158.91,3.11,9.4,Hurricane,0.826,187.31,1,Medium
SC-10332,2024-03-11,Busan,Rotterdam,Road,Pharmaceuticals,708.71,44.4,1.49,5.9,Storm,0.883,1.17,1,Low
SC-10333,2025-09-01,Busan,Rotterdam,Sea,Perishables,2183.05,152.31,3.49,7.0,Fog,0.679,6.83,1,Medium
SC-10334,2024-03-10,Dubai,Marseille,Rail,Textiles,1167.04,483.31,1.75,5.3,Fog,0.901,2.47,1,Low
SC-10335,2025-11-22,Hamburg,Rotterdam,Rail,Textiles,1090.57,472.41,3.8,8.3,Storm,0.674,2.77,1,Medium
SC-10336,2024-08-28,Busan,Antwerp,Air,Electronics,12904.18,168.1,2.03,0.3,Fog,0.879,0.98,0,Medium
SC-10337,2025-02-17,Shanghai,Busan,Rail,Pharmaceuticals,10703.04,285.86,2.58,2.7,Rain,0.517,9.89,0,Medium
SC-10338,2024-05-02,Rotterdam,Busan,Air,Pharmaceuticals,7375.52,454.89,2.36,4.7,Hurricane,0.776,3.58,1,Medium
SC-10339,2025-08-06,Shanghai,Marseille,Sea,Electronics,1918.6,4.09,4.03,0.8,Clear,0.985,3.36,0,High
SC-10340,2024-09-09,Hamburg,Shanghai,Sea,Textiles,7628.43,405.53,1.62,7.1,Rain,0.991,16.55,1,Low
SC-10341,2025-08-15,Rotterdam,Antwerp,Air,Pharmaceuticals,7365.34,474.24,3.07,3.9,Hurricane,0.641,3.91,1,Medium
SC-10342,2025-08-31,Los Angeles,Hamburg,Rail,Perishables,3011.43,46.57,1.67,2.7,Clear,0.721,2.74,0,Low
SC-10343,2024-02-10,Hamburg,Rotterdam,Sea,Electronics,6790.85,81.56,3.53,0.0,Clear,0.531,9.38,0,Medium
SC-10344,2025-09-26,Shanghai,Marseille,Sea,Electronics,6278.32,480.41,4.19,7.2,Fog,0.937,18.23,0,High
SC-10345,2024-03-24,Shanghai,Dubai,Air,Pharmaceuticals,9429.83,269.23,2.63,8.3,Storm,0.784,2.16,0,Medium
SC-10346,2025-03-05,Singapore,Rotterdam,Rail,Pharmaceuticals,9708.86,8.08,2.81,4.0,Hurricane,0.693,65.2,1,Medium
SC-10347,2025-11-04,Singapore,Rotterdam,Sea,Textiles,1156.91,129.56,4.26,5.6,Clear,0.556,1.3,0,High
SC-10348,2025-08-20,Antwerp,Marseille,Road,Textiles,5931.88,225.52,2.92,2.3,Fog,0.973,5.72,0,Medium
SC-10349,2025-08-01,Los Angeles,Dubai,Road,Pharmaceuticals,9574.97,346.76,2.81,6.2,Clear,0.765,7.44,0,Medium
SC-10350,2025-06-19,Singapore,Dubai,Rail,Perishables,7795.48,366.85,3.11,0.1,Hurricane,0.641,42.23,1,Medium
SC-10351,2024-11-19,Hamburg,Busan,Road,Electronics,12919.1,497.72,3.47,4.9,Storm,0.675,28.16,1,Medium
SC-10352,2024-09-24,Busan,Antwerp,Rail,Textiles,10051.06,144.47,1.55,6.4,Rain,0.635,10.67,1,Low
SC-10353,2024-07-28,Rotterdam,Busan,Rail,Perishables,2862.55,269.57,3.91,9.2,Rain,0.801,3.95,1,Medium
SC-10354,2025-11-16,Dubai,Antwerp,Rail,Textiles,1523.25,267.13,2.64,3.8,Rain,0.965,1.16,1,Medium
SC-10355,2024-11-17,Antwerp,Dubai,Rail,Textiles,9815.08,203.42,1.44,7.7,Clear,0.928,9.01,0,Low
SC-10356,2024-09-01,Los Angeles,Rotterdam,Sea,Pharmaceuticals,884.41,85.41,3.79,6.0,Storm,0.73,5.2,0,Medium
SC-10357,2024-09-28,Hamburg,Los Angeles,Sea,Textiles,8993.75,488.75,2.44,9.3,Storm,0.913,54.03,1,Medium
SC-10358,2025-02-09,Rotterdam,Antwerp,Road,Electronics,14133.34,426.81,1.53,4.0,Clear,0.712,9.05,0,Low
SC-10359,2024-05-14,Busan,Antwerp,Road,Automotive,8844.38,249.67,3.29,3.2,Clear,0.626,5.92,0,Medium
SC-10360,2025-11-18,Shanghai,Busan,Road,Pharmaceuticals,6128.46,302.02,4.1,8.9,Rain,0.992,5.6,0,High
SC-10361,2025-10-22,Antwerp,Busan,Sea,Perishables,9827.68,114.4,4.13,0.5,Clear,0.652,13.28,1,High
SC-10362,2024-11-03,Dubai,Los Angeles,Sea,Textiles,7144.67,272.35,4.36,1.4,Storm,0.662,32.09,0,High
SC-10363,2025-04-13,Singapore,Antwerp,Air,Perishables,8411.44,347.79,4.06,0.8,Rain,0.995,0.99,1,High
SC-10364,2024-11-19,Los Angeles,Shanghai,Road,Pharmaceuticals,14151.24,258.07,1.21,8.4,Storm,0.567,36.32,1,Low
SC-10365,2024-03-15,Rotterdam,Antwerp,Rail,Electronics,6098.49,495.15,2.45,0.1,Clear,0.88,4.81,1,Medium
SC-10366,2024-01-10,Rotterdam,Los Angeles,Road,Automotive,14437.26,306.06,3.9,8.6,Fog,0.968,19.06,1,Medium
SC-10367,2025-04-14,Busan,Shanghai,Rail,Textiles,13627.58,186.12,2.41,4.5,Hurricane,0.756,91.73,1,Medium
SC-10368,2025-09-28,Rotterdam,Los Angeles,Air,Perishables,3338.97,386.3,3.19,0.0,Fog,0.501,0.5,1,Medium
SC-10369,2025-07-30,Rotterdam,Dubai,Air,Pharmaceuticals,1505.74,86.06,3.2,4.0,Rain,0.688,0.5,0,Medium
SC-10370,2024-04-12,Rotterdam,Singapore,Air,Automotive,1961.28,192.87,2.4,1.9,Fog,0.556,0.5,1,Medium
SC-10371,2024-03-16,Busan,Los Angeles,Sea,Electronics,764.22,174.13,4.18,6.2,Clear,0.708,1.67,0,High
SC-10372,2025-07-04,Dubai,Singapore,Road,Automotive,1869.42,216.47,2.86,6.8,Fog,0.895,1.37,0,Medium
SC-10373,2024-08-06,Singapore,Dubai,Rail,Pharmaceuticals,10403.6,391.11,2.73,4.9,Hurricane,0.719,71.01,1,Medium
SC-10374,2025-06-02,Los Angeles,Busan,Road,Electronics,1532.24,242.6,4.49,0.4,Storm,0.716,3.11,0,High
SC-10375,2024-09-28,Busan,Rotterdam,Air,Perishables,5125.15,397.21,2.83,6.6,Storm,0.778,1.31,1,Medium
SC-10376,2024-05-15,Los Angeles,Shanghai,Sea,Automotive,12750.69,288.67,1.79,8.4,Storm,0.791,75.56,1,Low
SC-10377,2024-12-23,Shanghai,Singapore,Sea,Perishables,837.44,171.69,2.89,7.2,Rain,0.928,1.46,1,Medium
SC-10378,2024-03-11,Hamburg,Dubai,Rail,Automotive,12309.79,405.18,3.89,8.3,Storm,0.654,36.66,1,Medium
SC-10379,2024-09-07,Dubai,Marseille,Sea,Pharmaceuticals,4586.89,119.91,3.76,2.0,Rain,0.911,8.75,0,Medium
SC-10380,2025-01-13,Los Angeles,Rotterdam,Air,Automotive,2213.39,112.97,3.8,8.9,Fog,0.783,0.5,1,Medium
SC-10381,2024-10-18,Singapore,Hamburg,Air,Pharmaceuticals,10602.69,252.75,3.54,3.2,Storm,0.65,1.33,0,Medium
SC-10382,2024-06-10,Los Angeles,Busan,Road,Perishables,9619.67,131.16,2.04,0.1,Clear,0.648,5.55,0,Medium
SC-10383,2025-03-24,Dubai,Rotterdam,Air,Textiles,13223.34,5.53,4.04,8.4,Clear,0.681,1.4,1,High
SC-10384,2025-07-10,Antwerp,Marseille,Road,Electronics,11158.53,324.5,4.15,9.4,Rain,0.811,12.39,1,High
SC-10385,2025-12-21,Busan,Los Angeles,Air,Electronics,12150.47,256.04,1.84,6.6,Storm,0.615,2.36,1,Low
SC-10386,2024-11-05,Busan,Los Angeles,Road,Textiles,4589.5,223.31,1.63,2.3,Storm,0.96,9.02,0,Low
SC-10387,2025-09-18,Singapore,Los Angeles,Rail,Textiles,3072.87,483.52,4.42,2.5,Fog,0.787,3.52,0,High
SC-10388,2025-10-31,Singapore,Marseille,Air,Electronics,11383.91,286.03,4.07,4.7,Clear,0.96,0.87,0,High
SC-10389,2025-06-25,Dubai,Rotterdam,Sea,Automotive,12199.1,431.85,4.15,9.0,Fog,0.523,36.53,1,High
SC-10390,2024-01-09,Shanghai,Marseille,Sea,Perishables,14862.32,70.59,4.13,1.5,Hurricane,0.671,176.04,1,High
SC-10391,2025-11-14,Hamburg,Rotterdam,Air,Perishables,6482.96,285.03,2.99,8.3,Hurricane,0.511,4.41,1,Medium
SC-10392,2025-07-21,Hamburg,Antwerp,Sea,Pharmaceuticals,5894.26,434.12,3.33,2.9,Hurricane,0.636,75.93,1,Medium
SC-10393,2024-11-02,Rotterdam,Singapore,Rail,Automotive,11757.99,291.97,3.0,8.1,Hurricane,0.931,91.43,1,Medium
SC-10394,2025-11-10,Antwerp,Marseille,Road,Automotive,5441.65,359.29,1.37,9.2,Storm,0.518,13.66,1,Low
SC-10395,2024-04-16,Antwerp,Dubai,Sea,Perishables,13995.98,186.65,3.66,4.3,Hurricane,0.718,188.68,1,Medium
SC-10396,2024-05-17,Dubai,Singapore,Air,Perishables,12946.98,47.13,2.87,3.7,Hurricane,0.559,6.29,1,Medium
SC-10397,2024-09-27,Shanghai,Marseille,Road,Electronics,6720.41,229.49,3.34,8.0,Storm,0.708,17.31,1,Medium
SC-10398,2024-04-28,Hamburg,Shanghai,Air,Perishables,11387.63,197.85,2.86,5.3,Fog,0.919,1.15,0,Medium
SC-10399,2024-04-19,Antwerp,Busan,Road,Perishables,11440.87,433.66,2.82,6.8,Fog,0.812,13.31,1,Medium
SC-10400,2025-07-20,Los Angeles,Rotterdam,Sea,Perishables,1995.3,122.75,1.77,6.2,Hurricane,0.868,28.41,1,Low
SC-10401,2024-06-08,Antwerp,Singapore,Sea,Pharmaceuticals,13587.02,483.4,2.12,1.5,Storm,0.675,61.37,1,Medium
SC-10402,2024-10-05,Dubai,Rotterdam,Road,Textiles,7826.16,479.11,1.72,8.4,Hurricane,0.972,53.31,1,Low
SC-10403,2024-10-15,Dubai,Marseille,Rail,Perishables,12483.63,124.57,1.85,2.0,Hurricane,0.855,76.67,1,Low
SC-10404,2025-09-11,Busan,Rotterdam,Rail,Textiles,5140.72,174.68,4.41,9.3,Hurricane,0.711,41.39,1,High
SC-10405,2024-08-03,Busan,Shanghai,Road,Electronics,13485.09,447.88,1.71,2.5,Rain,0.713,11.76,1,Low
SC-10406,2024-12-17,Singapore,Los Angeles,Rail,Automotive,6143.42,483.34,2.09,7.3,Clear,0.959,4.96,0,Medium
SC-10407,2024-07-27,Rotterdam,Shanghai,Rail,Pharmaceuticals,657.15,222.28,3.15,2.8,Clear,0.788,0.88,1,Medium
SC-10408,2025-12-04,Busan,Singapore,Rail,Pharmaceuticals,13628.04,161.18,3.21,3.2,Storm,0.853,31.95,0,Medium
SC-10409,2025-10-11,Rotterdam,Antwerp,Air,Perishables,1823.66,263.52,1.71,3.1,Clear,0.709,0.5,0,Low
SC-10410,2024-09-27,Los Angeles,Rotterdam,Rail,Pharmaceuticals,5130.05,344.2,3.82,7.5,Hurricane,0.612,39.94,1,Medium
SC-10411,2025-06-01,Shanghai,Rotterdam,Air,Textiles,14275.9,137.46,3.79,5.6,Storm,0.862,3.27,1,Medium
SC-10412,2025-05-15,Hamburg,Busan,Air,Textiles,14283.8,368.5,1.98,8.8,Fog,0.804,1.34,1,Low
SC-10413,2024-09-14,Los Angeles,Rotterdam,Sea,Textiles,8814.85,26.78,2.15,3.1,Fog,0.751,20.93,0,Medium
SC-10414,2024-02-22,Rotterdam,Hamburg,Road,Automotive,9661.64,25.6,4.3,6.9,Storm,0.812,23.27,0,High
SC-10415,2024-04-04,Rotterdam,Busan,Road,Perishables,7002.46,193.76,3.92,7.5,Fog,0.604,8.86,1,Medium
SC-10416,2025-10-11,Rotterdam,Antwerp,Rail,Perishables,4751.56,177.38,3.5,1.5,Rain,0.897,4.89,0,Medium
SC-10417,2025-03-09,Dubai,Marseille,Rail,Automotive,5265.64,158.5,1.47,4.0,Storm,0.974,12.94,1,Low
SC-10418,2024-10-10,Shanghai,Busan,Rail,Automotive,10251.52,246.02,2.58,4.8,Storm,0.946,25.71,0,Medium
SC-10419,2024-02-15,Los Angeles,Singapore,Road,Electronics,11409.43,161.05,3.05,3.6,Hurricane,0.661,64.07,1,Medium
SC-10420,2024-01-04,Antwerp,Hamburg,Road,Textiles,11977.9,96.94,1.82,3.2,Storm,0.703,24.61,0,Low
SC-10421,2024-12-07,Dubai,Shanghai,Sea,Textiles,11949.46,155.43,2.68,6.9,Rain,0.904,26.1,0,Medium
SC-10422,2024-05-13,Shanghai,Rotterdam,Rail,Textiles,1822.49,487.48,3.18,2.2,Rain,0.798,1.83,0,Medium
SC-10423,2025-10-14,Busan,Singapore,Rail,Textiles,7669.09,206.15,2.28,7.1,Fog,0.774,10.72,1,Medium
SC-10424,2024-09-25,Busan,Singapore,Sea,Electronics,1334.6,222.91,3.78,9.4,Clear,0.963,2.87,0,Medium
SC-10425,2024-06-14,Busan,Rotterdam,Air,Electronics,8468.17,288.7,3.97,5.7,Fog,0.768,0.5,0,Medium
SC-10426,2025-03-28,Los Angeles,Rotterdam,Air,Electronics,6902.19,491.69,2.27,6.1,Rain,0.757,0.81,0,Medium
SC-10427,2025-07-18,Rotterdam,Singapore,Air,Electronics,13371.71,121.56,3.97,0.7,Fog,0.521,0.5,1,Medium
SC-10428,2025-12-23,Antwerp,Marseille,Air,Textiles,5588.27,340.96,1.54,8.6,Fog,0.535,0.5,0,Low
SC-10429,2025-03-13,Singapore,Antwerp,Road,Textiles,2197.47,358.28,3.96,2.9,Rain,0.504,1.67,1,Medium
SC-10430,2025-07-28,Los Angeles,Busan,Air,Textiles,2573.38,304.05,1.7,6.2,Storm,0.957,1.4,0,Low
SC-10431,2024-01-10,Singapore,Hamburg,Sea,Automotive,11541.9,45.2,1.47,9.8,Fog,0.704,36.21,0,Low
SC-10432,2024-04-24,Rotterdam,Hamburg,Rail,Perishables,9464.16,338.76,3.32,6.0,Storm,0.734,26.13,1,Medium
SC-10433,2024-03-18,Rotterdam,Los Angeles,Road,Pharmaceuticals,1966.28,32.98,2.76,7.2,Clear,0.923,2.3,0,Medium
SC-10434,2025-12-08,Rotterdam,Antwerp,Road,Textiles,1719.55,298.48,4.2,4.5,Storm,0.805,5.56,1,High
SC-10435,2024-06-01,Singapore,Rotterdam,Road,Electronics,10664.05,370.05,2.4,0.6,Fog,0.805,9.83,1,Medium
SC-10436,2025-07-12,Rotterdam,Hamburg,Rail,Textiles,1555.06,106.27,2.15,8.0,Clear,0.648,2.22,0,Medium
SC-10437,2024-02-06,Singapore,Shanghai,Rail,Pharmaceuticals,12416.97,420.97,2.85,0.3,Fog,0.917,13.67,0,Medium
SC-10438,2025-01-13,Rotterdam,Antwerp,Sea,Automotive,10740.51,16.15,2.7,7.0,Clear,0.583,20.64,0,Medium
SC-10439,2025-08-19,Hamburg,Rotterdam,Air,Pharmaceuticals,1679.56,422.06,2.34,0.2,Clear,0.527,0.98,0,Medium
SC-10440,2025-07-19,Rotterdam,Los Angeles,Air,Electronics,1730.15,230.7,3.49,8.6,Clear,0.596,0.5,0,Medium
SC-10441,2024-05-31,Antwerp,Marseille,Road,Electronics,14806.27,109.58,3.71,1.6,Storm,0.634,28.27,1,Medium
SC-10442,2025-03-16,Singapore,Marseille,Sea,Textiles,5926.93,67.76,4.01,5.1,Storm,0.641,31.21,0,High
SC-10443,2024-05-10,Hamburg,Los Angeles,Rail,Textiles,5874.31,476.7,4.41,6.0,Clear,0.835,5.21,1,High
SC-10444,2024-02-12,Shanghai,Antwerp,Sea,Perishables,12285.59,37.26,2.08,4.6,Rain,0.609,25.32,0,Medium
SC-10445,2024-11-11,Los Angeles,Rotterdam,Road,Textiles,14235.1,100.35,3.56,3.4,Clear,0.838,10.7,0,Medium
SC-10446,2025-01-08,Busan,Shanghai,Road,Automotive,14797.02,174.56,2.5,4.7,Fog,0.546,16.06,0,Medium
SC-10447,2024-02-10,Busan,Marseille,Road,Automotive,11423.98,310.5,3.43,3.1,Hurricane,0.574,62.72,1,Medium
SC-10448,2025-01-01,Busan,Marseille,Air,Pharmaceuticals,5955.76,272.86,2.77,4.4,Fog,0.754,0.65,0,Medium
SC-10449,2024-08-03,Rotterdam,Dubai,Road,Automotive,1710.76,63.7,4.48,3.6,Rain,0.961,1.33,0,High
SC-10450,2025-11-29,Los Angeles,Antwerp,Road,Perishables,11768.63,145.57,3.61,5.7,Storm,0.93,26.01,1,Medium
SC-10451,2024-09-12,Antwerp,Marseille,Sea,Automotive,8596.86,120.14,4.34,2.4,Clear,0.984,13.07,0,High
SC-10452,2025-11-13,Rotterdam,Marseille,Rail,Textiles,6651.22,107.56,3.96,9.9,Hurricane,0.825,55.56,1,Medium
SC-10453,2024-04-15,Rotterdam,Singapore,Rail,Textiles,13642.14,206.16,4.18,5.0,Fog,0.838,18.49,1,High
SC-10454,2024-12-28,Hamburg,Dubai,Sea,Automotive,2112.36,352.31,3.89,1.9,Clear,0.813,2.64,0,Medium
SC-10455,2025-07-27,Rotterdam,Antwerp,Rail,Textiles,7643.06,109.51,2.72,4.8,Clear,0.811,5.99,1,Medium
SC-10456,2025-02-20,Dubai,Los Angeles,Air,Textiles,664.63,183.97,2.03,8.7,Clear,0.574,0.5,1,Medium
SC-10457,2025-09-27,Busan,Hamburg,Road,Perishables,7295.58,196.07,2.42,0.2,Fog,0.772,5.55,0,Medium
SC-10458,2024-06-07,Shanghai,Marseille,Road,Textiles,1316.4,488.25,1.27,6.8,Fog,0.693,1.35,1,Low
SC-10459,2024-08-30,Los Angeles,Shanghai,Road,Automotive,2222.86,477.38,2.93,5.5,Hurricane,0.721,12.62,1,Medium
SC-10460,2024-06-15,Antwerp,Shanghai,Air,Perishables,2204.13,400.27,2.87,1.7,Hurricane,0.762,1.68,1,Medium
SC-10461,2024-06-30,Antwerp,Dubai,Road,Pharmaceuticals,9913.55,121.59,2.93,8.2,Clear,0.564,7.93,1,Medium
SC-10462,2025-02-26,Rotterdam,Dubai,Road,Textiles,11317.65,34.95,4.41,3.7,Storm,0.68,24.76,1,High
SC-10463,2024-01-26,Shanghai,Singapore,Air,Automotive,8958.85,159.14,4.21,2.9,Clear,0.532,1.09,1,High
SC-10464,2024-07-02,Singapore,Los Angeles,Rail,Perishables,14451.5,134.13,1.73,8.3,Fog,0.99,20.96,1,Low
SC-10465,2024-12-06,Los Angeles,Hamburg,Air,Automotive,5935.62,253.46,2.42,6.4,Rain,0.559,0.5,1,Medium
SC-10466,2025-02-25,Antwerp,Rotterdam,Air,Textiles,4642.83,389.09,2.6,9.0,Hurricane,0.629,2.71,1,Medium
SC-10467,2025-11-16,Rotterdam,Shanghai,Rail,Automotive,13094.69,429.3,2.39,6.3,Rain,0.946,14.3,0,Medium
SC-10468,2024-09-11,Shanghai,Marseille,Air,Textiles,3742.14,422.59,3.84,7.4,Clear,0.741,0.5,0,Medium
SC-10469,2024-09-30,Rotterdam,Los Angeles,Rail,Pharmaceuticals,14466.73,180.48,2.93,8.4,Fog,0.568,20.98,1,Medium
SC-10470,2024-06-12,Busan,Singapore,Road,Textiles,676.24,343.93,3.09,0.5,Fog,0.692,0.99,0,Medium
SC-10471,2025-12-19,Singapore,Hamburg,Sea,Electronics,14563.24,157.1,4.01,7.8,Rain,0.558,33.82,0,High
SC-10472,2024-04-20,Shanghai,Los Angeles,Sea,Textiles,1125.82,31.39,3.86,6.1,Rain,0.6,2.28,1,Medium
SC-10473,2025-01-26,Shanghai,Los Angeles,Sea,Electronics,13421.58,351.08,1.64,0.7,Hurricane,0.526,153.96,1,Low
SC-10474,2024-02-09,Busan,Singapore,Sea,Pharmaceuticals,8151.67,5.9,3.56,5.1,Clear,0.719,14.11,0,Medium
SC-10475,2025-04-26,Rotterdam,Los Angeles,Sea,Pharmaceuticals,14897.99,205.18,2.64,0.8,Clear,0.903,21.14,0,Medium
SC-10476,2024-08-15,Singapore,Hamburg,Air,Electronics,1570.05,165.36,2.17,7.4,Storm,0.793,0.5,1,Medium
SC-10477,2024-07-23,Antwerp,Shanghai,Road,Perishables,8530.89,347.0,1.37,5.5,Rain,0.803,7.8,0,Low
SC-10478,2025-04-16,Antwerp,Singapore,Road,Textiles,14554.89,383.36,2.81,9.5,Rain,0.6,15.48,1,Medium
SC-10479,2024-12-24,Dubai,Busan,Sea,Perishables,8084.92,152.74,2.37,1.8,Rain,0.672,15.59,1,Medium
SC-10480,2024-11-08,Singapore,Marseille,Air,Textiles,9626.28,406.0,2.03,6.1,Rain,0.923,0.72,0,Medium
SC-10481,2024-08-21,Antwerp,Singapore,Sea,Textiles,10588.36,147.66,3.49,2.1,Hurricane,0.544,130.6,1,Medium
SC-10482,2024-08-16,Los Angeles,Dubai,Sea,Electronics,7090.85,223.72,3.74,6.1,Rain,0.929,15.56,0,Medium
SC-10483,2024-01-25,Busan,Shanghai,Road,Pharmaceuticals,9599.59,363.78,2.01,7.2,Rain,0.742,9.22,1,Medium
SC-10484,2025-11-06,Antwerp,Hamburg,Air,Automotive,8972.56,346.77,1.36,7.2,Rain,0.919,0.7,0,Low
SC-10485,2024-07-16,Dubai,Singapore,Sea,Textiles,13566.79,493.7,4.0,8.2,Hurricane,0.659,212.15,1,Medium
SC-10486,2025-02-12,Shanghai,Dubai,Air,Textiles,1158.97,113.36,1.23,8.5,Rain,0.669,0.5,1,Low
SC-10487,2024-12-02,Antwerp,Hamburg,Rail,Pharmaceuticals,4573.97,331.5,4.29,0.8,Storm,0.876,9.42,0,High
SC-10488,2024-10-12,Rotterdam,Antwerp,Rail,Textiles,14280.97,305.23,3.27,3.4,Clear,0.892,10.89,0,Medium
SC-10489,2024-03-12,Hamburg,Los Angeles,Rail,Perishables,13408.82,457.63,2.26,6.9,Hurricane,0.615,100.41,1,Medium
SC-10490,2024-10-12,Busan,Dubai,Sea,Electronics,7107.02,79.02,2.01,5.0,Storm,0.986,37.44,1,Medium
SC-10491,2024-12-25,Los Angeles,Antwerp,Sea,Perishables,9491.92,376.15,1.23,1.9,Fog,0.542,22.03,1,Low
SC-10492,2025-10-18,Shanghai,Dubai,Air,Electronics,4522.03,284.57,1.98,5.5,Storm,0.534,0.98,1,Low
SC-10493,2025-06-05,Hamburg,Rotterdam,Rail,Automotive,3227.76,138.06,1.65,4.1,Rain,0.798,3.62,1,Low
SC-10494,2025-02-13,Antwerp,Shanghai,Rail,Textiles,7223.63,237.74,3.22,3.9,Hurricane,0.861,48.31,1,Medium
SC-10495,2025-11-26,Hamburg,Dubai,Sea,Textiles,5623.61,167.55,1.75,8.1,Rain,0.98,13.56,0,Low
SC-10496,2025-07-03,Los Angeles,Antwerp,Sea,Automotive,8963.01,290.08,2.94,4.1,Storm,0.702,44.53,1,Medium
SC-10497,2024-12-05,Singapore,Shanghai,Sea,Automotive,1627.15,444.61,3.15,0.3,Hurricane,0.513,17.77,1,Medium
SC-10498,2024-01-29,Singapore,Rotterdam,Sea,Automotive,14628.72,285.08,2.18,0.6,Hurricane,0.801,167.07,1,Medium
SC-10499,2024-04-28,Shanghai,Singapore,Sea,Electronics,14800.06,316.23,1.32,8.6,Hurricane,0.645,234.84,1,Low
SC-10500,2024-09-24,Singapore,Antwerp,Air,Automotive,10623.34,259.86,1.32,9.6,Storm,0.716,2.34,1,Low
SC-10501,2024-07-01,Antwerp,Busan,Air,Pharmaceuticals,8273.4,26.53,1.29,6.9,Clear,0.744,0.5,0,Low
SC-10502,2025-08-17,Los Angeles,Singapore,Road,Perishables,4988.15,117.2,3.64,3.6,Clear,0.532,4.37,1,Medium
SC-10503,2024-09-28,Dubai,Hamburg,Road,Perishables,12300.03,246.51,2.25,9.4,Storm,0.743,32.14,1,Medium
SC-10504,2024-02-09,Antwerp,Rotterdam,Sea,Pharmaceuticals,10428.6,155.81,3.83,6.6,Clear,0.713,19.37,1,Medium
SC-10505,2024-04-21,Dubai,Rotterdam,Rail,Textiles,2857.95,91.7,2.62,8.4,Clear,0.856,3.44,1,Medium
SC-10506,2025-09-02,Shanghai,Busan,Rail,Perishables,13708.44,252.56,2.69,7.7,Hurricane,0.823,104.15,1,Medium
SC-10507,2025-03-20,Rotterdam,Shanghai,Sea,Textiles,12426.79,162.08,2.89,3.8,Storm,0.593,61.34,0,Medium
SC-10508,2024-12-19,Antwerp,Shanghai,Rail,Electronics,14272.1,129.8,3.55,4.8,Fog,0.603,18.23,1,Medium
SC-10509,2024-11-17,Hamburg,Los Angeles,Air,Electronics,11022.93,232.53,2.1,1.9,Hurricane,0.626,4.85,1,Medium
SC-10510,2025-03-22,Hamburg,Los Angeles,Sea,Pharmaceuticals,9394.52,67.51,1.6,2.9,Clear,0.589,14.87,1,Low
SC-10511,2025-09-12,Antwerp,Rotterdam,Road,Pharmaceuticals,6564.52,463.95,3.03,7.8,Rain,0.829,7.24,0,Medium
SC-10512,2025-06-07,Dubai,Rotterdam,Rail,Electronics,14024.56,433.98,2.28,8.9,Storm,0.997,42.61,1,Medium
SC-10513,2024-04-28,Hamburg,Dubai,Air,Pharmaceuticals,13057.93,354.1,2.66,7.2,Clear,0.826,1.41,0,Medium
SC-10514,2025-01-29,Antwerp,Busan,Sea,Textiles,1155.67,54.0,3.33,4.7,Clear,0.803,2.0,0,Medium
SC-10515,2025-08-13,Los Angeles,Rotterdam,Road,Textiles,882.32,388.16,2.83,0.9,Rain,0.705,0.5,1,Medium
SC-10516,2024-07-13,Antwerp,Dubai,Air,Automotive,5958.72,404.17,3.25,0.6,Storm,0.656,0.5,1,Medium
SC-10517,2024-09-17,Busan,Hamburg,Rail,Perishables,12253.02,384.11,3.0,3.7,Clear,0.956,9.34,0,Medium
SC-10518,2024-02-15,Rotterdam,Dubai,Sea,Textiles,14815.5,57.87,3.64,4.6,Storm,0.985,76.23,1,Medium
SC-10519,2025-12-26,Dubai,Antwerp,Road,Electronics,2681.04,322.31,3.53,6.1,Rain,0.748,2.51,0,Medium
SC-10520,2025-03-22,Busan,Singapore,Rail,Electronics,9114.9,417.33,2.96,0.1,Storm,0.645,18.95,1,Medium
SC-10521,2024-01-02,Hamburg,Antwerp,Air,Textiles,6022.92,289.1,3.44,9.9,Fog,0.885,0.52,1,Medium
SC-10522,2025-06-16,Hamburg,Los Angeles,Road,Pharmaceuticals,14563.76,323.56,4.08,3.6,Rain,0.566,13.3,0,High
SC-10523,2025-07-05,Dubai,Los Angeles,Road,Textiles,12710.72,229.72,2.63,8.5,Rain,0.883,12.52,0,Medium
SC-10524,2025-12-04,Antwerp,Shanghai,Rail,Perishables,12655.77,264.82,2.56,5.3,Hurricane,0.909,89.58,1,Medium
SC-10525,2025-11-17,Rotterdam,Marseille,Rail,Textiles,7296.05,18.15,3.72,1.3,Hurricane,0.562,43.18,1,Medium
SC-10526,2024-07-20,Shanghai,Busan,Rail,Electronics,6514.88,319.84,3.12,8.0,Rain,0.988,7.56,1,Medium
SC-10527,2025-01-07,Los Angeles,Shanghai,Road,Automotive,4464.4,41.64,1.43,7.1,Clear,0.993,4.19,0,Low
SC-10528,2025-03-17,Busan,Singapore,Road,Automotive,1317.44,218.07,4.14,5.3,Fog,0.968,2.22,0,High
SC-10529,2024-03-12,Rotterdam,Marseille,Air,Textiles,13038.47,147.03,1.3,5.1,Storm,0.748,2.44,1,Low
SC-10530,2025-11-11,Shanghai,Hamburg,Rail,Electronics,12287.06,273.17,3.67,0.9,Clear,0.623,9.31,0,Medium
SC-10531,2024-12-04,Los Angeles,Shanghai,Rail,Electronics,14995.91,67.57,3.7,6.6,Storm,0.791,41.67,1,Medium
SC-10532,2025-09-30,Antwerp,Busan,Air,Textiles,14951.23,346.13,4.35,9.1,Fog,0.71,1.7,1,High
SC-10533,2024-11-17,Dubai,Shanghai,Air,Textiles,8553.76,397.71,1.38,0.9,Hurricane,0.603,3.83,1,Low
SC-10534,2025-11-10,Singapore,Busan,Road,Pharmaceuticals,11650.32,82.51,3.17,2.6,Clear,0.712,7.5,0,Medium
SC-10535,2024-05-07,Rotterdam,Dubai,Air,Electronics,14199.1,53.05,2.61,9.0,Hurricane,0.832,8.43,1,Medium
SC-10536,2024-11-03,Antwerp,Rotterdam,Air,Perishables,12819.89,73.61,2.29,2.8,Fog,0.535,0.85,0,Medium
SC-10537,2025-06-03,Singapore,Hamburg,Sea,Perishables,4086.55,438.69,1.5,6.5,Hurricane,0.667,60.7,1,Low
SC-10538,2024-11-12,Shanghai,Rotterdam,Sea,Textiles,7032.89,264.57,3.06,5.3,Rain,0.509,14.81,0,Medium
SC-10539,2025-11-13,Rotterdam,Shanghai,Sea,Electronics,2372.81,234.16,2.78,6.0,Clear,0.875,3.63,0,Medium
SC-10540,2025-02-22,Busan,Hamburg,Sea,Automotive,14333.74,54.25,1.55,4.2,Rain,0.82,28.49,0,Low
SC-10541,2024-11-30,Antwerp,Dubai,Air,Automotive,9289.53,325.13,3.22,3.0,Hurricane,0.531,2.85,1,Medium
SC-10542,2025-02-16,Shanghai,Dubai,Sea,Pharmaceuticals,3815.32,434.13,3.64,0.5,Clear,0.982,5.18,0,Medium
SC-10543,2025-12-14,Shanghai,Marseille,Road,Textiles,10239.66,414.26,3.73,7.4,Clear,0.511,8.38,0,Medium
SC-10544,2024-10-29,Hamburg,Shanghai,Air,Perishables,9462.86,313.4,4.19,7.5,Clear,0.795,0.61,1,High
SC-10545,2025-07-21,Los Angeles,Rotterdam,Air,Perishables,5693.36,38.56,2.55,6.7,Storm,0.888,2.18,1,Medium
SC-10546,2024-05-10,Dubai,Busan,Sea,Textiles,2146.59,57.09,4.35,6.4,Clear,0.894,4.23,1,High
SC-10547,2024-07-15,Shanghai,Hamburg,Rail,Pharmaceuticals,10237.81,25.61,4.06,2.4,Hurricane,0.517,64.07,1,High
SC-10548,2025-03-06,Singapore,Busan,Rail,Pharmaceuticals,8044.46,129.48,2.18,0.2,Storm,0.953,16.12,0,Medium
SC-10549,2025-11-11,Antwerp,Hamburg,Rail,Automotive,11698.62,68.7,1.73,8.1,Storm,0.959,34.04,1,Low
SC-10550,2025-01-23,Antwerp,Busan,Air,Electronics,8042.37,130.76,2.64,4.9,Rain,0.781,0.5,0,Medium
SC-10551,2025-11-24,Hamburg,Rotterdam,Road,Automotive,12856.63,193.14,2.53,3.1,Storm,0.741,26.09,1,Medium
SC-10552,2024-06-27,Singapore,Shanghai,Road,Textiles,8502.65,471.55,3.1,1.0,Clear,0.522,4.92,0,Medium
SC-10553,2025-09-22,Rotterdam,Busan,Road,Textiles,8633.6,305.58,3.13,0.6,Hurricane,0.781,41.5,1,Medium
SC-10554,2025-08-05,Busan,Singapore,Sea,Electronics,13211.48,417.65,3.67,3.5,Storm,0.705,64.01,1,Medium
SC-10555,2024-11-04,Busan,Dubai,Rail,Perishables,6350.5,355.47,2.88,8.0,Rain,0.886,7.86,1,Medium
SC-10556,2025-02-19,Singapore,Hamburg,Air,Electronics,2443.22,57.14,1.55,9.2,Hurricane,0.702,1.41,1,Low
SC-10557,2025-07-15,Los Angeles,Antwerp,Road,Automotive,917.35,368.22,4.03,9.0,Clear,0.842,0.54,0,High
SC-10558,2024-01-01,Hamburg,Antwerp,Sea,Pharmaceuticals,11449.49,138.27,2.22,9.2,Storm,0.551,69.65,1,Medium
SC-10559,2024-11-07,Los Angeles,Rotterdam,Rail,Pharmaceuticals,9494.49,319.91,4.41,9.1,Storm,0.566,29.34,1,High
SC-10560,2024-10-20,Singapore,Busan,Air,Perishables,10709.16,171.14,1.59,5.3,Fog,0.57,1.06,0,Low
SC-10561,2024-08-03,Los Angeles,Dubai,Road,Electronics,3587.98,498.84,4.36,2.2,Hurricane,0.523,19.23,1,High
SC-10562,2025-03-16,Rotterdam,Dubai,Air,Electronics,2477.39,132.51,1.5,8.0,Fog,0.771,0.5,1,Low
SC-10563,2025-08-16,Singapore,Dubai,Rail,Electronics,710.9,140.29,1.96,2.1,Fog,0.897,0.51,0,Low
SC-10564,2025-09-13,Dubai,Shanghai,Sea,Textiles,5583.52,465.41,1.35,2.7,Storm,0.805,26.55,1,Low
SC-10565,2025-11-01,Los Angeles,Antwerp,Sea,Pharmaceuticals,9053.81,13.3,3.53,2.3,Rain,0.787,17.8,1,Medium
SC-10566,2024-11-25,Singapore,Busan,Sea,Textiles,6187.54,348.65,4.01,5.1,Hurricane,0.84,87.17,1,High
SC-10567,2025-04-21,Rotterdam,Hamburg,Rail,Electronics,6843.39,362.94,2.63,3.2,Clear,0.67,5.81,1,Medium
SC-10568,2025-03-28,Shanghai,Singapore,Road,Electronics,13610.3,418.35,4.26,1.5,Rain,0.681,10.55,0,High
SC-10569,2025-03-28,Hamburg,Singapore,Air,Pharmaceuticals,5549.7,487.25,3.15,4.5,Clear,0.657,1.06,0,Medium
SC-10570,2025-11-22,Antwerp,Los Angeles,Road,Textiles,7952.85,487.83,3.28,8.7,Hurricane,0.856,54.82,1,Medium
SC-10571,2024-08-06,Dubai,Singapore,Road,Pharmaceuticals,11862.97,33.57,3.99,5.7,Hurricane,0.581,71.46,1,Medium
SC-10572,2025-06-07,Antwerp,Rotterdam,Road,Textiles,6249.87,411.1,2.18,8.8,Hurricane,0.507,42.3,1,Medium
SC-10573,2025-04-29,Antwerp,Shanghai,Rail,Perishables,9520.26,323.51,2.37,2.0,Rain,0.798,8.88,0,Medium
SC-10574,2024-06-22,Los Angeles,Hamburg,Road,Automotive,13004.27,324.02,4.19,1.7,Clear,0.971,7.49,0,High
SC-10575,2025-11-05,Singapore,Antwerp,Air,Pharmaceuticals,14268.05,65.05,4.17,5.8,Fog,0.805,0.99,0,High
SC-10576,2024-03-27,Shanghai,Rotterdam,Rail,Automotive,2632.57,325.44,4.42,4.6,Rain,0.891,2.35,0,High
SC-10577,2024-10-17,Shanghai,Antwerp,Road,Automotive,13935.52,491.26,4.18,6.6,Storm,0.836,32.97,1,High
SC-10578,2025-06-11,Hamburg,Shanghai,Rail,Electronics,7635.69,456.0,1.62,7.9,Fog,0.749,10.97,0,Low
SC-10579,2025-11-10,Dubai,Los Angeles,Air,Pharmaceuticals,4244.54,220.13,3.92,7.5,Hurricane,0.859,2.29,1,Medium
SC-10580,2025-10-10,Dubai,Antwerp,Sea,Perishables,7157.47,20.93,2.55,9.4,Clear,0.912,15.04,1,Medium
SC-10581,2025-09-26,Hamburg,Busan,Air,Electronics,14710.47,181.78,4.47,4.0,Rain,0.612,0.97,1,High
SC-10582,2024-12-09,Los Angeles,Shanghai,Rail,Textiles,7642.96,413.37,2.76,2.1,Fog,0.668,8.59,0,Medium
SC-10583,2024-04-05,Los Angeles,Dubai,Road,Electronics,5266.9,351.05,3.03,5.5,Hurricane,0.612,31.31,1,Medium
SC-10584,2024-08-28,Busan,Marseille,Sea,Textiles,9684.31,230.21,2.95,1.1,Hurricane,0.726,114.07,1,Medium
SC-10585,2025-11-19,Antwerp,Busan,Road,Automotive,3982.11,28.5,2.26,2.9,Clear,0.943,2.38,0,Medium
SC-10586,2024-11-13,Singapore,Busan,Rail,Textiles,1600.02,214.02,1.45,2.1,Rain,0.673,0.93,0,Low
SC-10587,2024-08-18,Hamburg,Shanghai,Air,Electronics,2368.76,235.04,4.16,4.0,Clear,0.687,0.5,1,High
SC-10588,2024-07-22,Rotterdam,Shanghai,Sea,Textiles,2356.66,464.35,3.85,1.1,Rain,0.93,3.76,0,Medium
SC-10589,2024-05-30,Antwerp,Rotterdam,Air,Electronics,2702.59,320.9,1.66,0.3,Hurricane,0.758,0.88,1,Low
SC-10590,2024-01-26,Shanghai,Marseille,Air,Electronics,2512.99,156.51,3.76,6.6,Fog,0.768,0.5,1,Medium
SC-10591,2024-02-17,Shanghai,Antwerp,Road,Automotive,9792.68,263.13,3.27,6.1,Storm,0.93,22.66,0,Medium
SC-10592,2024-09-07,Hamburg,Antwerp,Rail,Automotive,3137.26,33.96,2.55,7.1,Rain,0.745,4.7,0,Medium
SC-10593,2025-05-01,Dubai,Los Angeles,Air,Electronics,5512.18,486.31,2.04,6.6,Fog,0.841,0.54,0,Medium
SC-10594,2025-09-17,Shanghai,Antwerp,Air,Pharmaceuticals,13503.43,180.67,4.04,1.1,Hurricane,0.543,6.26,1,High
SC-10595,2024-03-15,Hamburg,Dubai,Road,Automotive,7372.44,239.46,3.51,2.9,Hurricane,0.589,39.25,1,Medium
SC-10596,2025-04-11,Hamburg,Shanghai,Sea,Pharmaceuticals,10179.59,178.29,3.01,1.3,Clear,0.702,14.62,0,Medium
SC-10597,2025-02-28,Busan,Dubai,Sea,Perishables,2998.64,341.57,3.21,8.4,Storm,0.747,17.22,1,Medium
SC-10598,2025-10-06,Antwerp,Dubai,Rail,Pharmaceuticals,3288.19,331.45,1.5,7.5,Storm,0.983,8.93,0,Low
SC-10599,2025-08-12,Busan,Marseille,Rail,Perishables,1092.59,357.95,2.76,2.0,Hurricane,0.985,6.89,1,Medium
SC-10600,2024-07-18,Los Angeles,Marseille,Rail,Electronics,2949.56,134.8,1.84,3.4,Storm,0.926,7.71,1,Low
SC-10601,2025-12-14,Dubai,Busan,Rail,Automotive,4539.56,158.52,1.89,9.7,Storm,0.658,14.2,1,Low
SC-10602,2025-01-28,Busan,Shanghai,Sea,Textiles,3066.65,63.5,3.38,5.9,Fog,0.982,8.17,1,Medium
SC-10603,2025-05-21,Busan,Hamburg,Sea,Perishables,1786.19,328.1,4.21,8.0,Storm,0.845,10.11,1,High
SC-10604,2025-02-13,Singapore,Busan,Road,Pharmaceuticals,2249.22,20.86,2.53,2.6,Hurricane,0.696,12.68,1,Medium
SC-10605,2024-09-06,Busan,Singapore,Air,Perishables,7181.29,299.24,1.89,2.1,Hurricane,0.851,4.34,1,Low
SC-10606,2024-05-31,Shanghai,Rotterdam,Air,Perishables,3491.84,434.98,3.34,7.8,Storm,0.508,0.83,1,Medium
SC-10607,2025-11-02,Hamburg,Busan,Air,Pharmaceuticals,5781.91,445.53,4.07,6.9,Clear,0.573,0.87,0,High
SC-10608,2025-12-05,Shanghai,Rotterdam,Rail,Perishables,7799.55,225.07,3.67,6.8,Hurricane,0.915,58.26,1,Medium
SC-10609,2024-01-06,Antwerp,Los Angeles,Rail,Electronics,10510.73,230.19,4.07,5.5,Storm,0.823,28.33,0,High
SC-10610,2024-04-19,Los Angeles,Dubai,Road,Pharmaceuticals,1070.03,39.41,2.97,5.6,Rain,0.682,0.5,0,Medium
SC-10611,2025-03-11,Los Angeles,Singapore,Air,Automotive,12091.45,335.71,3.68,7.4,Hurricane,0.75,6.65,1,Medium
SC-10612,2024-08-12,Dubai,Antwerp,Road,Textiles,9604.56,410.81,1.66,2.7,Clear,0.953,6.69,0,Low
SC-10613,2024-06-29,Antwerp,Singapore,Sea,Textiles,1685.51,123.08,2.35,3.5,Fog,0.816,4.74,1,Medium
SC-10614,2025-12-13,Dubai,Marseille,Road,Perishables,13166.89,211.23,2.49,8.7,Hurricane,0.699,89.62,1,Medium
SC-10615,2025-06-14,Singapore,Antwerp,Rail,Textiles,13852.65,419.58,2.89,3.1,Fog,0.56,15.64,1,Medium
SC-10616,2025-04-20,Hamburg,Busan,Road,Pharmaceuticals,1385.63,438.68,4.27,5.5,Hurricane,0.647,8.15,1,High
SC-10617,2024-02-21,Los Angeles,Marseille,Sea,Pharmaceuticals,4514.73,122.35,4.09,7.0,Clear,0.989,8.98,0,High
SC-10618,2025-07-24,Hamburg,Singapore,Rail,Automotive,12189.92,275.73,1.64,10.0,Storm,0.719,37.3,1,Low
SC-10619,2024-09-12,Shanghai,Los Angeles,Rail,Pharmaceuticals,11349.77,97.05,1.77,4.4,Storm,0.736,28.2,1,Low
SC-10620,2024-05-04,Antwerp,Singapore,Sea,Textiles,3175.55,51.84,2.38,4.3,Rain,0.749,6.5,0,Medium
SC-10621,2025-04-12,Dubai,Antwerp,Road,Electronics,3535.57,455.65,2.16,8.4,Hurricane,0.942,23.87,1,Medium
SC-10622,2024-05-16,Shanghai,Hamburg,Sea,Electronics,5871.85,410.43,3.23,8.1,Hurricane,0.802,91.82,1,Medium
SC-10623,2025-04-20,Rotterdam,Hamburg,Road,Automotive,7525.58,380.26,4.18,7.3,Hurricane,0.847,48.32,1,High
SC-10624,2025-11-14,Busan,Rotterdam,Road,Textiles,9464.69,25.33,4.38,4.6,Fog,0.695,10.25,1,High
SC-10625,2025-06-27,Dubai,Shanghai,Road,Automotive,5849.25,422.02,3.36,3.2,Clear,0.515,4.64,0,Medium
SC-10626,2025-07-26,Dubai,Rotterdam,Air,Perishables,7206.75,219.58,3.97,6.1,Fog,0.965,0.5,1,Medium
SC-10627,2025-09-01,Los Angeles,Shanghai,Rail,Electronics,11338.33,171.86,2.93,8.8,Clear,0.975,12.06,0,Medium
SC-10628,2024-11-20,Hamburg,Marseille,Air,Automotive,1031.91,273.69,1.89,8.8,Clear,0.975,0.5,0,Low
SC-10629,2025-03-29,Rotterdam,Antwerp,Road,Automotive,4160.34,46.59,2.93,1.1,Fog,0.972,4.34,1,Medium
SC-10630,2025-09-19,Los Angeles,Shanghai,Rail,Perishables,10843.57,378.57,3.03,4.3,Storm,0.908,27.24,1,Medium
SC-10631,2025-05-31,Busan,Hamburg,Rail,Pharmaceuticals,13480.5,291.64,3.65,4.6,Fog,0.842,16.73,0,Medium
SC-10632,2025-03-12,Los Angeles,Busan,Sea,Electronics,7919.32,94.11,1.93,9.8,Fog,0.922,24.31,1,Low
SC-10633,2025-07-15,Los Angeles,Antwerp,Air,Automotive,8215.65,94.93,2.42,6.8,Rain,0.8,0.96,1,Medium
SC-10634,2025-04-01,Los Angeles,Marseille,Rail,Perishables,2053.99,92.94,2.4,4.1,Rain,0.567,2.06,0,Medium
SC-10635,2024-06-11,Hamburg,Marseille,Road,Perishables,6987.48,29.44,4.37,0.3,Fog,0.696,6.88,0,High
SC-10636,2025-05-01,Los Angeles,Rotterdam,Rail,Pharmaceuticals,8222.95,294.31,2.67,5.7,Storm,0.986,22.69,1,Medium
SC-10637,2025-04-05,Los Angeles,Singapore,Sea,Textiles,4015.82,420.33,3.69,1.0,Storm,0.676,16.94,1,Medium
SC-10638,2024-09-22,Los Angeles,Shanghai,Air,Perishables,4404.03,9.73,3.68,8.3,Fog,0.934,0.5,1,Medium
SC-10639,2024-09-10,Los Angeles,Antwerp,Sea,Textiles,5970.62,25.45,2.08,7.5,Clear,0.547,10.76,0,Medium
SC-10640,2025-10-14,Dubai,Marseille,Air,Pharmaceuticals,791.03,286.81,3.09,4.6,Clear,0.667,0.5,1,Medium
SC-10641,2024-10-10,Rotterdam,Hamburg,Road,Automotive,5170.15,409.93,4.15,4.3,Fog,0.675,6.16,1,High
SC-10642,2025-06-17,Shanghai,Rotterdam,Air,Automotive,3566.0,164.04,2.77,9.0,Storm,0.526,1.09,1,Medium
SC-10643,2025-05-11,Shanghai,Los Angeles,Road,Electronics,5248.71,175.46,4.32,2.9,Rain,0.56,4.02,0,High
SC-10644,2025-10-03,Shanghai,Dubai,Sea,Electronics,2236.55,298.58,1.91,2.5,Fog,0.597,5.23,0,Low
SC-10645,2024-09-01,Busan,Antwerp,Road,Perishables,13412.65,137.83,1.44,9.4,Fog,0.919,18.3,0,Low
SC-10646,2024-10-08,Singapore,Busan,Sea,Automotive,9107.09,14.28,4.14,8.1,Clear,0.532,18.72,0,High
SC-10647,2025-03-26,Singapore,Busan,Sea,Pharmaceuticals,10346.98,367.88,4.0,8.2,Rain,0.649,24.45,0,Medium
SC-10648,2024-03-20,Busan,Rotterdam,Rail,Perishables,11942.98,313.2,4.48,2.0,Fog,0.505,12.33,0,High
SC-10649,2025-12-31,Dubai,Antwerp,Road,Textiles,7727.41,290.8,3.44,1.4,Hurricane,0.848,39.58,1,Medium
SC-10650,2024-10-19,Dubai,Marseille,Sea,Electronics,1760.34,371.1,4.29,0.3,Clear,0.81,2.94,0,High
SC-10651,2024-08-28,Busan,Antwerp,Rail,Pharmaceuticals,8288.04,337.94,3.93,2.4,Storm,0.822,19.43,1,Medium
SC-10652,2024-10-05,Hamburg,Singapore,Sea,Textiles,9009.2,103.74,3.99,7.7,Hurricane,0.687,139.21,1,Medium
SC-10653,2024-12-09,Busan,Los Angeles,Road,Pharmaceuticals,11308.87,176.89,3.08,2.4,Hurricane,0.604,60.49,1,Medium
SC-10654,2024-11-23,Rotterdam,Shanghai,Air,Perishables,6759.06,63.93,2.46,7.3,Clear,0.86,0.5,0,Medium
SC-10655,2025-07-07,Hamburg,Rotterdam,Rail,Perishables,2349.91,65.8,4.28,2.5,Rain,0.906,1.76,0,High
SC-10656,2024-03-23,Antwerp,Dubai,Sea,Pharmaceuticals,4614.75,338.42,2.63,4.0,Storm,0.569,22.87,1,Medium
SC-10657,2024-05-21,Los Angeles,Dubai,Air,Perishables,5764.69,429.44,2.98,9.8,Rain,0.743,1.07,1,Medium
SC-10658,2024-06-03,Rotterdam,Singapore,Road,Electronics,9865.8,481.4,2.67,2.4,Clear,0.624,6.21,0,Medium
SC-10659,2024-08-24,Singapore,Rotterdam,Rail,Pharmaceuticals,8776.29,314.55,3.06,3.8,Hurricane,0.584,58.16,1,Medium
SC-10660,2025-01-27,Antwerp,Busan,Air,Textiles,5663.4,92.87,2.75,3.0,Storm,0.867,1.17,0,Medium
SC-10661,2025-12-11,Busan,Rotterdam,Air,Textiles,14804.47,53.72,1.36,1.1,Rain,0.769,1.77,0,Low
SC-10662,2024-06-05,Singapore,Busan,Sea,Perishables,9283.73,406.61,4.11,4.9,Fog,0.608,24.06,0,High
SC-10663,2025-12-24,Dubai,Marseille,Road,Perishables,3939.79,289.8,2.67,3.8,Fog,0.655,3.31,0,Medium
SC-10664,2024-08-07,Antwerp,Shanghai,Sea,Perishables,1975.85,309.52,3.14,6.9,Hurricane,0.983,29.9,1,Medium
SC-10665,2024-03-06,Rotterdam,Antwerp,Rail,Electronics,2716.46,390.95,1.66,8.2,Hurricane,0.924,22.33,1,Low
SC-10666,2025-02-28,Busan,Hamburg,Air,Automotive,4066.39,351.94,1.21,5.4,Rain,0.94,0.68,1,Low
SC-10667,2025-02-21,Shanghai,Singapore,Road,Pharmaceuticals,2829.88,417.39,2.01,0.3,Hurricane,0.73,13.3,1,Medium
SC-10668,2024-12-04,Busan,Marseille,Sea,Automotive,3205.22,29.05,3.53,6.2,Fog,0.812,8.2,1,Medium
SC-10669,2025-07-09,Dubai,Rotterdam,Sea,Pharmaceuticals,4633.88,374.01,1.53,0.6,Storm,0.688,19.37,1,Low
SC-10670,2025-04-22,Singapore,Busan,Air,Textiles,3013.92,425.58,4.2,6.2,Storm,0.539,1.62,1,High
SC-10671,2025-03-01,Singapore,Shanghai,Rail,Electronics,13503.1,143.78,1.91,6.9,Storm,0.701,37.6,1,Low
SC-10672,2024-03-04,Los Angeles,Singapore,Air,Perishables,1663.39,320.58,1.88,2.0,Fog,0.797,0.5,0,Low
SC-10673,2024-07-30,Antwerp,Los Angeles,Rail,Automotive,8105.42,157.77,1.8,8.2,Fog,0.644,11.82,1,Low
SC-10674,2025-03-06,Shanghai,Los Angeles,Rail,Automotive,6450.75,479.03,1.25,9.1,Rain,0.924,7.67,0,Low
SC-10675,2025-02-02,Dubai,Antwerp,Road,Electronics,14744.49,17.68,3.75,8.1,Storm,0.576,37.82,1,Medium
SC-10676,2025-08-21,Dubai,Rotterdam,Air,Perishables,2124.56,290.32,4.09,3.1,Clear,0.684,0.5,0,High
SC-10677,2025-12-13,Hamburg,Antwerp,Road,Electronics,6268.91,84.09,3.23,5.9,Hurricane,0.562,39.2,1,Medium
SC-10678,2024-01-21,Rotterdam,Los Angeles,Air,Electronics,14557.32,356.4,1.82,9.1,Storm,0.702,3.38,1,Low
SC-10679,2025-08-12,Hamburg,Dubai,Air,Electronics,13049.85,88.77,2.14,3.2,Rain,0.52,1.55,0,Medium
SC-10680,2025-01-24,Los Angeles,Marseille,Rail,Textiles,12347.55,118.46,2.77,8.2,Rain,0.636,15.3,1,Medium
SC-10681,2025-05-03,Hamburg,Los Angeles,Sea,Perishables,4239.59,247.69,4.35,0.1,Rain,0.7,7.14,0,High
SC-10682,2024-01-07,Busan,Singapore,Rail,Automotive,2977.87,457.5,2.02,0.0,Storm,0.739,6.06,0,Medium
SC-10683,2024-12-26,Dubai,Marseille,Rail,Pharmaceuticals,10195.33,106.65,3.61,7.6,Rain,0.772,11.76,1,Medium
SC-10684,2024-11-01,Dubai,Marseille,Sea,Automotive,13975.95,72.98,2.65,7.6,Rain,0.637,32.11,0,Medium
SC-10685,2025-02-03,Rotterdam,Singapore,Sea,Textiles,8573.06,379.73,2.18,7.9,Storm,0.762,48.98,1,Medium
SC-10686,2025-03-05,Busan,Hamburg,Air,Automotive,8788.38,250.81,2.7,9.3,Hurricane,0.755,6.14,1,Medium
SC-10687,2025-07-05,Antwerp,Hamburg,Sea,Perishables,4559.7,455.98,1.43,1.2,Clear,0.658,6.83,1,Low
SC-10688,2025-07-13,Los Angeles,Shanghai,Sea,Automotive,11657.65,74.16,3.84,2.3,Clear,0.915,17.49,0,Medium
SC-10689,2025-09-09,Antwerp,Busan,Air,Electronics,3212.13,323.32,2.0,9.0,Storm,0.773,0.5,1,Low
SC-10690,2024-08-13,Dubai,Busan,Sea,Automotive,5193.35,117.21,3.59,1.8,Clear,0.666,6.69,1,Medium
SC-10691,2025-05-14,Dubai,Antwerp,Rail,Electronics,6668.83,79.22,1.43,6.8,Fog,0.974,9.7,1,Low
SC-10692,2024-08-12,Antwerp,Marseille,Air,Electronics,7860.35,342.03,4.35,5.3,Rain,0.923,0.5,1,High
SC-10693,2024-10-06,Hamburg,Dubai,Sea,Pharmaceuticals,4014.94,297.25,1.84,0.8,Storm,0.991,17.2,0,Low
SC-10694,2025-03-22,Busan,Dubai,Road,Textiles,2165.13,377.66,4.11,2.9,Clear,0.846,1.72,0,High
SC-10695,2025-05-12,Rotterdam,Antwerp,Rail,Textiles,9353.99,155.42,3.87,5.2,Storm,0.689,24.3,1,Medium
SC-10696,2024-01-30,Rotterdam,Dubai,Sea,Electronics,4685.14,224.54,4.39,8.5,Storm,0.64,28.11,1,High
SC-10697,2025-02-02,Los Angeles,Shanghai,Road,Pharmaceuticals,8927.95,203.33,2.78,7.1,Rain,0.832,8.68,1,Medium
SC-10698,2024-12-10,Shanghai,Rotterdam,Sea,Perishables,2738.26,492.06,3.6,6.2,Fog,0.99,7.44,1,Medium
SC-10699,2025-11-15,Hamburg,Busan,Road,Pharmaceuticals,7476.53,146.83,2.42,5.0,Hurricane,0.813,43.65,1,Medium
SC-10700,2025-11-26,Los Angeles,Antwerp,Rail,Electronics,8222.55,148.11,1.81,3.0,Clear,0.941,6.15,1,Low
SC-10701,2025-02-18,Antwerp,Dubai,Sea,Automotive,1251.44,177.92,2.66,1.2,Storm,0.665,5.83,0,Medium
SC-10702,2024-06-18,Antwerp,Rotterdam,Rail,Pharmaceuticals,5380.76,282.73,1.75,4.1,Hurricane,0.703,35.67,1,Low
SC-10703,2025-04-23,Los Angeles,Rotterdam,Sea,Perishables,2449.01,126.91,4.44,0.3,Storm,0.953,10.95,1,High
SC-10704,2024-05-10,Rotterdam,Antwerp,Rail,Perishables,1418.94,457.73,1.52,2.1,Storm,0.878,4.44,1,Low
SC-10705,2025-09-29,Rotterdam,Antwerp,Air,Pharmaceuticals,14854.42,133.58,3.14,4.3,Fog,0.991,1.74,0,Medium
SC-10706,2025-06-30,Busan,Hamburg,Road,Perishables,5174.13,448.01,3.27,4.2,Storm,0.887,11.92,1,Medium
SC-10707,2024-01-28,Singapore,Antwerp,Air,Pharmaceuticals,12243.18,52.63,2.98,0.4,Hurricane,0.724,5.57,1,Medium
SC-10708,2025-02-07,Rotterdam,Hamburg,Rail,Textiles,4192.29,328.62,3.39,5.9,Clear,0.766,3.5,1,Medium
SC-10709,2025-08-29,Antwerp,Shanghai,Sea,Electronics,10381.79,453.59,1.58,5.5,Fog,0.95,27.67,1,Low
SC-10710,2025-07-31,Busan,Shanghai,Sea,Automotive,11523.3,85.21,3.03,0.8,Rain,0.776,20.96,0,Medium
SC-10711,2025-11-09,Rotterdam,Shanghai,Sea,Automotive,9136.76,484.2,2.15,9.4,Fog,0.628,27.75,1,Medium
SC-10712,2024-01-28,Dubai,Shanghai,Air,Automotive,7337.85,226.99,4.3,1.0,Hurricane,0.718,2.69,1,High
SC-10713,2024-03-26,Busan,Singapore,Air,Perishables,6471.69,472.91,3.71,8.5,Fog,0.758,0.5,1,Medium
SC-10714,2025-10-20,Hamburg,Antwerp,Rail,Electronics,5558.59,338.73,4.41,0.0,Clear,0.548,3.75,1,High
SC-10715,2025-03-14,Hamburg,Shanghai,Air,Textiles,13978.17,151.49,1.32,8.8,Rain,0.872,0.76,1,Low
SC-10716,2024-05-18,Singapore,Busan,Air,Textiles,12543.98,94.96,2.14,0.2,Storm,0.555,2.82,1,Medium
SC-10717,2025-04-17,Antwerp,Shanghai,Road,Pharmaceuticals,14492.89,152.56,1.84,7.6,Rain,0.702,14.38,1,Low
SC-10718,2024-07-05,Shanghai,Busan,Rail,Textiles,2302.31,47.42,1.24,3.6,Storm,0.902,6.15,1,Low
SC-10719,2024-02-21,Rotterdam,Singapore,Sea,Automotive,11097.58,72.79,2.0,7.4,Fog,0.734,31.5,0,Low
SC-10720,2024-09-23,Singapore,Hamburg,Rail,Pharmaceuticals,14105.94,53.23,3.44,4.0,Clear,0.921,11.19,0,Medium
SC-10721,2025-01-23,Los Angeles,Antwerp,Road,Electronics,3127.88,212.05,1.96,0.7,Rain,0.671,1.66,0,Low
SC-10722,2024-12-01,Hamburg,Los Angeles,Road,Textiles,1464.2,397.99,2.88,7.7,Rain,0.979,0.99,1,Medium
SC-10723,2024-08-04,Busan,Los Angeles,Sea,Perishables,11246.25,71.55,4.13,0.7,Rain,0.605,19.59,0,High
SC-10724,2025-04-10,Shanghai,Busan,Road,Textiles,8829.86,66.03,3.49,9.2,Rain,0.519,9.47,1,Medium
SC-10725,2024-11-30,Busan,Antwerp,Air,Electronics,12706.52,322.07,2.5,0.5,Hurricane,0.936,5.73,1,Medium
SC-10726,2024-12-11,Dubai,Shanghai,Air,Perishables,2526.7,99.39,2.43,4.8,Storm,0.876,0.5,1,Medium
SC-10727,2025-01-23,Hamburg,Los Angeles,Air,Perishables,12031.38,49.71,2.7,7.2,Hurricane,0.616,6.83,1,Medium
SC-10728,2024-10-11,Dubai,Busan,Road,Perishables,3423.6,84.26,1.78,3.9,Storm,0.992,6.8,0,Low
SC-10729,2025-03-07,Dubai,Shanghai,Sea,Automotive,2873.01,461.94,3.29,2.2,Storm,0.751,13.47,0,Medium
SC-10730,2024-09-15,Hamburg,Dubai,Air,Textiles,2881.85,410.91,2.4,7.6,Rain,0.976,0.5,0,Medium
SC-10731,2024-03-24,Dubai,Busan,Road,Electronics,12311.33,177.68,4.01,7.8,Rain,0.753,11.66,0,High
SC-10732,2025-04-26,Singapore,Antwerp,Road,Textiles,10145.36,328.25,3.7,9.2,Clear,0.736,9.31,0,Medium
SC-10733,2024-01-20,Antwerp,Marseille,Road,Pharmaceuticals,8084.45,269.1,3.21,3.8,Storm,0.725,18.32,1,Medium
SC-10734,2025-07-06,Shanghai,Singapore,Rail,Pharmaceuticals,5703.04,338.89,2.4,5.1,Hurricane,0.667,40.12,1,Medium
SC-10735,2024-02-23,Dubai,Marseille,Rail,Textiles,13219.41,341.65,1.89,3.6,Rain,0.767,12.93,0,Low
SC-10736,2024-12-24,Los Angeles,Marseille,Air,Textiles,6190.45,314.74,3.76,2.6,Hurricane,0.726,2.75,1,Medium
SC-10737,2024-08-17,Rotterdam,Hamburg,Sea,Automotive,12340.69,133.78,2.81,7.5,Fog,0.518,35.26,1,Medium
SC-10738,2025-10-27,Hamburg,Marseille,Sea,Textiles,6867.46,20.46,1.94,3.4,Rain,0.63,13.01,1,Low
SC-10739,2024-03-11,Dubai,Hamburg,Road,Textiles,5965.69,228.33,1.84,4.3,Clear,0.607,4.44,1,Low
SC-10740,2025-10-29,Dubai,Hamburg,Air,Perishables,7208.86,445.6,1.75,4.0,Storm,0.934,0.78,0,Low
SC-10741,2024-02-11,Busan,Antwerp,Sea,Automotive,4869.98,285.18,3.76,7.1,Clear,0.799,8.23,0,Medium
SC-10742,2024-02-01,Busan,Los Angeles,Rail,Automotive,11340.34,416.36,1.96,9.2,Rain,0.882,13.9,0,Low
SC-10743,2024-09-10,Shanghai,Singapore,Sea,Automotive,7789.45,495.82,2.94,6.7,Hurricane,0.978,115.41,1,Medium
SC-10744,2024-07-23,Antwerp,Marseille,Rail,Electronics,3867.08,82.64,2.69,4.7,Fog,0.822,4.69,1,Medium
SC-10745,2024-01-21,Hamburg,Singapore,Rail,Pharmaceuticals,13543.83,346.2,3.11,7.8,Fog,0.991,18.96,0,Medium
SC-10746,2025-09-28,Busan,Singapore,Road,Automotive,6066.42,337.47,4.09,6.4,Rain,0.656,5.87,1,High
SC-10747,2024-06-05,Rotterdam,Singapore,Sea,Textiles,8381.52,490.0,4.06,0.6,Hurricane,0.593,95.46,1,High
SC-10748,2024-09-01,Rotterdam,Marseille,Rail,Perishables,13643.85,492.81,2.69,1.0,Hurricane,0.702,79.36,1,Medium
SC-10749,2024-05-09,Dubai,Marseille,Road,Pharmaceuticals,9551.45,343.65,1.25,0.4,Clear,0.735,6.68,0,Low
SC-10750,2025-04-29,Antwerp,Dubai,Sea,Perishables,2195.02,122.56,2.61,4.6,Fog,0.948,5.94,0,Medium
SC-10751,2025-11-16,Antwerp,Dubai,Air,Electronics,14127.57,399.48,3.2,8.3,Rain,0.78,0.56,0,Medium
SC-10752,2024-04-27,Shanghai,Rotterdam,Sea,Perishables,9601.77,54.41,3.04,3.1,Clear,0.646,14.79,0,Medium
SC-10753,2025-07-31,Shanghai,Antwerp,Sea,Automotive,5356.13,390.57,3.35,3.8,Fog,0.871,13.38,1,Medium
SC-10754,2024-08-11,Rotterdam,Los Angeles,Air,Pharmaceuticals,2519.45,455.19,1.71,9.1,Storm,0.753,0.5,1,Low
SC-10755,2025-04-21,Dubai,Antwerp,Road,Electronics,12013.37,192.03,3.33,8.4,Rain,0.581,11.17,1,Medium
SC-10756,2025-12-17,Los Angeles,Marseille,Road,Perishables,9491.05,315.69,1.8,6.7,Hurricane,0.788,60.49,1,Low
SC-10757,2024-09-19,Dubai,Antwerp,Rail,Textiles,8235.19,215.64,3.68,2.7,Rain,0.956,7.94,0,Medium
SC-10758,2025-01-12,Dubai,Singapore,Sea,Textiles,13461.44,219.44,2.32,1.2,Rain,0.921,23.97,1,Medium
SC-10759,2024-06-20,Hamburg,Antwerp,Sea,Electronics,11934.66,155.88,3.54,0.2,Clear,0.793,16.84,1,Medium
SC-10760,2025-09-12,Hamburg,Rotterdam,Rail,Electronics,2699.29,381.3,1.36,1.1,Storm,0.689,5.89,1,Low
SC-10761,2025-09-13,Antwerp,Marseille,Air,Perishables,5019.97,468.15,2.55,2.9,Clear,0.543,0.5,1,Medium
SC-10762,2024-04-27,Hamburg,Rotterdam,Rail,Automotive,4103.09,470.43,3.53,5.5,Fog,0.735,5.71,1,Medium
SC-10763,2024-06-16,Busan,Antwerp,Road,Electronics,11287.22,88.22,1.95,0.6,Fog,0.876,11.17,0,Low
SC-10764,2024-11-14,Dubai,Marseille,Rail,Pharmaceuticals,986.22,437.5,3.82,1.4,Hurricane,0.68,5.6,1,Medium
SC-10765,2024-04-20,Busan,Rotterdam,Sea,Automotive,8763.4,368.98,3.28,1.8,Rain,0.618,15.42,0,Medium
SC-10766,2025-08-15,Antwerp,Marseille,Sea,Pharmaceuticals,11555.65,127.17,3.14,6.3,Clear,0.966,20.55,0,Medium
SC-10767,2024-01-27,Rotterdam,Los Angeles,Sea,Textiles,13213.1,34.58,2.37,6.2,Storm,0.911,71.57,1,Medium
SC-10768,2024-11-15,Rotterdam,Shanghai,Rail,Textiles,5460.19,134.73,2.79,5.5,Rain,0.819,5.9,0,Medium
SC-10769,2025-08-12,Singapore,Rotterdam,Air,Textiles,12408.23,456.19,3.17,2.5,Hurricane,0.568,4.75,1,Medium
SC-10770,2025-11-24,Rotterdam,Shanghai,Rail,Electronics,2104.16,316.96,2.76,3.7,Rain,0.572,2.3,0,Medium
SC-10771,2025-01-19,Los Angeles,Antwerp,Road,Textiles,12773.56,360.81,3.5,1.0,Fog,0.552,12.28,1,Medium
SC-10772,2025-02-10,Hamburg,Marseille,Air,Perishables,2348.59,129.32,2.63,2.3,Fog,0.808,0.5,0,Medium
SC-10773,2024-07-22,Shanghai,Rotterdam,Rail,Pharmaceuticals,6260.67,359.97,1.87,9.0,Hurricane,0.558,49.9,1,Low
SC-10774,2024-03-18,Los Angeles,Dubai,Rail,Textiles,12060.78,15.03,1.91,9.8,Rain,0.921,15.01,1,Low
SC-10775,2025-08-29,Rotterdam,Los Angeles,Road,Perishables,2673.8,188.29,1.22,6.5,Fog,0.996,3.09,0,Low
SC-10776,2025-12-08,Antwerp,Shanghai,Sea,Perishables,3824.15,313.75,2.19,9.2,Clear,0.683,8.01,1,Medium
SC-10777,2025-10-04,Shanghai,Marseille,Rail,Automotive,10972.66,73.9,3.67,6.4,Fog,0.727,15.03,1,Medium
SC-10778,2024-09-05,Shanghai,Singapore,Sea,Textiles,10940.53,411.68,3.82,0.3,Rain,0.856,19.17,0,Medium
SC-10779,2024-04-14,Shanghai,Antwerp,Road,Pharmaceuticals,9796.64,118.28,1.87,10.0,Rain,0.969,10.32,1,Low
SC-10780,2025-12-14,Busan,Singapore,Rail,Pharmaceuticals,10562.25,326.49,4.36,1.0,Storm,0.947,22.6,1,High
SC-10781,2024-11-04,Singapore,Rotterdam,Rail,Pharmaceuticals,8369.5,203.19,2.86,6.8,Clear,0.529,7.26,0,Medium
SC-10782,2025-12-01,Singapore,Marseille,Road,Perishables,4151.09,298.43,4.23,2.5,Rain,0.585,3.71,0,High
SC-10783,2025-09-06,Antwerp,Shanghai,Sea,Automotive,5512.59,54.62,3.53,3.9,Clear,0.877,9.17,0,Medium
SC-10784,2024-05-03,Shanghai,Antwerp,Sea,Perishables,3133.17,9.44,3.58,6.5,Rain,0.844,7.23,0,Medium
SC-10785,2025-08-02,Shanghai,Singapore,Rail,Perishables,13672.53,454.87,1.48,4.4,Hurricane,0.567,92.84,1,Low
SC-10786,2024-02-12,Hamburg,Rotterdam,Rail,Electronics,8959.18,135.55,1.93,2.5,Rain,0.751,7.39,0,Low
SC-10787,2024-12-21,Rotterdam,Busan,Air,Automotive,6312.35,410.02,1.23,3.3,Hurricane,0.89,2.5,1,Low
SC-10788,2025-06-29,Shanghai,Dubai,Sea,Electronics,7199.08,499.68,3.56,3.4,Clear,0.609,11.2,1,Medium
SC-10789,2025-03-14,Antwerp,Rotterdam,Air,Pharmaceuticals,14235.61,106.5,2.34,9.6,Storm,0.936,2.88,0,Medium
SC-10790,2025-11-08,Hamburg,Los Angeles,Sea,Electronics,2723.6,133.32,3.8,8.0,Hurricane,0.526,42.14,1,Medium
SC-10791,2025-01-14,Los Angeles,Marseille,Rail,Textiles,9000.33,331.77,2.32,4.6,Storm,0.891,23.55,1,Medium
SC-10792,2024-03-11,Los Angeles,Hamburg,Sea,Electronics,7835.39,482.76,3.9,2.0,Clear,0.808,12.57,0,Medium
SC-10793,2025-06-02,Hamburg,Los Angeles,Sea,Textiles,9366.09,457.99,1.63,8.1,Rain,0.658,21.79,0,Low
SC-10794,2025-10-25,Busan,Los Angeles,Rail,Electronics,762.6,251.93,1.77,1.6,Rain,0.86,0.56,0,Low
SC-10795,2024-12-15,Rotterdam,Antwerp,Rail,Automotive,13145.8,397.76,2.32,2.1,Clear,0.891,9.74,0,Medium
SC-10796,2024-01-13,Rotterdam,Hamburg,Rail,Pharmaceuticals,14015.72,68.74,2.55,3.7,Fog,0.967,17.32,1,Medium
SC-10797,2025-03-06,Rotterdam,Singapore,Sea,Textiles,8694.43,488.74,2.35,8.8,Clear,0.684,17.49,0,Medium
SC-10798,2025-05-16,Singapore,Hamburg,Air,Perishables,10601.44,482.21,3.72,1.3,Hurricane,0.843,5.11,1,Medium
SC-10799,2024-04-18,Singapore,Shanghai,Air,Electronics,13876.24,82.7,1.52,1.2,Clear,0.801,1.17,0,Low
SC-10800,2025-03-19,Dubai,Rotterdam,Sea,Pharmaceuticals,10754.96,150.41,2.36,4.9,Clear,0.763,17.48,0,Medium
SC-10801,2025-01-05,Dubai,Singapore,Air,Textiles,2711.82,50.98,3.96,2.8,Hurricane,0.945,1.21,1,Medium
SC-10802,2025-10-12,Busan,Shanghai,Sea,Pharmaceuticals,8856.18,136.59,1.42,5.7,Rain,0.502,19.65,1,Low
SC-10803,2025-04-15,Busan,Shanghai,Rail,Perishables,9297.37,408.16,4.31,4.5,Rain,0.641,9.28,1,High
SC-10804,2025-12-25,Hamburg,Busan,Rail,Pharmaceuticals,6649.89,189.78,4.45,4.3,Rain,0.769,7.32,0,High
SC-10805,2024-06-05,Busan,Shanghai,Sea,Automotive,11178.44,45.11,1.49,1.1,Storm,0.589,49.03,1,Low
SC-10806,2025-03-21,Rotterdam,Shanghai,Rail,Automotive,14048.32,171.77,2.16,1.4,Hurricane,0.954,83.64,1,Medium
SC-10807,2024-06-29,Rotterdam,Marseille,Rail,Pharmaceuticals,13920.74,490.71,2.43,8.2,Rain,0.824,15.79,1,Medium
SC-10808,2025-06-18,Busan,Hamburg,Sea,Electronics,7037.17,315.21,3.76,8.9,Fog,0.739,20.61,0,Medium
SC-10809,2025-10-28,Antwerp,Hamburg,Road,Automotive,2141.95,208.66,3.17,2.3,Hurricane,0.907,11.76,1,Medium
SC-10810,2024-10-03,Hamburg,Rotterdam,Sea,Electronics,14780.2,84.1,3.33,1.1,Fog,0.725,32.98,1,Medium
SC-10811,2025-09-22,Dubai,Shanghai,Rail,Pharmaceuticals,12664.02,493.1,3.7,0.5,Clear,0.779,9.04,1,Medium
SC-10812,2025-07-05,Busan,Shanghai,Road,Pharmaceuticals,2307.61,410.6,1.59,6.1,Hurricane,0.501,13.72,1,Low
SC-10813,2025-05-10,Los Angeles,Busan,Sea,Electronics,13852.21,141.46,3.95,7.2,Clear,0.683,26.14,0,Medium
SC-10814,2025-04-21,Shanghai,Dubai,Rail,Textiles,13113.5,35.96,3.53,3.7,Clear,0.569,11.43,0,Medium
SC-10815,2025-03-22,Busan,Los Angeles,Rail,Electronics,8023.15,29.26,3.11,6.8,Clear,0.845,8.34,0,Medium
SC-10816,2025-08-29,Hamburg,Antwerp,Sea,Automotive,9073.49,61.07,4.14,7.1,Clear,0.74,16.94,1,High
SC-10817,2024-10-01,Dubai,Shanghai,Air,Perishables,6285.54,290.8,3.51,9.4,Rain,0.651,0.5,1,Medium
SC-10818,2024-11-26,Antwerp,Busan,Sea,Perishables,1294.04,464.45,1.87,0.6,Hurricane,0.734,15.26,1,Low
SC-10819,2024-09-08,Hamburg,Singapore,Sea,Pharmaceuticals,5360.36,248.87,2.62,1.9,Storm,0.605,24.34,1,Medium
SC-10820,2024-03-29,Rotterdam,Antwerp,Sea,Electronics,12141.38,421.63,2.83,0.7,Fog,0.963,26.63,0,Medium
SC-10821,2024-10-12,Hamburg,Shanghai,Sea,Automotive,567.16,223.5,1.38,8.7,Clear,0.527,1.27,1,Low
SC-10822,2025-04-06,Singapore,Busan,Road,Automotive,5335.74,354.58,4.35,7.9,Fog,0.933,6.21,1,High
SC-10823,2024-09-06,Singapore,Shanghai,Sea,Electronics,6273.45,366.2,1.62,5.7,Rain,0.756,13.49,1,Low
SC-10824,2025-04-20,Rotterdam,Los Angeles,Road,Electronics,8292.24,87.81,3.5,0.8,Rain,0.809,6.82,0,Medium
SC-10825,2025-08-06,Dubai,Antwerp,Rail,Electronics,13837.91,181.25,2.87,2.7,Storm,0.651,32.69,1,Medium
SC-10826,2025-09-16,Hamburg,Antwerp,Road,Perishables,5522.02,319.01,1.28,3.0,Fog,0.983,5.15,0,Low
SC-10827,2025-11-15,Busan,Dubai,Sea,Textiles,5530.82,36.28,4.25,5.6,Storm,0.641,28.71,0,High
SC-10828,2025-01-23,Singapore,Busan,Rail,Automotive,11193.77,181.41,4.01,2.6,Fog,0.794,12.78,0,High
SC-10829,2024-12-10,Busan,Rotterdam,Air,Electronics,7057.16,267.86,2.93,0.7,Clear,0.997,0.5,0,Medium
SC-10830,2024-01-30,Busan,Rotterdam,Air,Textiles,3756.77,498.12,1.96,7.3,Hurricane,0.941,2.55,1,Low
SC-10831,2025-05-21,Hamburg,Marseille,Sea,Pharmaceuticals,7060.37,237.79,1.6,3.0,Storm,0.768,33.26,1,Low
SC-10832,2024-11-28,Singapore,Marseille,Rail,Pharmaceuticals,2542.43,408.21,2.4,4.5,Storm,0.995,7.27,1,Medium
SC-10833,2024-07-05,Antwerp,Rotterdam,Air,Automotive,3057.61,216.6,2.04,1.3,Hurricane,0.851,0.69,1,Medium
SC-10834,2025-05-14,Hamburg,Singapore,Air,Automotive,7726.33,398.4,2.87,8.0,Storm,0.604,2.86,1,Medium
SC-10835,2024-08-05,Los Angeles,Shanghai,Sea,Pharmaceuticals,6574.42,298.11,4.39,5.7,Clear,0.703,12.58,0,High
SC-10836,2024-12-29,Singapore,Dubai,Sea,Textiles,13765.27,443.41,3.1,9.0,Fog,0.667,41.68,0,Medium
SC-10837,2024-09-21,Dubai,Marseille,Road,Electronics,5754.71,206.06,4.14,5.0,Hurricane,0.672,33.37,1,High
SC-10838,2024-12-14,Los Angeles,Busan,Air,Electronics,8918.53,302.55,3.35,9.4,Hurricane,0.88,5.44,1,Medium
SC-10839,2024-10-13,Antwerp,Singapore,Air,Textiles,9667.83,315.38,2.77,8.9,Rain,0.792,0.68,0,Medium
SC-10840,2025-09-02,Antwerp,Rotterdam,Air,Perishables,689.87,209.27,4.02,5.8,Rain,0.519,0.5,0,High
SC-10841,2025-12-19,Antwerp,Hamburg,Air,Textiles,10121.29,73.01,2.76,9.3,Clear,0.939,0.92,1,Medium
SC-10842,2024-10-09,Los Angeles,Shanghai,Road,Automotive,3081.52,47.69,4.07,3.2,Storm,0.648,5.98,1,High
SC-10843,2025-07-23,Rotterdam,Los Angeles,Sea,Electronics,14435.52,9.32,2.16,3.7,Storm,0.999,70.79,0,Medium
SC-10844,2024-01-11,Antwerp,Singapore,Rail,Pharmaceuticals,2655.61,436.89,1.63,0.5,Rain,0.977,2.16,1,Low
SC-10845,2025-06-13,Antwerp,Singapore,Air,Pharmaceuticals,6512.05,119.0,4.02,5.9,Rain,0.97,0.5,1,High
SC-10846,2024-07-14,Los Angeles,Rotterdam,Road,Automotive,1737.57,106.54,3.14,7.2,Rain,0.906,2.73,0,Medium
SC-10847,2024-03-28,Hamburg,Los Angeles,Air,Textiles,14954.68,368.28,4.13,7.7,Clear,0.61,0.81,1,High
SC-10848,2024-09-04,Shanghai,Dubai,Sea,Perishables,7781.83,160.69,4.29,1.5,Fog,0.766,17.65,0,High
SC-10849,2025-02-20,Antwerp,Shanghai,Road,Electronics,9133.08,253.52,1.38,4.4,Fog,0.612,10.04,0,Low
SC-10850,2025-05-15,Los Angeles,Marseille,Air,Textiles,1472.61,82.09,2.85,1.8,Fog,0.63,0.5,1,Medium
SC-10851,2025-07-22,Hamburg,Singapore,Road,Textiles,11374.43,479.91,2.44,6.6,Hurricane,0.805,72.31,1,Medium
SC-10852,2024-09-03,Hamburg,Dubai,Air,Perishables,3543.63,425.94,3.27,1.6,Clear,0.52,0.64,0,Medium
SC-10853,2025-12-08,Hamburg,Rotterdam,Rail,Pharmaceuticals,13521.79,432.03,3.82,9.0,Storm,0.985,41.04,1,Medium
SC-10854,2025-05-02,Antwerp,Los Angeles,Rail,Perishables,3474.52,203.98,2.13,2.3,Storm,0.959,8.19,1,Medium
SC-10855,2025-10-23,Los Angeles,Shanghai,Air,Automotive,3264.97,381.42,3.04,2.9,Fog,0.69,0.5,1,Medium
SC-10856,2025-12-29,Shanghai,Rotterdam,Road,Textiles,1029.97,72.79,3.54,8.5,Storm,0.758,2.55,1,Medium
SC-10857,2025-05-17,Rotterdam,Hamburg,Road,Perishables,7344.97,5.3,1.64,4.6,Fog,0.733,7.61,0,Low
SC-10858,2025-04-03,Rotterdam,Hamburg,Rail,Pharmaceuticals,8690.2,10.97,3.89,0.2,Storm,0.941,18.29,1,Medium
SC-10859,2024-01-18,Hamburg,Busan,Rail,Pharmaceuticals,1452.78,293.71,3.2,4.9,Rain,0.844,1.63,0,Medium
SC-10860,2024-04-05,Shanghai,Los Angeles,Air,Pharmaceuticals,11745.15,228.24,4.33,0.8,Fog,0.639,1.16,0,High
SC-10861,2024-10-28,Busan,Shanghai,Sea,Automotive,7072.69,259.49,2.32,9.9,Clear,0.723,14.75,1,Medium
SC-10862,2024-08-14,Busan,Dubai,Road,Electronics,8103.66,4.72,1.56,5.9,Clear,0.714,6.13,0,Low
SC-10863,2025-02-18,Hamburg,Marseille,Rail,Perishables,6891.06,211.92,2.87,2.6,Hurricane,0.98,43.17,1,Medium
SC-10864,2025-12-09,Busan,Marseille,Road,Automotive,6311.06,359.32,1.48,5.6,Storm,0.588,14.17,1,Low
SC-10865,2024-09-06,Los Angeles,Busan,Sea,Pharmaceuticals,8614.78,221.9,4.4,0.8,Storm,0.545,37.43,0,High
SC-10866,2024-11-09,Dubai,Antwerp,Sea,Pharmaceuticals,2750.98,366.38,1.33,8.0,Rain,0.94,6.31,1,Low
SC-10867,2025-11-10,Singapore,Antwerp,Road,Automotive,3137.96,117.28,3.69,9.3,Hurricane,0.948,21.95,1,Medium
SC-10868,2025-08-18,Rotterdam,Los Angeles,Air,Electronics,12995.89,406.76,2.93,8.7,Clear,0.936,1.47,1,Medium
SC-10869,2025-01-12,Singapore,Hamburg,Rail,Automotive,14218.67,294.63,2.42,3.4,Clear,0.755,11.21,0,Medium
SC-10870,2025-04-29,Singapore,Rotterdam,Air,Pharmaceuticals,5912.99,106.17,1.42,3.3,Fog,0.83,0.84,1,Low
SC-10871,2025-07-20,Rotterdam,Los Angeles,Air,Pharmaceuticals,4425.8,119.12,3.25,0.4,Fog,0.782,0.5,1,Medium
SC-10872,2025-06-27,Shanghai,Hamburg,Sea,Perishables,9837.99,314.39,3.13,6.5,Fog,0.535,28.18,0,Medium
SC-10873,2024-12-18,Hamburg,Antwerp,Air,Electronics,6426.65,415.14,2.13,5.3,Fog,0.798,0.53,1,Medium
SC-10874,2025-03-11,Hamburg,Shanghai,Air,Electronics,868.1,208.4,4.2,4.6,Fog,0.507,0.5,1,High
SC-10875,2025-07-17,Rotterdam,Hamburg,Sea,Textiles,2764.21,129.89,2.2,9.1,Storm,0.662,16.75,1,Medium
SC-10876,2024-12-04,Busan,Rotterdam,Air,Textiles,10881.6,433.64,2.68,1.7,Clear,0.966,0.5,1,Medium
SC-10877,2024-12-26,Singapore,Los Angeles,Air,Electronics,10054.4,334.96,2.99,0.1,Storm,0.652,1.32,0,Medium
SC-10878,2025-12-20,Los Angeles,Busan,Sea,Electronics,892.89,224.59,1.53,0.7,Rain,0.97,1.98,0,Low
SC-10879,2025-04-09,Shanghai,Antwerp,Sea,Pharmaceuticals,3718.6,244.46,4.28,2.2,Fog,0.625,8.4,1,High
SC-10880,2024-10-04,Rotterdam,Busan,Road,Automotive,3850.58,102.92,2.44,0.3,Fog,0.657,2.39,0,Medium
SC-10881,2024-11-09,Singapore,Antwerp,Air,Perishables,10242.44,313.77,1.47,5.0,Clear,0.814,0.65,1,Low
SC-10882,2024-09-14,Busan,Hamburg,Air,Textiles,785.8,180.01,2.48,3.1,Rain,0.881,0.5,1,Medium
SC-10883,2024-08-24,Los Angeles,Dubai,Rail,Perishables,2009.57,497.83,3.18,1.8,Clear,0.751,1.59,1,Medium
SC-10884,2024-05-03,Dubai,Shanghai,Sea,Electronics,12098.78,240.61,2.9,7.5,Hurricane,0.941,185.62,1,Medium
SC-10885,2024-07-16,Antwerp,Marseille,Sea,Perishables,3088.9,243.46,3.49,2.0,Rain,0.52,6.06,1,Medium
SC-10886,2024-11-19,Hamburg,Antwerp,Air,Pharmaceuticals,9964.82,283.36,1.38,6.9,Hurricane,0.961,6.35,1,Low
SC-10887,2024-05-02,Busan,Los Angeles,Sea,Electronics,3953.65,458.46,2.14,3.5,Clear,0.598,6.17,0,Medium
SC-10888,2025-07-02,Dubai,Marseille,Sea,Perishables,1941.9,400.61,3.9,5.1,Storm,0.942,10.09,1,Medium
SC-10889,2025-12-07,Busan,Dubai,Road,Electronics,4026.0,226.11,1.46,9.3,Fog,0.7,4.75,1,Low
SC-10890,2024-07-08,Singapore,Shanghai,Sea,Pharmaceuticals,10972.87,359.63,4.02,0.4,Hurricane,0.916,123.86,1,High
SC-10891,2024-07-15,Dubai,Busan,Rail,Textiles,12907.6,293.53,1.5,5.0,Clear,0.836,10.74,0,Low
SC-10892,2024-08-09,Shanghai,Rotterdam,Air,Perishables,12538.19,246.69,3.95,8.5,Fog,0.588,0.74,1,Medium
SC-10893,2025-05-10,Rotterdam,Singapore,Road,Perishables,6259.16,96.97,2.39,5.9,Clear,0.959,5.5,0,Medium
SC-10894,2024-10-10,Singapore,Hamburg,Air,Pharmaceuticals,10187.23,232.5,3.22,2.8,Hurricane,0.623,3.79,1,Medium
SC-10895,2025-08-26,Hamburg,Antwerp,Air,Electronics,3472.27,123.66,1.7,4.0,Clear,0.622,0.9,0,Low
SC-10896,2025-06-21,Antwerp,Hamburg,Sea,Pharmaceuticals,4750.64,457.51,1.42,6.8,Rain,0.907,11.23,0,Low
SC-10897,2025-09-03,Shanghai,Dubai,Rail,Electronics,13496.87,168.37,1.91,8.9,Rain,0.553,16.51,1,Low
SC-10898,2024-10-16,Busan,Antwerp,Rail,Electronics,688.53,476.18,1.62,0.4,Rain,0.611,0.5,0,Low
SC-10899,2024-04-12,Rotterdam,Singapore,Road,Textiles,1739.87,266.99,2.23,0.7,Clear,0.752,0.5,0,Medium
SC-10900,2024-07-17,Los Angeles,Shanghai,Road,Automotive,3514.35,316.14,2.9,3.3,Clear,0.915,2.16,0,Medium
SC-10901,2024-10-30,Hamburg,Rotterdam,Rail,Pharmaceuticals,884.72,271.93,3.14,2.3,Fog,0.574,1.34,0,Medium
SC-10902,2024-08-20,Antwerp,Dubai,Road,Perishables,3130.81,65.56,3.81,2.6,Fog,0.774,3.17,0,Medium
SC-10903,2025-01-04,Singapore,Antwerp,Air,Perishables,8954.1,188.53,3.37,2.2,Hurricane,0.856,3.62,1,Medium
SC-10904,2024-07-02,Shanghai,Rotterdam,Air,Pharmaceuticals,6610.66,50.47,3.21,2.0,Fog,0.93,1.14,0,Medium
SC-10905,2024-11-05,Los Angeles,Dubai,Air,Electronics,13443.74,311.85,2.56,1.3,Clear,0.968,1.59,0,Medium
SC-10906,2024-01-15,Antwerp,Los Angeles,Road,Textiles,12352.93,223.99,2.76,9.3,Fog,0.892,16.07,1,Medium
SC-10907,2025-12-26,Busan,Shanghai,Rail,Automotive,5456.35,389.21,2.57,1.4,Fog,0.826,6.15,0,Medium
SC-10908,2025-06-30,Los Angeles,Marseille,Air,Pharmaceuticals,4261.64,111.01,3.98,2.0,Fog,0.717,0.5,0,Medium
SC-10909,2024-05-09,Singapore,Dubai,Air,Perishables,6005.54,83.12,1.96,2.5,Rain,0.556,0.5,1,Low
SC-10910,2024-10-07,Los Angeles,Dubai,Road,Textiles,9059.28,203.76,1.22,9.3,Storm,0.855,23.98,1,Low
SC-10911,2024-02-16,Busan,Rotterdam,Road,Textiles,4386.92,463.37,3.35,7.6,Rain,0.996,4.49,1,Medium
SC-10912,2024-02-25,Shanghai,Dubai,Rail,Electronics,9550.16,355.5,1.87,7.9,Rain,0.868,10.85,1,Low
SC-10913,2025-07-20,Los Angeles,Shanghai,Road,Electronics,6436.47,210.04,4.14,1.0,Rain,0.508,4.7,0,High
SC-10914,2024-10-26,Busan,Singapore,Sea,Automotive,8504.68,259.12,4.03,8.4,Rain,0.748,19.88,1,High
SC-10915,2025-12-15,Antwerp,Dubai,Rail,Perishables,6823.83,43.02,1.45,4.1,Fog,0.807,8.42,0,Low
SC-10916,2024-05-09,Hamburg,Singapore,Sea,Perishables,4769.75,492.3,1.55,2.6,Clear,0.845,7.71,0,Low
SC-10917,2025-10-15,Dubai,Marseille,Road,Textiles,14252.57,333.54,2.83,5.8,Hurricane,0.86,86.42,1,Medium
SC-10918,2025-05-17,Rotterdam,Los Angeles,Road,Automotive,11572.28,143.42,3.21,8.2,Storm,0.779,29.12,1,Medium
SC-10919,2024-04-15,Singapore,Busan,Air,Electronics,2531.64,293.32,2.11,7.8,Hurricane,0.612,1.64,1,Medium
SC-10920,2024-01-13,Shanghai,Dubai,Sea,Electronics,13092.79,55.63,3.57,8.9,Rain,0.971,31.25,0,Medium
SC-10921,2025-08-10,Hamburg,Los Angeles,Sea,Electronics,7567.75,482.95,3.16,9.3,Clear,0.848,15.15,0,Medium
SC-10922,2024-10-18,Busan,Shanghai,Road,Perishables,13471.01,88.22,2.27,2.4,Rain,0.618,10.54,0,Medium
SC-10923,2025-04-25,Hamburg,Antwerp,Rail,Pharmaceuticals,12097.9,324.37,1.28,4.2,Fog,0.661,15.03,1,Low
SC-10924,2025-05-05,Los Angeles,Hamburg,Air,Pharmaceuticals,6665.6,123.48,3.68,0.1,Hurricane,0.961,2.8,1,Medium
SC-10925,2025-03-27,Dubai,Los Angeles,Road,Automotive,825.8,359.06,1.91,8.8,Storm,0.944,2.19,1,Low
SC-10926,2024-12-14,Singapore,Los Angeles,Sea,Textiles,4395.82,388.63,3.95,1.5,Hurricane,0.703,51.57,1,Medium
SC-10927,2024-07-07,Los Angeles,Shanghai,Rail,Electronics,8353.7,337.04,2.59,8.6,Storm,0.519,25.23,1,Medium
SC-10928,2024-02-22,Shanghai,Hamburg,Air,Electronics,9685.43,307.64,3.1,3.3,Fog,0.524,0.74,0,Medium
SC-10929,2024-09-15,Los Angeles,Shanghai,Rail,Perishables,4239.37,446.34,4.08,3.7,Rain,0.642,5.15,1,High
SC-10930,2025-05-04,Antwerp,Marseille,Rail,Pharmaceuticals,2520.66,40.23,4.05,0.4,Fog,0.815,2.08,1,High
SC-10931,2024-04-26,Dubai,Antwerp,Air,Textiles,12606.49,166.13,2.43,3.3,Clear,0.792,0.5,0,Medium
SC-10932,2024-03-07,Singapore,Dubai,Road,Perishables,14773.83,124.9,1.89,8.9,Clear,0.817,12.6,1,Low
SC-10933,2025-02-14,Rotterdam,Dubai,Sea,Electronics,8122.51,494.02,3.76,0.3,Storm,0.859,34.48,0,Medium
SC-10934,2025-05-18,Hamburg,Los Angeles,Road,Pharmaceuticals,2989.35,195.31,2.63,4.1,Rain,0.51,1.59,0,Medium
SC-10935,2024-03-16,Shanghai,Los Angeles,Sea,Electronics,4448.46,366.57,1.83,0.3,Hurricane,0.553,49.79,1,Low
SC-10936,2025-08-13,Antwerp,Singapore,Road,Perishables,766.66,342.68,4.18,3.7,Storm,0.68,1.92,1,High
SC-10937,2025-10-06,Los Angeles,Busan,Rail,Pharmaceuticals,13757.33,106.83,1.85,1.7,Rain,0.577,11.98,0,Low
SC-10938,2025-12-03,Singapore,Busan,Rail,Pharmaceuticals,2207.39,120.26,1.29,2.5,Clear,0.538,2.41,0,Low
SC-10939,2024-02-24,Singapore,Marseille,Air,Electronics,8859.49,141.36,1.27,8.8,Clear,0.82,0.5,0,Low
SC-10940,2024-06-04,Busan,Hamburg,Road,Electronics,4473.8,206.15,3.25,4.4,Clear,0.908,2.79,0,Medium
SC-10941,2024-06-01,Rotterdam,Antwerp,Air,Pharmaceuticals,8535.58,117.93,3.38,2.7,Rain,0.876,0.91,1,Medium
SC-10942,2025-07-30,Dubai,Shanghai,Rail,Textiles,9945.6,10.81,2.23,5.9,Fog,0.909,14.22,0,Medium
SC-10943,2024-11-07,Shanghai,Marseille,Road,Perishables,12531.26,439.82,2.26,1.4,Storm,0.833,24.18,1,Medium
SC-10944,2024-03-28,Los Angeles,Busan,Road,Textiles,3493.11,482.84,2.32,2.6,Rain,0.868,3.45,0,Medium
SC-10945,2024-09-11,Rotterdam,Marseille,Rail,Electronics,659.44,171.44,3.44,5.5,Hurricane,0.636,5.5,1,Medium
SC-10946,2024-05-01,Busan,Dubai,Air,Textiles,2484.84,169.91,1.39,2.4,Hurricane,0.997,0.7,1,Low
SC-10947,2025-07-25,Shanghai,Antwerp,Road,Perishables,13550.27,4.54,4.27,6.8,Hurricane,0.592,86.9,1,High
SC-10948,2025-03-02,Dubai,Los Angeles,Air,Electronics,13171.41,340.45,1.93,4.9,Rain,0.607,0.5,1,Low
SC-10949,2025-09-12,Singapore,Marseille,Road,Perishables,9162.49,412.89,4.5,7.7,Rain,0.644,9.28,0,High
SC-10950,2025-09-02,Singapore,Hamburg,Air,Perishables,9207.49,74.16,1.77,9.5,Clear,0.988,0.67,1,Low
SC-10951,2025-09-25,Dubai,Singapore,Sea,Pharmaceuticals,10143.03,80.67,3.75,1.2,Rain,0.994,18.51,0,Medium
SC-10952,2024-08-19,Rotterdam,Singapore,Air,Pharmaceuticals,3042.88,395.25,1.94,3.3,Rain,0.897,0.81,0,Low
SC-10953,2025-06-19,Shanghai,Busan,Road,Electronics,13758.97,308.53,1.47,3.2,Storm,0.815,28.78,0,Low
SC-10954,2025-01-24,Rotterdam,Hamburg,Road,Electronics,6572.17,23.39,4.09,1.5,Fog,0.76,6.46,0,High
SC-10955,2025-04-06,Busan,Rotterdam,Air,Automotive,6055.51,311.65,4.03,8.1,Storm,0.985,1.58,1,High
SC-10956,2025-03-29,Los Angeles,Antwerp,Air,Automotive,8024.31,155.15,2.53,7.6,Hurricane,0.848,4.64,1,Medium
SC-10957,2024-10-31,Dubai,Singapore,Sea,Automotive,1181.01,184.99,3.52,4.8,Hurricane,0.972,16.27,1,Medium
SC-10958,2025-08-25,Dubai,Singapore,Rail,Perishables,2911.11,385.1,3.04,5.4,Fog,0.658,4.57,1,Medium
SC-10959,2025-03-15,Busan,Dubai,Rail,Electronics,11201.49,405.66,4.01,0.6,Fog,0.667,12.8,0,High
SC-10960,2024-11-08,Los Angeles,Singapore,Rail,Perishables,1700.58,200.78,2.24,5.6,Hurricane,0.927,12.0,1,Medium
SC-10961,2025-08-05,Singapore,Shanghai,Sea,Electronics,9245.71,473.63,2.93,7.9,Rain,0.575,21.63,0,Medium
SC-10962,2025-09-27,Antwerp,Busan,Rail,Textiles,4057.56,203.82,2.8,5.7,Rain,0.973,4.39,1,Medium
SC-10963,2024-03-02,Dubai,Shanghai,Rail,Pharmaceuticals,6144.79,386.15,2.37,2.7,Fog,0.754,6.44,0,Medium
SC-10964,2025-09-16,Rotterdam,Antwerp,Road,Textiles,4686.06,242.45,4.14,6.7,Hurricane,0.963,29.59,1,High
SC-10965,2024-04-11,Hamburg,Marseille,Sea,Electronics,5657.25,448.87,1.75,3.6,Storm,0.668,28.63,0,Low
SC-10966,2024-07-31,Singapore,Hamburg,Sea,Perishables,10926.17,453.97,1.69,5.4,Clear,0.858,18.93,0,Low
SC-10967,2025-10-02,Busan,Dubai,Sea,Electronics,4808.26,44.62,3.1,4.9,Fog,0.741,13.52,0,Medium
SC-10968,2024-08-04,Busan,Dubai,Air,Perishables,8712.87,468.31,3.37,3.8,Hurricane,0.813,4.91,1,Medium
SC-10969,2024-09-27,Hamburg,Antwerp,Rail,Automotive,7402.73,412.94,1.84,7.2,Rain,0.752,8.59,1,Low
SC-10970,2025-11-07,Busan,Shanghai,Rail,Automotive,10123.23,395.86,2.49,8.8,Fog,0.984,15.49,1,Medium
SC-10971,2024-03-24,Los Angeles,Dubai,Air,Pharmaceuticals,14084.03,101.25,4.32,0.1,Fog,0.846,0.64,0,High
SC-10972,2024-06-09,Rotterdam,Busan,Air,Perishables,11122.3,402.75,2.01,9.3,Storm,0.626,2.42,1,Medium
SC-10973,2024-09-02,Dubai,Singapore,Road,Electronics,3616.64,425.22,3.41,5.1,Hurricane,0.955,22.35,1,Medium
SC-10974,2024-06-26,Dubai,Antwerp,Sea,Pharmaceuticals,952.16,145.29,3.64,7.0,Clear,0.647,1.48,0,Medium
SC-10975,2025-07-19,Busan,Hamburg,Air,Pharmaceuticals,4302.83,476.18,2.68,8.6,Storm,0.686,1.49,1,Medium
SC-10976,2024-03-17,Hamburg,Busan,Sea,Automotive,9128.63,25.88,4.29,4.7,Rain,0.551,18.08,1,High
SC-10977,2024-06-09,Rotterdam,Busan,Rail,Automotive,1245.67,75.8,3.63,8.3,Hurricane,0.95,9.21,1,Medium
SC-10978,2024-01-03,Shanghai,Marseille,Road,Pharmaceuticals,7697.31,269.25,2.71,1.8,Rain,0.643,6.94,0,Medium
SC-10979,2025-02-22,Rotterdam,Dubai,Rail,Pharmaceuticals,9154.22,288.32,3.08,1.6,Clear,0.629,6.86,0,Medium
SC-10980,2025-04-06,Busan,Shanghai,Sea,Automotive,5346.54,322.93,3.49,6.6,Clear,0.96,9.6,0,Medium
SC-10981,2025-12-06,Hamburg,Singapore,Road,Pharmaceuticals,11678.23,9.47,3.15,8.7,Clear,0.903,10.66,1,Medium
SC-10982,2025-08-31,Hamburg,Los Angeles,Air,Electronics,2045.67,480.22,4.1,8.9,Storm,0.571,1.09,1,High
SC-10983,2025-04-26,Dubai,Singapore,Air,Perishables,1589.5,23.25,2.38,6.4,Clear,0.885,0.57,1,Medium
SC-10984,2024-10-25,Busan,Singapore,Sea,Electronics,11058.74,72.39,2.19,5.3,Fog,0.957,28.81,0,Medium
SC-10985,2024-02-03,Singapore,Rotterdam,Rail,Pharmaceuticals,7684.62,7.99,1.91,3.3,Storm,0.539,18.52,1,Low
SC-10986,2024-08-25,Antwerp,Shanghai,Road,Automotive,10481.83,283.86,1.32,9.8,Rain,0.913,11.31,1,Low
SC-10987,2024-10-22,Rotterdam,Dubai,Rail,Pharmaceuticals,6805.0,466.2,1.34,3.2,Fog,0.774,8.57,0,Low
SC-10988,2025-12-24,Singapore,Antwerp,Rail,Pharmaceuticals,4072.83,333.31,4.07,7.4,Fog,0.835,5.57,0,High
SC-10989,2024-10-16,Dubai,Los Angeles,Air,Textiles,12376.98,411.51,3.44,5.3,Storm,0.746,2.53,1,Medium
SC-10990,2025-12-20,Los Angeles,Rotterdam,Road,Automotive,12091.53,7.63,3.38,6.1,Rain,0.849,11.4,0,Medium
SC-10991,2025-04-09,Dubai,Shanghai,Rail,Electronics,10573.1,271.47,3.23,3.9,Fog,0.517,13.82,0,Medium
SC-10992,2024-03-13,Shanghai,Los Angeles,Sea,Pharmaceuticals,4446.1,230.32,4.0,9.6,Fog,0.881,14.11,0,Medium
SC-10993,2025-12-04,Antwerp,Dubai,Road,Electronics,9058.34,249.99,2.78,5.7,Rain,0.517,7.57,1,Medium
SC-10994,2024-08-27,Los Angeles,Singapore,Road,Textiles,5734.12,37.03,4.07,9.4,Storm,0.728,14.93,1,High
SC-10995,2024-09-27,Busan,Singapore,Air,Automotive,1827.94,342.53,2.39,0.1,Clear,0.575,0.5,0,Medium
SC-10996,2025-10-02,Rotterdam,Hamburg,Air,Automotive,13801.05,252.11,4.26,5.7,Rain,0.912,1.39,1,High
SC-10997,2025-08-26,Hamburg,Singapore,Rail,Perishables,2483.87,382.81,3.51,7.2,Fog,0.657,3.98,1,Medium
SC-10998,2025-11-08,Dubai,Shanghai,Sea,Perishables,14278.44,243.16,2.05,7.5,Rain,0.727,32.71,1,Medium
SC-10999,2024-07-21,Antwerp,Singapore,Rail,Pharmaceuticals,6967.08,75.54,3.06,9.0,Storm,0.714,20.95,1,Medium
SC-11000,2025-03-11,Dubai,Hamburg,Rail,Perishables,3184.43,324.48,2.96,0.0,Storm,0.886,6.68,1,Medium
SC-11001,2024-04-27,Shanghai,Marseille,Road,Textiles,8357.56,87.02,1.66,0.0,Storm,0.741,15.03,1,Low
SC-11002,2025-07-11,Shanghai,Hamburg,Air,Electronics,13157.71,436.32,3.15,4.7,Rain,0.894,0.7,1,Medium
SC-11003,2024-08-18,Shanghai,Dubai,Rail,Pharmaceuticals,11117.26,306.95,2.24,0.3,Rain,0.537,8.79,0,Medium
SC-11004,2025-10-25,Singapore,Antwerp,Road,Pharmaceuticals,12195.14,79.44,1.37,9.7,Fog,0.596,15.17,0,Low
SC-11005,2024-06-01,Rotterdam,Hamburg,Air,Perishables,10052.36,481.21,4.33,2.2,Storm,0.776,2.38,0,High
SC-11006,2024-09-29,Rotterdam,Marseille,Road,Automotive,10538.01,259.66,3.32,4.7,Fog,0.974,11.88,1,Medium
SC-11007,2024-05-25,Singapore,Rotterdam,Sea,Automotive,12813.34,37.38,4.09,0.6,Storm,0.537,55.2,1,High
SC-11008,2024-03-14,Los Angeles,Busan,Sea,Electronics,4120.19,313.79,3.43,5.2,Fog,0.522,11.46,0,Medium
SC-11009,2024-03-02,Shanghai,Marseille,Sea,Pharmaceuticals,7596.66,127.35,2.38,3.8,Hurricane,0.578,99.82,1,Medium
SC-11010,2024-06-18,Busan,Rotterdam,Air,Pharmaceuticals,3707.54,402.04,2.89,0.4,Fog,0.821,0.5,0,Medium
SC-11011,2024-11-10,Los Angeles,Dubai,Air,Perishables,14821.19,409.09,3.43,3.4,Fog,0.699,1.54,0,Medium
SC-11012,2025-09-01,Shanghai,Rotterdam,Road,Perishables,14188.86,489.49,4.37,3.9,Storm,0.913,30.44,1,High
SC-11013,2025-08-05,Singapore,Antwerp,Sea,Electronics,1071.69,251.43,2.04,9.9,Hurricane,0.536,16.94,1,Medium
SC-11014,2024-10-22,Antwerp,Busan,Air,Perishables,10730.84,228.02,4.09,2.1,Fog,0.598,1.11,0,High
SC-11015,2025-03-25,Busan,Shanghai,Road,Textiles,13916.1,376.98,4.25,5.4,Hurricane,0.65,84.12,1,High
SC-11016,2024-05-07,Hamburg,Los Angeles,Road,Automotive,3118.34,67.1,3.41,9.9,Storm,0.813,7.91,1,Medium
SC-11017,2025-04-24,Singapore,Busan,Sea,Textiles,8735.21,273.91,4.27,7.9,Hurricane,0.843,135.33,1,High
SC-11018,2025-12-06,Dubai,Busan,Sea,Electronics,13774.58,273.58,2.51,9.9,Fog,0.562,41.73,1,Medium
SC-11019,2024-11-07,Los Angeles,Hamburg,Road,Pharmaceuticals,992.22,45.65,4.34,9.7,Rain,0.972,0.76,1,High
SC-11020,2025-12-17,Shanghai,Dubai,Air,Automotive,10612.59,209.57,3.52,4.9,Rain,0.671,0.5,1,Medium
SC-11021,2025-02-16,Singapore,Busan,Air,Automotive,4811.56,426.79,1.34,7.0,Storm,0.857,1.29,1,Low
SC-11022,2024-10-05,Los Angeles,Marseille,Air,Automotive,13903.74,428.22,4.19,1.1,Hurricane,0.762,6.03,1,High
SC-11023,2025-05-27,Busan,Shanghai,Air,Textiles,14580.34,50.52,2.8,4.4,Storm,0.611,3.1,1,Medium
SC-11024,2025-07-06,Shanghai,Hamburg,Rail,Textiles,14191.86,46.27,2.72,8.1,Storm,0.923,40.25,1,Medium
SC-11025,2025-05-20,Busan,Hamburg,Sea,Automotive,7376.11,132.09,3.07,5.1,Clear,0.909,12.41,0,Medium
SC-11026,2025-03-24,Singapore,Shanghai,Sea,Electronics,12999.62,437.51,1.69,7.0,Clear,0.698,24.68,1,Low
SC-11027,2024-03-23,Dubai,Marseille,Rail,Perishables,12745.97,65.32,2.75,7.5,Storm,0.794,36.3,1,Medium
SC-11028,2025-09-04,Antwerp,Los Angeles,Sea,Electronics,5126.96,360.28,3.94,2.5,Fog,0.629,12.46,0,Medium
SC-11029,2024-02-10,Dubai,Los Angeles,Road,Pharmaceuticals,12519.27,51.48,1.25,8.8,Rain,0.845,11.96,0,Low
SC-11030,2025-03-18,Singapore,Shanghai,Sea,Electronics,1036.61,311.95,2.1,4.6,Storm,0.655,5.68,1,Medium
SC-11031,2024-11-26,Hamburg,Shanghai,Rail,Electronics,9145.91,178.68,1.21,2.1,Clear,0.922,6.7,0,Low
SC-11032,2025-09-10,Singapore,Busan,Road,Textiles,3835.13,394.67,2.57,8.7,Fog,0.609,4.54,1,Medium
SC-11033,2024-09-13,Shanghai,Singapore,Air,Electronics,2248.22,117.61,3.6,4.2,Hurricane,0.507,1.63,1,Medium
SC-11034,2024-01-27,Hamburg,Los Angeles,Sea,Automotive,1615.82,319.96,3.84,7.5,Rain,0.634,4.28,1,Medium
SC-11035,2024-04-03,Shanghai,Singapore,Rail,Textiles,10596.19,118.61,4.32,5.5,Hurricane,0.596,75.52,1,High
SC-11036,2024-08-22,Los Angeles,Marseille,Air,Textiles,5428.19,357.12,3.21,3.8,Fog,0.754,1.52,1,Medium
SC-11037,2025-11-21,Shanghai,Busan,Sea,Electronics,11009.12,436.97,2.04,8.1,Storm,0.602,65.08,1,Medium
SC-11038,2025-08-12,Shanghai,Antwerp,Sea,Pharmaceuticals,1447.67,64.27,4.25,5.8,Fog,0.882,3.5,0,High
SC-11039,2025-08-24,Los Angeles,Marseille,Rail,Perishables,5071.71,433.43,3.76,3.9,Hurricane,0.621,33.75,1,Medium
SC-11040,2024-01-22,Antwerp,Busan,Air,Textiles,8322.62,297.19,3.1,1.1,Storm,0.853,1.19,0,Medium
SC-11041,2025-11-19,Los Angeles,Shanghai,Sea,Perishables,11965.49,64.43,3.5,9.0,Clear,0.789,25.07,1,Medium
SC-11042,2024-10-02,Los Angeles,Dubai,Road,Automotive,5121.91,214.34,4.25,0.4,Rain,0.993,4.28,0,High
SC-11043,2025-08-13,Los Angeles,Marseille,Rail,Textiles,9575.42,81.27,3.55,8.6,Clear,1.0,9.43,1,Medium
SC-11044,2024-02-11,Rotterdam,Dubai,Air,Textiles,13346.68,350.47,2.42,3.6,Fog,0.935,1.67,0,Medium
SC-11045,2024-06-28,Antwerp,Hamburg,Sea,Perishables,9430.02,379.68,3.55,6.4,Rain,0.88,20.12,0,Medium
SC-11046,2025-04-26,Shanghai,Busan,Road,Automotive,3877.91,53.79,1.33,9.2,Fog,0.693,5.18,0,Low
SC-11047,2025-06-15,Dubai,Rotterdam,Air,Perishables,853.81,253.56,2.48,1.5,Fog,0.877,0.5,0,Medium
SC-11048,2025-10-29,Busan,Shanghai,Road,Textiles,13116.43,407.5,2.54,5.7,Fog,0.978,14.19,0,Medium
SC-11049,2025-03-28,Antwerp,Rotterdam,Rail,Perishables,808.41,468.15,1.75,7.6,Rain,0.512,1.32,0,Low
SC-11050,2024-10-11,Shanghai,Los Angeles,Sea,Textiles,13183.17,257.25,1.28,7.6,Hurricane,0.769,202.42,1,Low
SC-11051,2024-07-04,Rotterdam,Dubai,Sea,Perishables,8169.59,475.19,1.64,5.3,Rain,0.609,17.42,0,Low
SC-11052,2025-08-22,Rotterdam,Antwerp,Air,Pharmaceuticals,14116.48,268.31,3.36,6.2,Storm,0.779,2.8,1,Medium
SC-11053,2025-03-22,Antwerp,Busan,Rail,Pharmaceuticals,12082.36,197.7,3.85,7.6,Clear,0.733,10.94,0,Medium
SC-11054,2025-10-12,Dubai,Los Angeles,Sea,Perishables,14970.04,424.25,4.46,8.4,Hurricane,0.788,235.7,1,High
SC-11055,2025-05-18,Rotterdam,Antwerp,Road,Perishables,5585.32,247.0,2.34,7.6,Fog,0.775,6.4,1,Medium
SC-11056,2024-04-03,Busan,Los Angeles,Rail,Electronics,11624.23,236.48,3.18,3.5,Hurricane,0.98,75.89,1,Medium
SC-11057,2025-04-26,Dubai,Shanghai,Rail,Electronics,6328.0,245.67,4.29,10.0,Rain,0.776,8.44,0,High
SC-11058,2024-12-22,Dubai,Hamburg,Road,Textiles,7458.2,423.55,1.75,4.3,Storm,0.923,16.74,1,Low
SC-11059,2025-02-22,Dubai,Antwerp,Air,Textiles,9598.83,416.14,3.57,0.2,Storm,0.66,0.69,1,Medium
SC-11060,2024-12-07,Dubai,Rotterdam,Sea,Automotive,13168.32,202.36,3.69,3.6,Rain,0.719,25.58,1,Medium
SC-11061,2024-11-24,Antwerp,Hamburg,Sea,Automotive,14769.21,167.32,1.49,1.3,Clear,0.735,21.46,1,Low
SC-11062,2025-11-17,Antwerp,Shanghai,Sea,Perishables,11639.96,246.47,4.04,1.2,Rain,0.639,19.31,0,High
SC-11063,2024-04-17,Dubai,Rotterdam,Rail,Automotive,6557.62,286.81,3.88,2.8,Hurricane,0.69,41.84,1,Medium
SC-11064,2024-06-13,Los Angeles,Busan,Air,Electronics,6609.68,119.93,1.31,0.5,Clear,0.799,0.5,0,Low
SC-11065,2024-12-03,Los Angeles,Shanghai,Air,Textiles,11194.94,397.18,1.5,6.9,Storm,0.79,2.29,1,Low
SC-11066,2025-02-25,Antwerp,Shanghai,Air,Pharmaceuticals,3962.27,243.75,1.36,0.7,Fog,0.818,0.99,1,Low
SC-11067,2025-12-11,Hamburg,Los Angeles,Air,Perishables,2101.87,167.69,2.3,2.0,Storm,0.676,0.5,1,Medium
SC-11068,2025-05-22,Dubai,Singapore,Sea,Textiles,5642.02,54.3,2.88,0.9,Clear,0.658,7.98,0,Medium
SC-11069,2024-10-22,Busan,Marseille,Air,Electronics,4664.97,120.18,2.96,0.6,Rain,0.806,0.59,0,Medium
SC-11070,2025-11-09,Busan,Rotterdam,Air,Textiles,4796.47,474.69,2.08,2.7,Rain,0.566,0.87,1,Medium
SC-11071,2025-02-14,Antwerp,Hamburg,Air,Electronics,3887.31,153.24,4.21,5.7,Rain,0.627,0.5,1,High
SC-11072,2025-07-17,Singapore,Marseille,Air,Textiles,1110.35,85.26,2.42,9.6,Storm,0.521,0.6,1,Medium
SC-11073,2024-02-07,Singapore,Busan,Air,Electronics,759.17,230.88,1.35,8.8,Fog,0.536,0.5,1,Low
SC-11074,2025-04-10,Hamburg,Busan,Rail,Perishables,14821.97,154.24,2.19,8.8,Fog,0.622,22.16,1,Medium
SC-11075,2024-03-31,Singapore,Dubai,Road,Automotive,6702.71,18.54,2.95,1.8,Hurricane,0.51,34.78,1,Medium
SC-11076,2024-11-18,Rotterdam,Hamburg,Sea,Textiles,6072.74,162.25,2.55,2.6,Clear,0.623,9.17,0,Medium
SC-11077,2024-09-15,Hamburg,Shanghai,Road,Textiles,10354.89,272.51,2.1,0.8,Storm,0.827,18.91,0,Medium
SC-11078,2024-11-27,Singapore,Shanghai,Air,Pharmaceuticals,3664.68,276.3,1.63,7.8,Storm,0.531,1.48,1,Low
SC-11079,2024-04-28,Hamburg,Dubai,Air,Electronics,14274.44,178.92,3.9,0.7,Fog,0.718,2.16,0,Medium
SC-11080,2025-02-17,Los Angeles,Antwerp,Sea,Perishables,11902.0,224.2,4.49,5.6,Hurricane,0.957,169.85,1,High
SC-11081,2025-06-10,Los Angeles,Marseille,Sea,Automotive,1796.46,482.79,2.29,2.5,Fog,0.896,3.54,1,Medium
SC-11082,2024-01-02,Dubai,Rotterdam,Air,Electronics,6554.92,189.3,2.46,2.4,Rain,0.653,0.5,1,Medium
SC-11083,2025-11-04,Singapore,Antwerp,Rail,Electronics,13247.22,129.86,3.24,9.9,Storm,0.962,40.67,1,Medium
SC-11084,2025-07-09,Hamburg,Antwerp,Rail,Perishables,14198.61,122.49,3.57,7.6,Clear,0.665,13.66,0,Medium
SC-11085,2025-04-18,Rotterdam,Dubai,Road,Textiles,7277.32,229.42,2.49,8.4,Hurricane,0.536,47.75,1,Medium
SC-11086,2025-02-27,Shanghai,Singapore,Air,Textiles,9394.47,380.0,4.19,5.7,Storm,0.997,1.59,1,High
SC-11087,2024-02-25,Singapore,Busan,Sea,Pharmaceuticals,2921.99,103.79,3.05,8.7,Clear,0.935,6.53,0,Medium
SC-11088,2024-07-11,Busan,Hamburg,Air,Perishables,14871.95,354.94,2.69,6.5,Fog,0.733,2.03,0,Medium
SC-11089,2025-06-14,Dubai,Marseille,Road,Textiles,3859.24,11.55,3.33,9.5,Clear,0.833,3.13,1,Medium
SC-11090,2025-01-05,Rotterdam,Shanghai,Road,Pharmaceuticals,14169.61,210.05,4.34,2.8,Rain,0.836,11.33,1,High
SC-11091,2025-09-29,Rotterdam,Singapore,Sea,Pharmaceuticals,9919.88,388.16,3.82,6.0,Rain,0.597,21.74,0,Medium
SC-11092,2025-05-25,Hamburg,Antwerp,Air,Automotive,9312.18,170.03,1.33,6.9,Hurricane,0.6,5.69,1,Low
SC-11093,2025-10-02,Dubai,Antwerp,Rail,Pharmaceuticals,7933.98,282.3,2.3,3.9,Hurricane,0.735,52.47,1,Medium
SC-11094,2025-03-28,Los Angeles,Marseille,Sea,Automotive,3844.71,103.28,2.75,8.8,Rain,0.956,9.11,0,Medium
SC-11095,2024-02-22,Los Angeles,Hamburg,Air,Textiles,3059.66,371.26,2.24,9.8,Clear,0.505,0.5,0,Medium
SC-11096,2024-07-27,Hamburg,Los Angeles,Road,Automotive,3697.05,27.09,3.51,4.9,Storm,0.891,7.57,1,Medium
SC-11097,2024-09-30,Hamburg,Antwerp,Sea,Textiles,3203.35,426.42,3.93,3.9,Fog,0.529,7.87,1,Medium
SC-11098,2025-07-16,Shanghai,Rotterdam,Sea,Perishables,11803.97,99.9,3.61,4.7,Hurricane,0.739,161.96,1,Medium
SC-11099,2024-05-14,Antwerp,Hamburg,Air,Automotive,5576.82,437.32,4.46,8.5,Rain,0.819,0.5,1,High
SC-11100,2024-10-21,Los Angeles,Busan,Air,Perishables,1338.72,176.91,2.1,6.5,Rain,0.843,0.5,1,Medium
SC-11101,2025-03-24,Shanghai,Antwerp,Sea,Electronics,14551.99,361.62,4.09,0.4,Rain,0.529,25.04,0,High
SC-11102,2025-12-16,Dubai,Shanghai,Air,Textiles,13314.9,160.29,3.73,5.4,Fog,0.709,1.67,1,Medium
SC-11103,2025-05-11,Busan,Singapore,Road,Pharmaceuticals,13952.41,453.05,2.4,0.2,Rain,0.792,9.67,0,Medium
SC-11104,2024-05-04,Rotterdam,Los Angeles,Sea,Electronics,14926.16,64.19,3.62,7.8,Clear,0.533,27.81,1,Medium
SC-11105,2024-01-30,Busan,Shanghai,Road,Pharmaceuticals,3021.48,90.08,1.54,3.3,Hurricane,0.568,16.98,1,Low
SC-11106,2025-10-07,Shanghai,Los Angeles,Air,Textiles,6245.51,247.02,3.8,4.7,Storm,0.832,0.87,0,Medium
SC-11107,2025-09-15,Hamburg,Shanghai,Air,Textiles,11494.46,41.89,2.96,8.0,Storm,0.761,2.07,1,Medium
SC-11108,2024-09-02,Singapore,Marseille,Rail,Perishables,10592.3,98.79,2.16,0.5,Clear,0.581,6.9,0,Medium
SC-11109,2025-12-27,Antwerp,Singapore,Rail,Automotive,2731.49,471.94,3.36,1.6,Fog,0.768,2.93,0,Medium
SC-11110,2024-06-11,Shanghai,Hamburg,Road,Automotive,12329.58,488.27,3.32,4.0,Fog,0.956,13.99,1,Medium
SC-11111,2024-11-14,Singapore,Los Angeles,Air,Perishables,3754.39,188.75,1.89,2.3,Fog,0.508,0.5,0,Low
SC-11112,2025-07-18,Dubai,Shanghai,Air,Pharmaceuticals,3745.36,461.72,1.3,3.4,Fog,0.821,0.5,1,Low
SC-11113,2024-01-15,Dubai,Shanghai,Road,Pharmaceuticals,8286.13,272.87,2.63,10.0,Clear,0.537,7.72,1,Medium
SC-11114,2025-07-19,Antwerp,Hamburg,Road,Electronics,9097.63,135.6,3.08,8.3,Fog,0.503,11.56,1,Medium
SC-11115,2025-02-21,Antwerp,Los Angeles,Air,Pharmaceuticals,8911.25,351.5,4.09,8.8,Rain,0.575,0.5,1,High
SC-11116,2024-04-05,Shanghai,Antwerp,Road,Electronics,1826.56,329.79,4.26,9.4,Fog,0.711,2.73,1,High
SC-11117,2024-08-18,Los Angeles,Antwerp,Rail,Pharmaceuticals,13223.18,494.57,2.95,3.4,Rain,0.901,13.96,0,Medium
SC-11118,2024-04-26,Singapore,Antwerp,Rail,Pharmaceuticals,4351.2,133.26,3.69,3.0,Rain,0.641,2.86,1,Medium
SC-11119,2025-04-17,Antwerp,Shanghai,Rail,Perishables,2377.97,336.36,2.65,2.3,Hurricane,0.813,14.14,1,Medium
SC-11120,2024-04-30,Singapore,Los Angeles,Air,Pharmaceuticals,13386.85,26.96,3.66,8.3,Fog,0.706,0.5,1,Medium
SC-11121,2025-10-25,Hamburg,Marseille,Sea,Electronics,14356.95,57.71,1.88,6.8,Rain,0.617,32.02,0,Low
SC-11122,2024-06-06,Singapore,Busan,Air,Automotive,13000.85,2.96,2.42,2.4,Clear,0.757,1.25,1,Medium
SC-11123,2025-05-25,Dubai,Los Angeles,Road,Automotive,12237.98,499.73,3.29,3.8,Clear,0.899,8.71,1,Medium
SC-11124,2024-10-25,Rotterdam,Marseille,Rail,Electronics,10001.01,401.33,1.26,5.1,Clear,0.916,9.4,1,Low
SC-11125,2025-06-05,Dubai,Los Angeles,Road,Pharmaceuticals,8487.43,393.57,3.58,5.3,Rain,0.923,8.08,0,Medium
SC-11126,2025-12-23,Los Angeles,Dubai,Road,Pharmaceuticals,1761.31,255.35,3.96,8.9,Rain,0.669,2.67,1,Medium
SC-11127,2024-10-06,Rotterdam,Hamburg,Sea,Electronics,6422.57,150.73,2.52,3.8,Clear,0.897,11.2,0,Medium
SC-11128,2025-03-01,Singapore,Hamburg,Sea,Electronics,5903.98,76.48,2.68,9.1,Clear,0.606,11.72,0,Medium
SC-11129,2025-05-09,Antwerp,Singapore,Air,Electronics,4266.43,143.05,4.01,4.4,Hurricane,0.869,2.2,1,High
SC-11130,2025-04-28,Busan,Shanghai,Sea,Electronics,10989.59,188.61,3.76,7.5,Storm,0.974,62.44,1,Medium
SC-11131,2024-09-06,Shanghai,Rotterdam,Air,Textiles,7690.2,378.4,2.15,9.3,Hurricane,0.507,4.58,1,Medium
SC-11132,2025-04-12,Los Angeles,Busan,Sea,Textiles,1675.17,270.29,2.27,9.1,Storm,0.72,10.18,1,Medium
SC-11133,2025-07-18,Antwerp,Hamburg,Road,Perishables,3692.66,39.66,3.44,0.6,Rain,0.824,2.67,0,Medium
SC-11134,2024-05-28,Hamburg,Los Angeles,Road,Pharmaceuticals,10407.25,10.0,3.06,2.1,Fog,0.851,10.92,0,Medium
SC-11135,2025-01-27,Antwerp,Rotterdam,Air,Automotive,1603.9,52.06,1.74,4.8,Storm,0.588,0.5,1,Low
SC-11136,2024-07-14,Rotterdam,Dubai,Sea,Perishables,12842.5,205.84,2.22,4.3,Hurricane,0.986,173.02,1,Medium
SC-11137,2025-09-05,Rotterdam,Shanghai,Air,Perishables,7679.62,466.66,4.17,6.4,Rain,0.808,0.5,1,High
SC-11138,2025-06-04,Dubai,Rotterdam,Air,Pharmaceuticals,7468.51,319.06,3.47,9.4,Rain,0.582,1.01,1,Medium
SC-11139,2024-05-19,Shanghai,Rotterdam,Air,Textiles,9089.91,401.11,4.45,1.1,Rain,0.51,0.5,1,High
SC-11140,2024-03-12,Busan,Dubai,Air,Electronics,12457.87,233.72,3.73,4.5,Fog,0.892,1.09,1,Medium
SC-11141,2024-10-09,Singapore,Busan,Sea,Textiles,5543.23,181.47,4.31,1.9,Fog,0.54,13.32,0,High
SC-11142,2025-02-28,Antwerp,Rotterdam,Sea,Electronics,10331.23,55.09,1.91,8.9,Hurricane,0.571,166.26,1,Low
SC-11143,2024-12-14,Hamburg,Singapore,Air,Electronics,8703.11,438.09,3.75,9.6,Fog,0.787,0.97,1,Medium
SC-11144,2025-06-03,Shanghai,Busan,Sea,Textiles,4371.91,391.8,1.27,4.8,Clear,0.802,7.51,1,Low
SC-11145,2024-09-30,Antwerp,Marseille,Rail,Textiles,13240.13,84.89,3.41,1.0,Hurricane,0.843,76.87,1,Medium
SC-11146,2024-01-03,Antwerp,Dubai,Sea,Textiles,12062.68,256.62,2.75,7.9,Rain,0.697,27.57,1,Medium
SC-11147,2024-10-16,Rotterdam,Singapore,Rail,Textiles,10047.55,244.2,2.34,7.0,Hurricane,0.887,75.18,1,Medium
SC-11148,2024-11-01,Rotterdam,Marseille,Rail,Electronics,12833.44,312.92,4.05,3.5,Hurricane,0.987,84.08,1,High
SC-11149,2025-08-24,Busan,Hamburg,Rail,Electronics,13075.77,473.15,4.02,8.9,Fog,0.636,20.14,1,High
SC-11150,2025-08-16,Los Angeles,Shanghai,Air,Automotive,10771.26,290.31,1.27,9.8,Fog,0.852,1.3,1,Low
SC-11151,2025-11-06,Busan,Rotterdam,Air,Electronics,12636.69,270.57,3.21,5.6,Clear,0.964,1.52,0,Medium
SC-11152,2025-05-16,Antwerp,Singapore,Sea,Perishables,10613.34,26.11,2.41,5.7,Rain,0.843,23.5,0,Medium
SC-11153,2024-06-01,Los Angeles,Dubai,Road,Electronics,10362.04,32.39,2.57,3.0,Fog,0.841,11.03,1,Medium
SC-11154,2025-04-02,Los Angeles,Busan,Road,Electronics,9469.86,94.49,3.95,5.8,Clear,0.612,7.9,1,Medium
SC-11155,2025-07-05,Los Angeles,Singapore,Air,Textiles,11414.39,17.2,2.22,4.4,Storm,0.768,1.68,1,Medium
SC-11156,2025-05-10,Shanghai,Busan,Air,Electronics,2799.77,371.93,4.31,3.0,Storm,0.781,0.5,1,High
SC-11157,2024-12-19,Hamburg,Los Angeles,Air,Perishables,13272.63,361.94,1.79,0.7,Hurricane,0.85,5.98,1,Low
SC-11158,2024-12-06,Antwerp,Busan,Sea,Textiles,13141.73,68.89,3.39,2.5,Storm,0.998,61.01,1,Medium
SC-11159,2025-07-19,Dubai,Shanghai,Air,Pharmaceuticals,924.09,418.2,3.42,2.0,Fog,0.517,0.5,0,Medium
SC-11160,2025-07-10,Shanghai,Singapore,Road,Pharmaceuticals,12474.34,78.24,2.03,5.4,Hurricane,0.533,75.89,1,Medium
SC-11161,2025-01-21,Shanghai,Singapore,Sea,Pharmaceuticals,2368.61,151.29,2.27,6.0,Rain,0.539,5.84,1,Medium
SC-11162,2025-04-11,Antwerp,Hamburg,Road,Perishables,5359.22,125.24,3.95,6.1,Clear,0.871,4.03,1,Medium
SC-11163,2024-11-25,Antwerp,Los Angeles,Sea,Pharmaceuticals,11280.87,186.78,3.71,3.9,Hurricane,0.568,149.35,1,Medium
SC-11164,2024-07-12,Dubai,Rotterdam,Rail,Perishables,2831.02,128.08,2.29,4.2,Storm,0.811,7.3,0,Medium
SC-11165,2025-12-15,Dubai,Rotterdam,Road,Textiles,12360.52,244.99,2.96,8.3,Fog,0.662,15.1,0,Medium
SC-11166,2024-09-01,Los Angeles,Shanghai,Air,Textiles,12565.95,204.3,1.4,4.8,Storm,0.729,2.34,1,Low
SC-11167,2025-08-08,Dubai,Shanghai,Rail,Textiles,7858.28,493.3,1.89,9.9,Hurricane,0.608,65.21,1,Low
SC-11168,2025-01-27,Dubai,Hamburg,Rail,Perishables,592.6,28.91,2.8,4.4,Clear,0.933,0.5,1,Medium
SC-11169,2024-08-27,Singapore,Dubai,Sea,Textiles,4662.05,71.95,1.48,6.5,Clear,0.793,8.62,0,Low
SC-11170,2025-02-24,Hamburg,Busan,Sea,Electronics,9445.44,27.36,3.98,0.5,Rain,0.972,15.72,0,Medium
SC-11171,2024-02-14,Rotterdam,Busan,Sea,Perishables,14727.2,313.29,3.57,6.5,Rain,0.787,32.2,0,Medium
SC-11172,2024-11-21,Dubai,Marseille,Sea,Electronics,9661.3,28.2,4.31,8.5,Storm,0.562,57.02,1,High
SC-11173,2025-04-29,Busan,Hamburg,Sea,Textiles,4267.15,418.38,3.49,9.4,Hurricane,0.585,68.95,1,Medium
SC-11174,2025-12-23,Rotterdam,Busan,Sea,Automotive,9693.08,256.46,4.3,10.0,Storm,0.995,60.7,1,High
SC-11175,2025-01-25,Busan,Hamburg,Sea,Automotive,8329.79,263.98,3.03,2.8,Clear,0.863,13.65,0,Medium
SC-11176,2025-01-30,Singapore,Dubai,Rail,Textiles,11807.76,281.24,3.18,5.8,Hurricane,0.525,84.87,1,Medium
SC-11177,2025-11-10,Los Angeles,Busan,Air,Electronics,2051.22,86.24,4.42,4.5,Rain,0.852,0.5,0,High
SC-11178,2025-10-29,Los Angeles,Singapore,Sea,Textiles,11534.9,99.65,3.32,5.6,Storm,0.706,61.21,1,Medium
SC-11179,2024-06-04,Dubai,Marseille,Sea,Perishables,8348.37,160.09,1.3,1.6,Clear,0.654,12.88,1,Low
SC-11180,2025-05-22,Rotterdam,Hamburg,Air,Perishables,14463.38,297.15,3.59,8.6,Clear,0.577,1.4,1,Medium
SC-11181,2024-02-07,Shanghai,Dubai,Road,Automotive,5457.15,105.85,4.19,9.1,Clear,0.92,4.83,1,High
SC-11182,2024-05-09,Shanghai,Busan,Sea,Perishables,9673.02,59.05,3.83,4.5,Clear,0.532,17.33,0,Medium
SC-11183,2025-05-29,Singapore,Shanghai,Road,Pharmaceuticals,14014.41,485.09,3.13,2.8,Storm,0.645,28.52,0,Medium
SC-11184,2025-08-27,Los Angeles,Hamburg,Rail,Electronics,1986.39,11.97,3.42,1.4,Storm,0.653,4.3,0,Medium
SC-11185,2024-12-05,Rotterdam,Singapore,Sea,Electronics,14089.81,401.55,4.47,6.8,Fog,0.58,39.19,0,High
SC-11186,2024-04-12,Hamburg,Rotterdam,Sea,Electronics,10474.34,394.23,1.5,3.1,Clear,0.754,16.04,1,Low
SC-11187,2025-03-26,Singapore,Antwerp,Air,Textiles,1483.64,149.31,3.4,9.1,Fog,0.506,0.5,1,Medium
SC-11188,2024-04-12,Dubai,Los Angeles,Rail,Textiles,4863.97,68.68,2.14,6.7,Storm,0.65,13.48,1,Medium
SC-11189,2025-06-22,Shanghai,Rotterdam,Rail,Textiles,10768.5,73.67,3.31,6.5,Hurricane,0.967,79.39,1,Medium
SC-11190,2025-04-12,Hamburg,Dubai,Road,Automotive,1476.58,349.02,3.21,5.6,Clear,0.655,2.05,1,Medium
SC-11191,2024-01-16,Busan,Marseille,Sea,Pharmaceuticals,8941.47,321.76,1.71,0.5,Hurricane,0.68,101.43,1,Low
SC-11192,2024-05-27,Busan,Singapore,Rail,Pharmaceuticals,5515.3,391.59,1.88,9.3,Clear,0.737,4.45,0,Low
SC-11193,2025-02-23,Singapore,Los Angeles,Rail,Perishables,9503.28,468.8,3.25,6.3,Rain,0.781,10.65,0,Medium
SC-11194,2025-11-01,Dubai,Antwerp,Rail,Electronics,1163.26,346.27,1.62,9.9,Hurricane,0.904,9.76,1,Low
SC-11195,2024-06-07,Los Angeles,Dubai,Air,Electronics,13137.28,78.77,2.08,5.4,Hurricane,0.595,6.58,1,Medium
SC-11196,2024-03-17,Los Angeles,Marseille,Sea,Pharmaceuticals,14615.59,122.48,3.96,7.1,Hurricane,0.936,220.25,1,Medium
SC-11197,2025-04-25,Los Angeles,Shanghai,Air,Perishables,14548.73,421.25,2.28,0.6,Clear,0.879,1.17,0,Medium
SC-11198,2024-09-28,Hamburg,Los Angeles,Road,Electronics,11369.95,105.44,2.81,6.3,Storm,0.861,26.24,1,Medium
SC-11199,2024-12-12,Busan,Antwerp,Rail,Electronics,2386.25,37.19,4.31,7.6,Storm,0.543,6.72,1,High
SC-11200,2025-09-30,Rotterdam,Shanghai,Road,Textiles,11494.82,351.94,1.95,7.8,Clear,0.511,10.24,0,Low
SC-11201,2025-12-10,Singapore,Hamburg,Sea,Electronics,856.51,201.86,2.49,7.7,Clear,0.797,1.29,0,Medium
SC-11202,2025-02-11,Antwerp,Busan,Air,Automotive,820.79,460.1,3.2,2.3,Storm,0.932,0.5,1,Medium
SC-11203,2025-10-27,Singapore,Rotterdam,Air,Electronics,5192.35,325.48,3.69,9.8,Clear,0.792,0.5,0,Medium
SC-11204,2024-03-23,Hamburg,Marseille,Rail,Textiles,7585.33,46.12,4.18,10.0,Storm,0.607,22.93,1,High
SC-11205,2024-12-02,Rotterdam,Dubai,Sea,Textiles,11670.91,473.98,4.22,0.8,Rain,0.545,20.27,0,High
SC-11206,2025-11-21,Singapore,Dubai,Rail,Automotive,10407.78,130.02,3.76,9.4,Clear,0.85,11.23,0,Medium
SC-11207,2025-06-30,Hamburg,Antwerp,Road,Automotive,6965.59,169.27,1.95,2.9,Storm,0.861,13.56,1,Low
SC-11208,2025-01-24,Los Angeles,Antwerp,Road,Automotive,4467.59,201.73,1.28,6.9,Fog,0.586,5.4,1,Low
SC-11209,2024-11-20,Hamburg,Marseille,Sea,Textiles,14958.31,26.56,2.47,3.4,Fog,0.514,36.24,0,Medium
SC-11210,2025-10-03,Singapore,Hamburg,Road,Pharmaceuticals,6679.63,248.76,1.67,9.7,Hurricane,0.704,47.68,1,Low
SC-11211,2025-05-14,Busan,Los Angeles,Road,Textiles,7045.11,62.54,3.54,1.0,Storm,0.791,12.61,1,Medium
SC-11212,2025-07-08,Singapore,Marseille,Sea,Automotive,2872.55,201.08,3.38,5.0,Clear,0.853,5.2,0,Medium
SC-11213,2024-02-06,Shanghai,Dubai,Sea,Pharmaceuticals,12024.74,176.0,1.35,4.3,Rain,0.905,24.0,1,Low
SC-11214,2025-09-24,Antwerp,Shanghai,Sea,Electronics,10558.39,386.65,3.96,3.3,Storm,0.805,51.28,0,Medium
SC-11215,2024-03-11,Hamburg,Antwerp,Sea,Pharmaceuticals,3701.16,401.78,2.02,6.5,Rain,0.555,8.19,1,Medium
SC-11216,2024-08-28,Dubai,Busan,Rail,Automotive,1694.53,77.55,2.63,1.3,Hurricane,0.841,9.91,1,Medium
SC-11217,2025-10-08,Shanghai,Dubai,Air,Electronics,10367.24,183.91,3.4,7.2,Clear,0.992,0.97,0,Medium
SC-11218,2025-12-01,Singapore,Hamburg,Road,Electronics,9990.41,187.3,2.62,9.8,Storm,0.953,26.61,1,Medium
SC-11219,2024-10-21,Hamburg,Shanghai,Rail,Automotive,4462.26,76.55,2.66,8.0,Hurricane,0.936,34.7,1,Medium
SC-11220,2024-08-20,Antwerp,Singapore,Rail,Pharmaceuticals,14287.52,399.43,1.42,8.6,Rain,0.651,16.85,1,Low
SC-11221,2024-04-02,Los Angeles,Busan,Sea,Automotive,2690.34,353.91,2.52,3.6,Fog,0.875,6.65,1,Medium
SC-11222,2025-03-20,Antwerp,Rotterdam,Rail,Pharmaceuticals,6768.85,96.0,3.72,3.2,Storm,0.926,16.5,1,Medium
SC-11223,2024-04-10,Shanghai,Busan,Rail,Automotive,14182.43,183.99,4.22,5.2,Fog,0.839,18.1,0,High
SC-11224,2025-10-10,Dubai,Rotterdam,Air,Perishables,6586.05,53.8,2.56,0.5,Storm,0.625,0.88,0,Medium
SC-11225,2025-12-21,Busan,Hamburg,Road,Perishables,9758.63,314.48,2.6,9.5,Storm,0.977,25.14,1,Medium
SC-11226,2024-04-12,Shanghai,Rotterdam,Road,Electronics,6265.12,61.56,3.52,1.4,Hurricane,0.725,31.96,1,Medium
SC-11227,2025-03-30,Rotterdam,Hamburg,Sea,Perishables,4476.12,492.98,4.31,9.0,Clear,0.565,8.73,0,High
SC-11228,2024-06-19,Los Angeles,Busan,Air,Automotive,14767.68,390.56,2.08,0.8,Rain,0.555,1.35,0,Medium
SC-11229,2025-12-11,Busan,Hamburg,Road,Perishables,6435.34,195.73,2.65,8.2,Clear,0.824,5.74,0,Medium
SC-11230,2024-11-02,Singapore,Shanghai,Air,Textiles,13464.44,289.7,3.83,1.5,Hurricane,0.719,5.58,1,Medium
SC-11231,2024-01-30,Singapore,Hamburg,Rail,Textiles,3834.34,455.76,3.21,0.4,Clear,0.547,2.71,0,Medium
SC-11232,2024-02-17,Los Angeles,Singapore,Air,Textiles,3590.02,277.5,1.56,7.2,Clear,0.87,0.57,1,Low
SC-11233,2024-11-28,Hamburg,Busan,Rail,Automotive,951.44,88.07,3.27,2.8,Fog,0.9,1.04,0,Medium
SC-11234,2024-02-27,Dubai,Singapore,Rail,Automotive,9949.17,189.97,1.82,7.1,Hurricane,0.863,74.66,1,Low
SC-11235,2024-10-27,Busan,Los Angeles,Sea,Textiles,5843.63,421.73,2.88,5.6,Storm,0.601,30.56,1,Medium
SC-11236,2025-01-02,Antwerp,Hamburg,Rail,Automotive,13033.19,322.46,2.95,1.1,Fog,0.845,14.74,0,Medium
SC-11237,2025-01-18,Rotterdam,Shanghai,Rail,Perishables,7361.54,325.71,4.09,9.3,Storm,0.505,22.94,1,High
SC-11238,2025-03-17,Singapore,Marseille,Air,Perishables,14538.8,433.54,2.73,4.5,Fog,0.653,1.29,1,Medium
SC-11239,2024-05-29,Dubai,Busan,Road,Perishables,3190.12,447.09,2.12,7.3,Clear,0.699,2.98,0,Medium
SC-11240,2024-09-07,Dubai,Hamburg,Sea,Pharmaceuticals,13095.04,459.98,1.96,5.0,Fog,0.918,32.63,0,Low
SC-11241,2025-06-27,Dubai,Singapore,Sea,Electronics,11760.65,48.33,4.09,6.0,Fog,0.695,32.57,0,High
SC-11242,2025-02-25,Hamburg,Antwerp,Road,Electronics,11678.37,272.52,1.76,3.0,Hurricane,0.506,63.95,1,Low
SC-11243,2025-08-02,Los Angeles,Dubai,Sea,Electronics,12749.36,370.51,2.61,2.0,Storm,0.676,58.52,1,Medium
SC-11244,2025-11-29,Hamburg,Singapore,Road,Textiles,11534.85,378.71,1.82,5.4,Clear,0.749,8.57,1,Low
SC-11245,2024-07-03,Singapore,Marseille,Air,Pharmaceuticals,9580.19,303.75,3.75,4.4,Clear,0.975,1.31,0,Medium
SC-11246,2024-06-23,Hamburg,Marseille,Air,Automotive,2403.05,84.23,2.77,3.9,Hurricane,0.971,0.67,1,Medium
SC-11247,2024-06-28,Antwerp,Rotterdam,Road,Electronics,971.63,398.91,2.36,6.7,Clear,0.59,1.51,1,Medium
SC-11248,2024-03-21,Singapore,Dubai,Road,Pharmaceuticals,13852.29,360.34,2.39,6.9,Rain,0.593,13.51,1,Medium
SC-11249,2025-09-16,Hamburg,Marseille,Rail,Textiles,9441.43,43.98,4.01,0.5,Fog,0.582,10.37,0,High
SC-11250,2025-01-26,Los Angeles,Rotterdam,Sea,Electronics,12049.79,232.44,3.03,3.4,Clear,0.894,19.41,0,Medium
SC-11251,2025-09-26,Rotterdam,Shanghai,Air,Textiles,7482.07,87.81,3.57,4.1,Fog,0.503,0.5,0,Medium
SC-11252,2025-11-30,Dubai,Hamburg,Air,Pharmaceuticals,2200.97,169.4,4.16,1.0,Hurricane,0.564,1.43,1,High
SC-11253,2024-09-03,Antwerp,Rotterdam,Sea,Pharmaceuticals,2315.19,10.02,4.18,2.4,Hurricane,0.769,28.91,1,High
SC-11254,2025-05-24,Rotterdam,Los Angeles,Sea,Pharmaceuticals,10440.7,200.76,2.28,0.5,Hurricane,0.624,119.68,1,Medium
SC-11255,2025-08-20,Shanghai,Antwerp,Rail,Textiles,6739.44,275.39,4.34,10.0,Rain,0.546,8.32,1,High
SC-11256,2024-05-26,Antwerp,Shanghai,Sea,Perishables,3407.61,310.17,1.28,7.4,Fog,0.68,9.5,1,Low
SC-11257,2024-08-25,Los Angeles,Hamburg,Sea,Textiles,7628.12,332.08,2.44,0.9,Clear,0.637,11.75,0,Medium
SC-11258,2025-04-17,Antwerp,Los Angeles,Road,Automotive,1431.03,418.31,4.16,0.2,Fog,0.756,2.25,0,High
SC-11259,2025-10-15,Los Angeles,Singapore,Rail,Electronics,8938.59,108.52,2.11,7.2,Clear,0.99,8.44,0,Medium
SC-11260,2024-09-17,Rotterdam,Busan,Sea,Pharmaceuticals,4400.4,61.12,2.1,4.4,Clear,0.562,7.08,1,Medium
SC-11261,2025-04-15,Antwerp,Dubai,Sea,Perishables,12064.61,425.92,2.2,7.9,Storm,0.686,70.45,1,Medium
SC-11262,2024-09-18,Hamburg,Los Angeles,Rail,Pharmaceuticals,5000.25,79.15,3.22,9.2,Hurricane,0.966,40.48,1,Medium
SC-11263,2025-11-13,Dubai,Antwerp,Rail,Electronics,7100.69,487.41,2.65,6.0,Fog,0.938,9.91,1,Medium
SC-11264,2024-01-10,Busan,Antwerp,Air,Textiles,668.5,421.43,3.6,1.9,Fog,0.697,0.5,1,Medium
SC-11265,2025-04-21,Rotterdam,Antwerp,Road,Automotive,1550.48,250.94,4.15,7.8,Hurricane,0.849,11.05,1,High
SC-11266,2024-10-21,Los Angeles,Shanghai,Road,Textiles,6191.16,490.73,3.42,9.6,Fog,0.544,7.82,1,Medium
SC-11267,2025-11-24,Rotterdam,Hamburg,Air,Electronics,7459.11,49.59,1.87,5.8,Clear,0.856,0.74,0,Low
SC-11268,2025-07-13,Los Angeles,Hamburg,Air,Perishables,9200.3,152.23,4.28,6.8,Clear,0.986,0.5,1,High
SC-11269,2024-06-10,Rotterdam,Hamburg,Road,Automotive,4729.11,319.47,2.07,3.4,Hurricane,0.769,26.18,1,Medium
SC-11270,2024-03-16,Hamburg,Rotterdam,Air,Automotive,10577.24,175.65,1.69,3.8,Hurricane,0.749,5.04,1,Low
SC-11271,2025-03-28,Rotterdam,Antwerp,Sea,Pharmaceuticals,12971.77,464.26,1.5,7.3,Fog,0.594,37.32,0,Low
SC-11272,2024-12-19,Antwerp,Dubai,Road,Perishables,11807.84,33.75,3.06,9.3,Fog,0.817,15.89,0,Medium
SC-11273,2025-08-24,Rotterdam,Marseille,Rail,Pharmaceuticals,1074.47,275.16,1.58,6.3,Fog,0.795,1.75,0,Low
SC-11274,2024-11-02,Rotterdam,Los Angeles,Air,Automotive,7467.35,295.84,1.66,7.9,Storm,0.826,1.57,1,Low
SC-11275,2025-10-16,Dubai,Hamburg,Air,Pharmaceuticals,2021.49,326.71,2.19,1.7,Hurricane,0.513,0.98,1,Medium
SC-11276,2025-03-10,Shanghai,Rotterdam,Sea,Perishables,4009.65,128.58,2.13,2.1,Hurricane,0.774,49.72,1,Medium
SC-11277,2025-12-07,Shanghai,Antwerp,Air,Automotive,14806.61,182.92,3.19,5.3,Rain,0.797,1.64,0,Medium
SC-11278,2024-09-13,Rotterdam,Los Angeles,Road,Pharmaceuticals,2566.19,422.0,3.9,1.8,Rain,0.604,0.65,0,Medium
SC-11279,2025-04-12,Dubai,Hamburg,Rail,Pharmaceuticals,7733.88,98.28,3.71,6.3,Rain,0.604,8.36,1,Medium
SC-11280,2024-11-05,Rotterdam,Hamburg,Air,Automotive,9463.26,413.61,2.07,2.9,Fog,0.638,0.73,0,Medium
SC-11281,2024-07-22,Singapore,Shanghai,Rail,Perishables,10685.74,281.77,2.01,7.9,Clear,0.856,10.69,1,Medium
SC-11282,2025-01-28,Dubai,Hamburg,Road,Electronics,8614.91,381.33,4.39,8.1,Fog,0.803,10.77,0,High
SC-11283,2025-05-09,Antwerp,Busan,Rail,Electronics,641.68,357.09,1.23,4.6,Clear,0.923,0.91,0,Low
SC-11284,2024-04-19,Antwerp,Rotterdam,Air,Automotive,5233.69,104.55,4.1,1.8,Storm,0.648,0.5,0,High
SC-11285,2024-08-30,Hamburg,Antwerp,Sea,Electronics,8006.82,284.84,1.86,6.5,Clear,0.956,14.85,1,Low
SC-11286,2025-01-25,Busan,Antwerp,Air,Pharmaceuticals,1774.06,433.99,4.33,9.9,Storm,0.872,0.86,1,High
SC-11287,2025-08-08,Hamburg,Shanghai,Road,Textiles,5584.09,216.63,2.33,6.2,Hurricane,0.698,34.13,1,Medium
SC-11288,2025-01-02,Rotterdam,Marseille,Air,Electronics,981.45,483.33,2.65,0.4,Rain,0.548,1.32,0,Medium
SC-11289,2025-08-11,Los Angeles,Busan,Rail,Textiles,1639.39,226.66,3.53,0.2,Storm,0.628,4.04,1,Medium
SC-11290,2024-10-29,Shanghai,Dubai,Road,Pharmaceuticals,6255.39,72.25,3.14,3.2,Rain,0.978,5.18,0,Medium
SC-11291,2025-12-17,Rotterdam,Dubai,Air,Textiles,2424.38,195.33,2.25,2.0,Storm,0.655,0.5,1,Medium
SC-11292,2024-10-29,Rotterdam,Busan,Sea,Automotive,8729.34,475.9,3.03,8.1,Storm,0.665,51.07,1,Medium
SC-11293,2024-01-23,Singapore,Dubai,Rail,Electronics,10497.24,160.54,3.61,8.4,Hurricane,0.595,82.99,1,Medium
SC-11294,2025-11-05,Hamburg,Antwerp,Rail,Textiles,12108.51,434.18,1.34,2.6,Clear,0.903,9.72,1,Low
SC-11295,2025-02-09,Los Angeles,Busan,Sea,Electronics,3402.18,440.74,1.24,3.3,Hurricane,0.638,44.71,1,Low
SC-11296,2024-10-08,Los Angeles,Antwerp,Road,Perishables,2928.5,175.74,2.71,2.4,Storm,0.665,5.61,0,Medium
SC-11297,2024-01-09,Los Angeles,Antwerp,Sea,Electronics,2016.23,42.55,1.64,9.1,Fog,0.707,6.39,0,Low
SC-11298,2025-08-02,Singapore,Busan,Road,Pharmaceuticals,9728.24,362.55,3.39,5.0,Storm,0.717,21.09,0,Medium
SC-11299,2025-12-03,Dubai,Singapore,Rail,Automotive,10743.9,156.44,1.91,6.6,Fog,0.706,14.66,1,Low
SC-11300,2024-02-20,Shanghai,Singapore,Road,Automotive,958.0,391.68,2.63,4.2,Rain,0.752,1.01,0,Medium
SC-11301,2025-09-12,Busan,Antwerp,Air,Textiles,14075.08,221.88,1.85,6.3,Hurricane,0.907,8.06,1,Low
SC-11302,2025-05-23,Rotterdam,Shanghai,Rail,Electronics,1253.58,243.15,3.01,3.9,Storm,0.91,2.74,1,Medium
SC-11303,2024-10-20,Busan,Rotterdam,Rail,Automotive,8348.8,389.18,1.58,3.4,Rain,0.899,7.92,0,Low
SC-11304,2024-08-23,Dubai,Hamburg,Rail,Perishables,10781.38,191.8,1.28,6.3,Storm,0.551,30.32,0,Low
SC-11305,2025-09-13,Rotterdam,Los Angeles,Sea,Electronics,13129.05,222.12,1.37,5.9,Rain,0.9,28.93,0,Low
SC-11306,2024-12-26,Antwerp,Dubai,Air,Electronics,10854.26,188.72,4.35,2.9,Rain,0.56,0.88,0,High
SC-11307,2024-08-12,Busan,Rotterdam,Road,Electronics,12125.06,184.3,1.67,1.5,Hurricane,0.562,60.93,1,Low
SC-11308,2025-10-13,Busan,Hamburg,Air,Perishables,5422.03,263.45,3.54,3.7,Hurricane,0.974,3.93,1,Medium
SC-11309,2024-07-13,Rotterdam,Singapore,Rail,Textiles,12314.96,404.59,1.42,4.2,Hurricane,0.91,82.61,1,Low
SC-11310,2025-09-27,Rotterdam,Antwerp,Rail,Pharmaceuticals,1661.67,181.52,1.56,6.3,Rain,0.776,1.66,1,Low
SC-11311,2024-09-13,Los Angeles,Rotterdam,Air,Pharmaceuticals,13474.84,262.6,2.88,9.1,Storm,0.937,2.81,1,Medium
SC-11312,2025-11-25,Los Angeles,Antwerp,Rail,Electronics,8440.09,335.69,2.73,0.4,Rain,0.995,7.35,0,Medium
SC-11313,2025-11-06,Singapore,Marseille,Air,Automotive,12350.82,135.45,4.34,2.4,Fog,0.805,1.28,1,High
SC-11314,2025-11-28,Antwerp,Busan,Sea,Perishables,7058.62,139.48,4.32,1.9,Fog,0.806,16.61,0,High
SC-11315,2024-05-20,Singapore,Busan,Sea,Perishables,9831.88,466.77,3.77,5.0,Rain,0.877,20.04,0,Medium
SC-11316,2025-10-05,Hamburg,Singapore,Road,Electronics,8132.84,362.04,3.19,4.3,Clear,0.616,5.72,1,Medium
SC-11317,2024-04-09,Antwerp,Shanghai,Road,Electronics,11108.05,289.02,2.7,7.3,Fog,0.584,14.55,1,Medium
SC-11318,2025-10-04,Los Angeles,Singapore,Rail,Electronics,1683.63,324.21,2.38,2.4,Fog,0.88,2.08,1,Medium
SC-11319,2025-10-23,Los Angeles,Hamburg,Road,Pharmaceuticals,1375.11,15.62,4.33,5.9,Storm,0.672,3.1,0,High
SC-11320,2024-02-10,Los Angeles,Shanghai,Rail,Textiles,4083.0,309.43,3.19,8.8,Hurricane,0.568,32.24,1,Medium
SC-11321,2024-11-12,Shanghai,Dubai,Rail,Pharmaceuticals,2813.4,255.24,3.11,9.1,Clear,0.657,3.1,0,Medium
SC-11322,2025-03-27,Rotterdam,Shanghai,Sea,Textiles,13140.86,273.33,1.97,9.6,Clear,0.679,27.52,1,Low
SC-11323,2024-02-04,Busan,Hamburg,Air,Pharmaceuticals,3678.6,180.35,1.35,7.7,Storm,0.983,1.23,1,Low
SC-11324,2025-08-16,Busan,Marseille,Sea,Perishables,14650.05,41.66,4.32,9.1,Hurricane,0.849,236.39,1,High
SC-11325,2025-01-08,Dubai,Marseille,Rail,Electronics,5384.99,97.48,2.24,2.3,Storm,0.765,12.71,1,Medium
SC-11326,2024-05-14,Busan,Singapore,Air,Electronics,3140.71,475.42,2.66,2.0,Fog,0.984,1.11,1,Medium
SC-11327,2024-04-02,Los Angeles,Shanghai,Air,Electronics,11950.63,204.94,1.58,0.1,Fog,0.952,1.47,0,Low
SC-11328,2024-10-29,Antwerp,Singapore,Rail,Pharmaceuticals,10051.26,233.87,3.96,7.1,Hurricane,0.756,75.18,1,Medium
SC-11329,2024-11-30,Antwerp,Los Angeles,Rail,Pharmaceuticals,7723.84,27.3,1.29,9.4,Fog,0.953,10.54,1,Low
SC-11330,2025-03-01,Singapore,Rotterdam,Air,Pharmaceuticals,8552.77,19.75,3.95,1.9,Hurricane,0.702,4.05,1,Medium
SC-11331,2024-06-28,Antwerp,Busan,Road,Textiles,10928.43,358.87,1.66,6.4,Rain,0.615,10.69,1,Low
SC-11332,2024-07-24,Dubai,Rotterdam,Sea,Perishables,3812.59,269.51,4.13,7.5,Clear,0.616,6.73,0,High
SC-11333,2024-05-15,Antwerp,Los Angeles,Rail,Electronics,14946.84,254.84,3.61,9.3,Rain,0.831,18.23,0,Medium
SC-11334,2025-07-06,Singapore,Rotterdam,Sea,Automotive,14634.5,122.32,1.74,6.5,Clear,0.751,26.77,1,Low
SC-11335,2025-01-09,Shanghai,Hamburg,Rail,Electronics,9929.72,372.63,3.07,9.7,Rain,0.829,12.34,1,Medium
SC-11336,2025-06-27,Busan,Hamburg,Sea,Pharmaceuticals,3393.37,84.95,2.23,3.4,Hurricane,0.843,43.93,1,Medium
SC-11337,2025-05-28,Busan,Singapore,Rail,Electronics,10363.31,95.78,1.79,3.5,Storm,0.511,26.01,1,Low
SC-11338,2024-10-06,Singapore,Busan,Air,Automotive,1546.88,230.9,4.04,5.4,Rain,0.527,0.5,1,High
SC-11339,2024-06-17,Los Angeles,Marseille,Air,Textiles,944.46,143.85,2.53,3.8,Rain,0.766,0.5,1,Medium
SC-11340,2024-09-20,Antwerp,Shanghai,Air,Automotive,4236.4,124.48,2.52,0.0,Fog,0.596,0.79,0,Medium
SC-11341,2025-05-08,Singapore,Shanghai,Air,Electronics,7208.03,322.97,1.76,7.3,Rain,0.816,0.5,1,Low
SC-11342,2024-10-29,Antwerp,Singapore,Rail,Perishables,13089.95,325.83,2.46,7.5,Fog,0.776,19.4,0,Medium
SC-11343,2024-12-12,Singapore,Rotterdam,Air,Perishables,11043.95,412.43,4.08,7.5,Fog,0.793,1.68,0,High
SC-11344,2024-04-27,Los Angeles,Shanghai,Rail,Perishables,11269.24,209.44,2.4,3.5,Fog,0.651,14.46,1,Medium
SC-11345,2025-04-24,Hamburg,Shanghai,Rail,Automotive,6669.65,37.47,4.34,5.2,Hurricane,0.82,46.65,1,High
SC-11346,2024-03-18,Busan,Los Angeles,Sea,Pharmaceuticals,5516.06,137.56,4.32,3.6,Hurricane,0.915,72.07,1,High
SC-11347,2024-05-24,Antwerp,Los Angeles,Road,Automotive,5880.06,490.02,1.68,0.2,Rain,0.999,4.28,0,Low
SC-11348,2024-08-19,Hamburg,Shanghai,Air,Automotive,14820.92,298.53,1.79,5.6,Storm,0.919,2.92,0,Low
SC-11349,2025-11-23,Hamburg,Busan,Air,Perishables,1081.58,355.16,4.05,1.2,Storm,0.779,0.5,1,High
SC-11350,2025-11-21,Busan,Singapore,Sea,Electronics,13071.96,4.67,2.5,0.8,Clear,0.597,18.61,0,Medium
SC-11351,2025-02-10,Rotterdam,Busan,Sea,Automotive,8890.79,259.58,1.21,7.6,Storm,0.841,50.86,1,Low
SC-11352,2025-07-24,Antwerp,Marseille,Sea,Pharmaceuticals,6859.92,19.73,2.1,0.1,Clear,0.969,8.99,0,Medium
SC-11353,2025-01-09,Hamburg,Singapore,Road,Pharmaceuticals,11016.24,285.05,3.17,9.6,Rain,0.606,11.98,1,Medium
SC-11354,2024-04-02,Singapore,Shanghai,Road,Perishables,7556.7,460.46,3.84,5.2,Storm,0.628,16.94,1,Medium
SC-11355,2025-02-08,Rotterdam,Hamburg,Sea,Perishables,13164.64,484.24,1.64,9.8,Rain,0.575,32.57,0,Low
SC-11356,2024-01-15,Busan,Antwerp,Sea,Pharmaceuticals,13560.18,270.74,1.56,0.6,Hurricane,0.868,154.48,1,Low
SC-11357,2024-09-27,Busan,Marseille,Air,Automotive,6614.95,229.64,4.24,5.8,Storm,0.703,0.75,1,High
SC-11358,2025-07-03,Shanghai,Rotterdam,Air,Perishables,4514.0,472.56,3.68,3.5,Storm,0.531,1.8,0,Medium
SC-11359,2024-05-06,Shanghai,Los Angeles,Sea,Electronics,9089.08,337.13,3.15,8.4,Fog,0.937,26.61,1,Medium
SC-11360,2025-04-10,Rotterdam,Hamburg,Air,Electronics,13729.27,33.38,3.74,3.6,Clear,0.779,1.15,0,Medium
SC-11361,2025-01-12,Rotterdam,Busan,Road,Textiles,3554.6,233.4,2.62,2.6,Rain,0.666,2.95,0,Medium
SC-11362,2025-11-19,Antwerp,Shanghai,Air,Electronics,9533.02,120.88,3.7,8.6,Clear,0.672,0.5,1,Medium
SC-11363,2025-11-19,Antwerp,Marseille,Air,Automotive,9657.62,235.43,2.43,3.7,Hurricane,0.645,5.67,1,Medium
SC-11364,2024-09-25,Dubai,Rotterdam,Road,Pharmaceuticals,11130.14,228.28,2.01,0.2,Fog,0.728,10.36,0,Medium
SC-11365,2025-08-21,Busan,Singapore,Rail,Electronics,2407.73,291.49,3.61,3.9,Rain,0.669,2.01,0,Medium
SC-11366,2025-01-25,Singapore,Rotterdam,Air,Automotive,10879.46,179.03,2.58,6.5,Clear,0.774,0.74,0,Medium
SC-11367,2025-10-15,Rotterdam,Marseille,Sea,Perishables,13680.97,82.97,4.44,2.5,Hurricane,0.887,170.77,1,High
SC-11368,2025-01-15,Busan,Los Angeles,Road,Pharmaceuticals,3105.41,252.36,2.35,4.3,Hurricane,0.837,18.89,1,Medium
SC-11369,2024-04-20,Los Angeles,Rotterdam,Sea,Automotive,3944.38,415.27,4.24,0.6,Fog,0.647,8.0,1,High
SC-11370,2025-11-22,Busan,Los Angeles,Sea,Perishables,14585.23,332.34,4.28,5.9,Rain,0.764,31.2,0,High
SC-11371,2024-08-27,Shanghai,Busan,Sea,Pharmaceuticals,3124.17,169.85,2.0,7.6,Clear,0.92,5.62,0,Low
SC-11372,2025-04-27,Hamburg,Busan,Road,Automotive,12888.58,467.83,3.83,4.1,Fog,0.534,13.93,1,Medium
SC-11373,2024-01-26,Dubai,Hamburg,Rail,Pharmaceuticals,7638.03,456.19,2.63,4.2,Rain,0.539,8.39,1,Medium
SC-11374,2025-09-26,Rotterdam,Hamburg,Road,Automotive,4084.85,105.46,4.23,0.9,Hurricane,0.778,21.2,1,High
SC-11375,2025-07-28,Shanghai,Marseille,Sea,Textiles,13125.87,20.67,2.69,2.0,Rain,0.82,23.89,0,Medium
SC-11376,2024-12-01,Shanghai,Busan,Road,Perishables,6956.93,370.91,3.66,1.5,Fog,0.606,6.88,0,Medium
SC-11377,2025-09-16,Shanghai,Dubai,Road,Electronics,7964.85,413.98,2.74,4.8,Fog,0.873,8.87,0,Medium
SC-11378,2024-08-14,Busan,Hamburg,Sea,Perishables,5708.88,483.96,1.95,5.3,Fog,0.823,14.55,1,Low
SC-11379,2025-10-25,Dubai,Antwerp,Sea,Perishables,9097.79,445.03,1.86,9.5,Fog,0.962,29.16,0,Low
SC-11380,2024-03-05,Shanghai,Antwerp,Air,Textiles,2871.1,300.67,2.6,0.7,Clear,0.584,0.84,0,Medium
SC-11381,2025-10-12,Antwerp,Shanghai,Air,Pharmaceuticals,6170.68,265.5,3.69,6.0,Clear,0.876,0.51,0,Medium
SC-11382,2025-04-20,Rotterdam,Busan,Sea,Pharmaceuticals,14556.48,14.89,3.2,5.3,Hurricane,0.542,205.11,1,Medium
SC-11383,2025-12-18,Antwerp,Marseille,Sea,Automotive,4242.93,124.08,3.47,5.2,Storm,0.783,22.85,1,Medium
SC-11384,2024-11-05,Antwerp,Marseille,Sea,Electronics,10022.68,230.35,2.13,8.7,Rain,0.776,24.04,0,Medium
SC-11385,2025-10-26,Singapore,Rotterdam,Rail,Pharmaceuticals,5215.26,314.62,2.79,2.1,Storm,0.694,12.14,1,Medium
SC-11386,2025-02-22,Rotterdam,Singapore,Road,Perishables,11715.36,279.07,1.35,0.4,Rain,0.922,9.29,0,Low
SC-11387,2024-04-29,Dubai,Hamburg,Sea,Pharmaceuticals,2397.67,371.58,3.9,6.7,Fog,0.502,6.2,1,Medium
SC-11388,2024-05-23,Rotterdam,Busan,Air,Perishables,14562.41,140.6,4.47,3.5,Hurricane,0.76,7.95,1,High
SC-11389,2024-02-16,Rotterdam,Shanghai,Sea,Perishables,7079.95,282.91,2.54,0.2,Fog,0.609,14.77,0,Medium
SC-11390,2024-02-08,Rotterdam,Antwerp,Air,Electronics,3922.73,44.98,1.24,2.5,Rain,0.872,1.04,0,Low
SC-11391,2024-11-07,Rotterdam,Singapore,Road,Textiles,1565.7,207.42,1.76,3.1,Clear,0.522,1.07,0,Low
SC-11392,2025-05-19,Singapore,Hamburg,Rail,Perishables,2961.49,375.33,3.35,6.2,Hurricane,0.916,21.7,1,Medium
SC-11393,2024-04-28,Antwerp,Singapore,Road,Perishables,8036.72,347.01,3.22,1.7,Clear,0.919,5.18,0,Medium
SC-11394,2024-04-09,Hamburg,Busan,Road,Perishables,5386.55,495.33,3.8,4.1,Clear,0.916,3.6,0,Medium
SC-11395,2024-08-28,Hamburg,Singapore,Rail,Automotive,12518.81,139.67,2.04,4.8,Fog,0.576,16.05,1,Medium
SC-11396,2025-07-04,Busan,Dubai,Rail,Perishables,6747.87,249.6,3.72,4.6,Clear,0.815,6.45,0,Medium
SC-11397,2024-05-18,Hamburg,Rotterdam,Sea,Pharmaceuticals,4106.36,165.44,3.47,9.7,Rain,0.507,9.02,1,Medium
SC-11398,2025-02-01,Rotterdam,Busan,Road,Pharmaceuticals,9448.6,220.86,2.27,0.5,Clear,0.924,5.13,0,Medium
SC-11399,2025-04-09,Shanghai,Busan,Sea,Automotive,10748.27,428.62,3.0,9.5,Clear,0.861,21.66,1,Medium
SC-11400,2025-01-14,Rotterdam,Hamburg,Air,Electronics,2922.11,342.42,1.69,5.8,Rain,0.766,0.5,0,Low
SC-11401,2025-11-17,Los Angeles,Singapore,Road,Textiles,2930.48,441.34,2.69,8.0,Storm,0.865,8.07,1,Medium
SC-11402,2025-12-14,Singapore,Rotterdam,Rail,Perishables,1031.74,102.55,4.11,4.3,Rain,0.547,1.67,1,High
SC-11403,2025-07-07,Hamburg,Dubai,Rail,Perishables,11177.83,436.81,2.59,4.5,Rain,0.764,11.72,0,Medium
SC-11404,2025-03-05,Singapore,Los Angeles,Air,Textiles,10125.17,30.82,3.97,8.8,Storm,0.646,1.96,1,Medium
SC-11405,2025-08-24,Busan,Dubai,Sea,Perishables,7382.15,444.41,3.15,9.0,Storm,0.986,45.21,1,Medium
SC-11406,2024-06-07,Busan,Antwerp,Sea,Textiles,12740.47,165.21,1.83,2.4,Fog,0.929,28.92,0,Low
SC-11407,2025-02-28,Busan,Shanghai,Rail,Automotive,12182.22,157.98,3.12,2.0,Rain,0.867,12.23,0,Medium
SC-11408,2025-11-01,Singapore,Rotterdam,Sea,Textiles,8987.64,256.53,2.87,5.0,Clear,0.967,15.24,1,Medium
SC-11409,2024-04-11,Busan,Rotterdam,Sea,Automotive,13089.93,470.4,2.52,9.0,Storm,0.673,78.96,1,Medium
SC-11410,2025-05-16,Los Angeles,Dubai,Rail,Perishables,3484.7,24.84,1.59,3.2,Fog,0.95,4.0,1,Low
SC-11411,2025-09-22,Los Angeles,Dubai,Sea,Perishables,2122.83,176.76,2.58,6.5,Fog,0.663,5.33,1,Medium
SC-11412,2025-02-21,Busan,Marseille,Rail,Electronics,4411.37,428.43,1.44,7.1,Fog,0.866,7.18,0,Low
SC-11413,2024-10-13,Busan,Rotterdam,Air,Pharmaceuticals,1327.76,198.63,1.53,7.8,Clear,0.868,0.5,0,Low
SC-11414,2024-02-03,Antwerp,Hamburg,Air,Textiles,8201.96,100.38,2.57,5.6,Hurricane,0.509,4.99,1,Medium
SC-11415,2025-12-07,Busan,Hamburg,Road,Electronics,14080.78,212.97,2.21,4.0,Fog,0.681,14.49,1,Medium
SC-11416,2025-01-14,Shanghai,Antwerp,Road,Pharmaceuticals,1070.48,193.39,4.25,9.7,Clear,0.51,1.04,0,High
SC-11417,2024-08-10,Singapore,Shanghai,Rail,Automotive,2270.59,457.79,2.44,6.1,Hurricane,0.999,16.73,1,Medium
SC-11418,2025-03-30,Los Angeles,Busan,Sea,Electronics,7056.89,381.21,3.7,7.3,Hurricane,0.561,107.11,1,Medium
SC-11419,2025-03-31,Hamburg,Antwerp,Air,Electronics,14041.19,253.05,2.95,3.4,Fog,0.771,0.71,1,Medium
SC-11420,2024-08-29,Los Angeles,Busan,Road,Perishables,5084.26,494.2,3.52,6.7,Clear,0.895,4.58,0,Medium
SC-11421,2025-01-06,Singapore,Rotterdam,Air,Electronics,7854.9,233.17,2.06,2.6,Fog,0.601,0.75,1,Medium
SC-11422,2024-04-11,Rotterdam,Hamburg,Air,Textiles,1102.81,30.06,4.31,2.5,Storm,0.743,0.5,1,High
SC-11423,2025-12-03,Rotterdam,Marseille,Air,Automotive,2650.98,131.87,2.95,7.1,Hurricane,0.804,0.57,1,Medium
SC-11424,2025-01-11,Singapore,Dubai,Air,Textiles,14806.14,218.6,3.94,5.2,Fog,0.58,1.76,1,Medium
SC-11425,2025-07-11,Dubai,Marseille,Air,Textiles,14494.22,79.29,2.4,6.8,Storm,0.889,4.26,1,Medium
SC-11426,2025-10-22,Singapore,Antwerp,Sea,Perishables,571.63,473.83,1.53,2.7,Fog,0.65,0.84,0,Low
SC-11427,2025-01-02,Rotterdam,Shanghai,Air,Automotive,14301.27,383.66,3.42,6.0,Fog,0.606,1.54,1,Medium
SC-11428,2024-03-03,Singapore,Marseille,Road,Pharmaceuticals,9767.24,134.88,1.23,4.4,Fog,0.779,11.21,0,Low
SC-11429,2025-02-11,Hamburg,Singapore,Rail,Pharmaceuticals,13084.82,295.81,2.77,6.0,Fog,0.705,17.06,0,Medium
SC-11430,2024-10-09,Dubai,Rotterdam,Rail,Pharmaceuticals,7093.73,361.0,1.84,2.9,Storm,0.96,16.69,1,Low
SC-11431,2024-07-13,Shanghai,Los Angeles,Rail,Automotive,7976.14,470.7,3.27,7.2,Clear,0.94,7.09,0,Medium
SC-11432,2024-05-05,Singapore,Shanghai,Road,Automotive,7588.28,440.94,4.43,8.1,Hurricane,0.742,51.19,1,High
SC-11433,2025-04-10,Shanghai,Marseille,Sea,Pharmaceuticals,10169.53,258.08,2.73,2.6,Hurricane,0.68,128.34,1,Medium
SC-11434,2024-04-03,Antwerp,Busan,Sea,Automotive,2524.94,387.55,3.9,3.0,Fog,0.663,6.13,0,Medium
SC-11435,2025-11-09,Rotterdam,Busan,Rail,Electronics,934.62,281.51,2.88,6.6,Hurricane,0.634,6.49,1,Medium
SC-11436,2024-08-05,Rotterdam,Dubai,Sea,Automotive,4964.98,276.8,2.84,7.0,Rain,0.772,10.93,1,Medium
SC-11437,2025-10-19,Hamburg,Los Angeles,Rail,Perishables,10717.87,58.26,4.27,7.0,Rain,0.902,11.76,1,High
SC-11438,2025-10-16,Rotterdam,Los Angeles,Air,Perishables,3426.88,63.94,4.14,6.8,Storm,0.655,0.5,1,High
SC-11439,2025-09-03,Busan,Shanghai,Road,Textiles,10264.77,265.24,3.79,3.9,Storm,0.595,21.88,1,Medium
SC-11440,2024-01-22,Dubai,Rotterdam,Sea,Pharmaceuticals,14563.72,135.16,2.18,3.9,Clear,0.738,24.51,1,Medium
SC-11441,2024-02-21,Singapore,Antwerp,Rail,Electronics,1861.56,11.5,3.0,2.5,Clear,0.535,1.7,0,Medium
SC-11442,2024-12-07,Shanghai,Antwerp,Sea,Pharmaceuticals,10252.73,361.7,1.94,1.6,Hurricane,0.851,122.85,1,Low
SC-11443,2024-09-06,Hamburg,Shanghai,Rail,Electronics,6934.38,17.21,2.66,6.9,Storm,0.759,19.48,1,Medium
SC-11444,2024-05-08,Dubai,Singapore,Air,Automotive,13088.06,298.04,2.8,0.9,Rain,0.748,0.82,0,Medium
SC-11445,2025-08-01,Dubai,Hamburg,Road,Perishables,3068.67,270.06,3.94,9.4,Rain,0.65,2.57,1,Medium
SC-11446,2024-07-29,Antwerp,Shanghai,Road,Automotive,10543.08,484.44,4.16,8.3,Storm,0.952,26.69,0,High
SC-11447,2024-03-11,Shanghai,Singapore,Road,Textiles,12652.67,242.62,2.57,8.6,Rain,0.545,12.62,1,Medium
SC-11448,2025-07-21,Antwerp,Shanghai,Road,Automotive,14196.91,32.74,1.26,9.1,Fog,0.935,17.75,0,Low
SC-11449,2024-07-31,Shanghai,Busan,Sea,Pharmaceuticals,10407.1,276.29,4.04,4.1,Storm,0.688,52.41,1,High
SC-11450,2025-08-23,Hamburg,Dubai,Sea,Automotive,7709.03,420.71,1.78,8.5,Rain,0.94,17.98,1,Low
SC-11451,2024-08-09,Busan,Singapore,Sea,Automotive,9458.78,498.43,3.25,1.6,Fog,0.864,21.38,0,Medium
SC-11452,2024-08-26,Rotterdam,Marseille,Air,Textiles,13099.12,215.74,1.28,0.2,Hurricane,0.552,5.94,1,Low
SC-11453,2024-12-02,Shanghai,Dubai,Road,Pharmaceuticals,8773.84,160.83,2.52,7.8,Rain,0.916,8.25,1,Medium
SC-11454,2024-05-31,Hamburg,Shanghai,Sea,Electronics,940.61,453.42,4.45,0.7,Rain,0.841,1.67,0,High
SC-11455,2025-09-02,Dubai,Busan,Sea,Perishables,13998.76,96.43,1.53,9.9,Rain,0.516,33.96,1,Low
SC-11456,2024-01-03,Antwerp,Marseille,Air,Automotive,10498.14,308.1,2.6,6.7,Clear,0.567,1.5,1,Medium
SC-11457,2024-10-10,Los Angeles,Rotterdam,Sea,Automotive,10309.44,203.45,2.21,7.5,Hurricane,0.818,157.02,1,Medium
SC-11458,2024-05-28,Los Angeles,Marseille,Air,Electronics,3627.29,21.5,4.19,2.5,Clear,0.831,0.5,0,High
SC-11459,2024-05-13,Singapore,Los Angeles,Rail,Electronics,10053.84,174.3,4.07,6.7,Storm,0.873,28.67,0,High
SC-11460,2025-07-07,Shanghai,Hamburg,Road,Electronics,6211.03,133.35,1.98,0.4,Rain,0.86,4.42,0,Low
SC-11461,2024-09-13,Shanghai,Busan,Road,Textiles,9942.88,343.36,1.47,8.4,Hurricane,0.83,66.58,1,Low
SC-11462,2024-06-27,Busan,Marseille,Sea,Perishables,2045.6,474.45,3.27,1.7,Clear,0.883,3.44,0,Medium
SC-11463,2024-04-22,Hamburg,Marseille,Sea,Pharmaceuticals,10038.76,134.76,2.31,7.0,Fog,0.788,28.55,1,Medium
SC-11464,2025-11-07,Antwerp,Los Angeles,Road,Textiles,14991.5,405.92,3.42,2.2,Clear,0.63,9.61,1,Medium
SC-11465,2024-01-27,Dubai,Los Angeles,Air,Textiles,1199.07,28.62,1.31,0.7,Storm,0.956,0.5,1,Low
SC-11466,2024-05-14,Hamburg,Rotterdam,Road,Electronics,14669.03,269.52,1.64,4.8,Storm,0.509,32.28,1,Low
SC-11467,2024-01-16,Dubai,Antwerp,Sea,Textiles,6400.17,36.2,3.47,1.7,Fog,0.683,14.36,0,Medium
SC-11468,2025-01-01,Rotterdam,Los Angeles,Rail,Pharmaceuticals,13125.93,467.08,1.9,7.3,Rain,0.864,13.98,1,Low
SC-11469,2024-08-31,Busan,Shanghai,Air,Perishables,11844.59,383.41,4.03,2.4,Fog,0.714,0.94,0,High
SC-11470,2025-08-25,Busan,Singapore,Sea,Pharmaceuticals,8721.74,329.32,1.39,3.4,Clear,0.512,15.08,0,Low
SC-11471,2024-11-27,Busan,Shanghai,Air,Electronics,11207.51,412.12,1.91,5.7,Clear,0.533,0.5,0,Low
SC-11472,2024-01-17,Rotterdam,Los Angeles,Air,Perishables,13238.48,324.11,4.5,2.8,Storm,0.824,2.07,1,High
SC-11473,2024-06-27,Los Angeles,Singapore,Rail,Pharmaceuticals,6360.03,484.5,2.63,3.8,Fog,0.982,7.29,0,Medium
SC-11474,2024-09-28,Hamburg,Rotterdam,Rail,Automotive,5241.98,357.27,3.52,8.2,Hurricane,0.776,41.3,1,Medium
SC-11475,2024-02-23,Los Angeles,Singapore,Rail,Pharmaceuticals,10180.1,462.4,1.8,1.8,Clear,0.753,8.3,0,Low
SC-11476,2024-05-09,Singapore,Dubai,Sea,Automotive,12213.77,259.05,3.21,0.8,Clear,0.659,18.25,0,Medium
SC-11477,2025-03-07,Shanghai,Antwerp,Road,Textiles,11553.13,59.42,3.6,3.3,Storm,0.628,23.39,1,Medium
SC-11478,2025-06-22,Singapore,Shanghai,Air,Automotive,12068.3,264.56,2.24,4.2,Clear,0.51,1.01,0,Medium
SC-11479,2024-04-26,Busan,Dubai,Road,Textiles,6815.96,64.31,3.94,5.4,Clear,0.636,5.87,1,Medium
SC-11480,2024-03-06,Shanghai,Rotterdam,Sea,Textiles,12358.6,296.65,3.19,3.7,Clear,0.725,20.62,0,Medium
SC-11481,2025-05-02,Los Angeles,Busan,Road,Pharmaceuticals,2243.03,241.76,2.48,7.9,Clear,0.599,2.1,1,Medium
SC-11482,2025-04-04,Antwerp,Los Angeles,Road,Electronics,8395.09,311.67,3.04,0.4,Fog,0.544,7.41,1,Medium
SC-11483,2025-01-05,Antwerp,Los Angeles,Road,Textiles,583.5,6.01,3.1,4.3,Rain,0.859,0.62,1,Medium
SC-11484,2025-06-09,Singapore,Busan,Air,Textiles,5206.49,98.23,1.75,3.8,Fog,0.947,1.1,1,Low
SC-11485,2025-08-30,Dubai,Marseille,Air,Automotive,5813.69,246.17,2.53,6.5,Clear,0.968,0.56,0,Medium
SC-11486,2024-04-21,Dubai,Marseille,Rail,Textiles,6244.5,475.3,2.33,9.7,Clear,0.809,5.81,1,Medium
SC-11487,2025-04-07,Los Angeles,Rotterdam,Rail,Perishables,10584.27,192.42,2.52,5.1,Hurricane,0.526,73.58,1,Medium
SC-11488,2025-05-30,Singapore,Shanghai,Sea,Textiles,6134.09,212.76,3.71,9.9,Clear,0.87,13.33,1,Medium
SC-11489,2024-08-14,Los Angeles,Busan,Sea,Electronics,7006.06,357.63,2.79,3.0,Rain,0.555,13.6,1,Medium
SC-11490,2025-09-21,Hamburg,Antwerp,Air,Perishables,3944.39,302.29,4.3,0.3,Fog,0.835,0.5,0,High
SC-11491,2024-02-14,Hamburg,Antwerp,Rail,Perishables,5912.15,150.16,2.17,1.7,Storm,0.89,13.06,1,Medium
SC-11492,2025-11-05,Shanghai,Marseille,Sea,Automotive,3795.41,206.0,2.57,4.0,Hurricane,0.863,51.1,1,Medium
SC-11493,2025-06-17,Hamburg,Shanghai,Road,Electronics,1561.34,109.63,3.8,3.2,Hurricane,0.976,9.44,1,Medium
SC-11494,2024-11-04,Hamburg,Rotterdam,Air,Automotive,9250.0,483.04,3.0,1.0,Rain,0.869,1.24,0,Medium
SC-11495,2025-04-14,Dubai,Hamburg,Rail,Electronics,10189.09,66.19,3.01,4.3,Storm,0.847,26.54,0,Medium
SC-11496,2025-10-20,Singapore,Shanghai,Rail,Electronics,9482.61,186.55,1.38,3.4,Fog,0.631,11.37,1,Low
SC-11497,2024-02-01,Shanghai,Marseille,Air,Electronics,7220.66,13.89,2.52,1.2,Storm,0.962,0.95,1,Medium
SC-11498,2024-03-03,Dubai,Busan,Road,Pharmaceuticals,6006.89,111.67,2.09,3.0,Hurricane,0.59,32.76,1,Medium
SC-11499,2025-05-05,Dubai,Los Angeles,Air,Electronics,13018.34,390.46,4.5,8.9,Fog,0.952,1.49,1,High
SC-11500,2025-02-15,Antwerp,Singapore,Road,Pharmaceuticals,8026.69,101.39,2.22,3.0,Hurricane,0.656,44.71,1,Medium
SC-11501,2025-03-12,Singapore,Dubai,Sea,Automotive,7448.14,40.95,4.12,7.1,Rain,0.565,17.43,1,High
SC-11502,2025-12-03,Rotterdam,Singapore,Air,Automotive,871.81,237.75,3.43,6.1,Rain,0.913,0.5,0,Medium
SC-11503,2024-04-20,Los Angeles,Marseille,Air,Pharmaceuticals,5448.09,5.97,2.33,4.3,Storm,0.501,0.5,1,Medium
SC-11504,2025-05-17,Dubai,Hamburg,Rail,Automotive,6012.84,43.3,2.99,2.4,Storm,0.916,13.18,1,Medium
SC-11505,2025-12-30,Dubai,Hamburg,Sea,Electronics,6282.93,404.01,3.97,3.7,Hurricane,0.631,82.81,1,Medium
SC-11506,2025-03-30,Busan,Antwerp,Sea,Pharmaceuticals,8912.5,385.97,4.12,5.9,Hurricane,0.942,128.79,1,High
SC-11507,2024-03-16,Busan,Dubai,Sea,Pharmaceuticals,8237.24,457.65,1.73,3.5,Rain,0.846,16.1,0,Low
SC-11508,2024-03-23,Singapore,Shanghai,Rail,Electronics,9314.62,427.4,2.32,2.1,Storm,0.833,22.45,1,Medium
SC-11509,2024-11-25,Rotterdam,Marseille,Road,Electronics,11590.81,341.9,2.31,1.2,Fog,0.683,10.41,1,Medium
SC-11510,2025-09-14,Busan,Hamburg,Sea,Perishables,12288.29,27.11,1.34,8.8,Clear,0.53,23.97,1,Low
SC-11511,2024-05-31,Rotterdam,Shanghai,Sea,Electronics,10912.78,391.64,3.17,4.4,Hurricane,0.915,147.62,1,Medium
SC-11512,2024-03-08,Busan,Los Angeles,Rail,Automotive,14355.09,422.91,4.02,6.3,Rain,0.585,15.35,0,High
SC-11513,2024-05-09,Dubai,Hamburg,Sea,Textiles,764.37,399.74,2.46,4.9,Clear,0.686,1.59,1,Medium
SC-11514,2024-10-08,Busan,Antwerp,Rail,Textiles,3338.78,254.73,3.64,8.7,Storm,0.8,9.78,1,Medium
SC-11515,2025-10-01,Antwerp,Singapore,Rail,Perishables,609.66,117.22,3.27,5.5,Hurricane,0.741,3.54,1,Medium
SC-11516,2025-10-10,Singapore,Shanghai,Air,Electronics,9888.38,422.82,2.44,4.8,Fog,0.599,1.4,1,Medium
SC-11517,2025-08-22,Hamburg,Busan,Sea,Pharmaceuticals,13521.44,363.85,1.67,9.2,Fog,0.57,40.31,1,Low
SC-11518,2025-07-15,Dubai,Hamburg,Road,Perishables,4030.49,490.4,3.54,7.2,Hurricane,0.562,25.56,1,Medium
SC-11519,2025-12-30,Singapore,Marseille,Rail,Pharmaceuticals,13942.0,78.69,4.02,1.1,Clear,0.932,9.41,1,High
SC-11520,2024-11-28,Los Angeles,Singapore,Air,Electronics,1373.88,113.61,3.46,1.8,Storm,0.516,0.5,0,Medium
SC-11521,2025-01-25,Dubai,Marseille,Road,Textiles,14049.32,106.69,1.26,7.9,Fog,0.989,17.57,0,Low
SC-11522,2025-09-03,Dubai,Antwerp,Road,Perishables,5598.53,396.48,1.91,8.4,Rain,0.599,6.63,0,Low
SC-11523,2025-06-27,Shanghai,Hamburg,Road,Electronics,1970.6,94.27,1.43,5.5,Hurricane,0.555,12.4,1,Low
SC-11524,2024-10-28,Rotterdam,Los Angeles,Rail,Electronics,7545.14,34.26,3.08,5.5,Fog,0.788,10.76,1,Medium
SC-11525,2025-04-09,Hamburg,Dubai,Road,Pharmaceuticals,4223.26,499.28,3.7,6.3,Fog,0.54,5.11,1,Medium
SC-11526,2025-06-01,Singapore,Marseille,Sea,Pharmaceuticals,4630.66,13.38,1.56,4.4,Storm,0.801,23.04,1,Low
SC-11527,2025-09-11,Dubai,Rotterdam,Rail,Electronics,4955.7,417.79,3.97,6.8,Rain,0.925,5.6,0,Medium
SC-11528,2025-03-16,Antwerp,Los Angeles,Air,Pharmaceuticals,12143.88,183.32,3.03,1.1,Rain,0.524,1.1,1,Medium
SC-11529,2024-04-11,Rotterdam,Dubai,Rail,Electronics,8317.84,420.97,3.48,9.6,Clear,0.9,8.9,0,Medium
SC-11530,2025-12-19,Antwerp,Singapore,Road,Textiles,5013.96,277.76,4.41,7.5,Rain,0.697,4.69,0,High
SC-11531,2024-04-27,Rotterdam,Los Angeles,Air,Perishables,9349.84,450.91,1.48,6.3,Clear,0.58,0.89,0,Low
SC-11532,2025-11-01,Shanghai,Busan,Air,Textiles,10884.18,463.17,4.17,3.2,Fog,0.588,0.52,0,High
SC-11533,2025-10-28,Hamburg,Shanghai,Rail,Textiles,4453.05,5.54,1.62,1.6,Rain,0.959,3.49,0,Low
SC-11534,2025-07-18,Dubai,Singapore,Sea,Textiles,6496.46,38.63,2.5,4.1,Fog,0.555,15.75,0,Medium
SC-11535,2024-08-08,Singapore,Dubai,Rail,Textiles,2267.35,125.93,4.01,6.6,Fog,0.933,3.16,0,High
SC-11536,2025-03-16,Hamburg,Shanghai,Sea,Electronics,3126.67,334.99,4.19,6.3,Storm,0.772,16.57,1,High
SC-11537,2025-04-07,Antwerp,Marseille,Rail,Electronics,10376.21,444.25,2.87,3.8,Rain,0.52,10.09,1,Medium
SC-11538,2024-08-21,Shanghai,Marseille,Air,Electronics,3130.86,230.51,3.16,6.1,Hurricane,0.732,2.16,1,Medium
SC-11539,2025-02-27,Busan,Marseille,Air,Automotive,8114.87,303.88,3.54,8.1,Rain,0.909,0.5,0,Medium
SC-11540,2024-12-13,Los Angeles,Rotterdam,Air,Electronics,10781.17,95.06,3.95,0.3,Storm,0.863,1.45,0,Medium
SC-11541,2025-04-09,Dubai,Hamburg,Sea,Electronics,2049.72,402.68,1.6,4.5,Fog,0.744,5.27,1,Low
SC-11542,2025-02-12,Busan,Singapore,Air,Pharmaceuticals,8726.03,483.7,3.87,7.6,Hurricane,0.93,5.14,1,Medium
SC-11543,2025-03-01,Hamburg,Shanghai,Air,Automotive,4220.16,135.03,2.79,5.5,Storm,0.56,0.59,1,Medium
SC-11544,2024-04-07,Los Angeles,Singapore,Rail,Perishables,14462.44,247.92,2.69,6.5,Storm,0.955,40.34,1,Medium
SC-11545,2024-11-16,Hamburg,Busan,Air,Electronics,7511.41,43.97,2.6,5.2,Hurricane,0.923,4.23,1,Medium
SC-11546,2025-03-13,Rotterdam,Los Angeles,Road,Pharmaceuticals,12186.89,280.01,2.88,9.9,Rain,0.854,13.59,0,Medium
SC-11547,2024-11-16,Shanghai,Dubai,Road,Electronics,8478.28,251.89,4.32,0.5,Fog,0.909,7.74,0,High
SC-11548,2025-11-12,Dubai,Antwerp,Sea,Perishables,1129.48,73.07,3.01,4.9,Rain,0.772,2.09,1,Medium
SC-11549,2024-09-18,Singapore,Busan,Road,Electronics,9680.69,221.59,4.35,0.9,Storm,0.838,17.74,1,High
SC-11550,2025-01-18,Los Angeles,Hamburg,Sea,Textiles,14295.35,167.72,1.79,1.6,Clear,0.78,21.59,0,Low
SC-11551,2024-06-05,Shanghai,Los Angeles,Road,Perishables,9223.37,261.39,3.59,3.8,Clear,0.678,6.35,0,Medium
SC-11552,2025-12-04,Busan,Singapore,Air,Textiles,12378.24,293.24,3.88,1.6,Clear,0.784,0.5,0,Medium
SC-11553,2025-04-30,Singapore,Marseille,Road,Perishables,13320.99,5.24,3.44,9.6,Rain,0.629,13.88,0,Medium
SC-11554,2024-03-09,Busan,Singapore,Sea,Electronics,3807.16,380.74,3.2,9.5,Clear,0.72,7.45,1,Medium
SC-11555,2024-04-03,Rotterdam,Los Angeles,Road,Electronics,3574.65,356.79,3.06,3.4,Hurricane,0.64,19.98,1,Medium
SC-11556,2024-03-28,Los Angeles,Antwerp,Road,Perishables,9359.22,183.78,4.04,6.4,Fog,0.561,10.32,1,High
SC-11557,2024-04-05,Dubai,Singapore,Sea,Pharmaceuticals,6459.91,27.42,3.91,5.3,Clear,0.661,11.52,0,Medium
SC-11558,2025-03-18,Busan,Marseille,Road,Automotive,12677.99,377.71,1.6,8.2,Clear,0.926,10.96,0,Low
SC-11559,2024-04-08,Hamburg,Singapore,Air,Textiles,13550.34,477.63,4.0,6.3,Storm,0.691,2.49,1,Medium
SC-11560,2025-01-16,Dubai,Antwerp,Air,Electronics,5624.61,120.84,2.57,0.0,Fog,0.874,1.4,0,Medium
SC-11561,2024-05-13,Rotterdam,Antwerp,Rail,Textiles,3934.62,162.44,2.04,7.6,Clear,0.588,3.78,0,Medium
SC-11562,2025-07-23,Shanghai,Rotterdam,Air,Automotive,11817.62,92.72,4.07,7.5,Storm,0.712,1.76,1,High
SC-11563,2024-03-02,Rotterdam,Antwerp,Air,Electronics,4484.69,288.89,2.63,5.1,Clear,0.557,0.5,1,Medium
SC-11564,2025-08-23,Los Angeles,Antwerp,Rail,Textiles,12427.91,78.27,3.87,9.0,Hurricane,0.569,100.25,1,Medium
SC-11565,2025-07-29,Singapore,Rotterdam,Rail,Automotive,6644.2,178.74,2.07,9.1,Clear,0.809,6.93,1,Medium
SC-11566,2025-07-29,Busan,Shanghai,Air,Perishables,10179.47,348.81,1.21,5.2,Hurricane,0.804,5.22,1,Low
SC-11567,2024-12-03,Antwerp,Busan,Air,Textiles,1885.26,280.5,2.84,6.1,Storm,0.607,0.5,1,Medium
SC-11568,2025-11-17,Shanghai,Marseille,Sea,Automotive,9545.96,193.84,1.53,10.0,Storm,0.737,59.05,1,Low
SC-11569,2024-05-05,Singapore,Dubai,Rail,Automotive,7050.63,210.7,3.69,3.0,Rain,0.932,6.43,0,Medium
SC-11570,2025-02-24,Hamburg,Dubai,Sea,Electronics,9005.82,281.49,2.11,3.2,Rain,0.587,17.17,0,Medium
SC-11571,2024-12-28,Singapore,Los Angeles,Rail,Electronics,2936.21,3.93,2.66,1.8,Fog,0.51,2.77,0,Medium
SC-11572,2025-11-12,Shanghai,Dubai,Road,Electronics,11184.67,40.18,1.49,9.0,Clear,0.826,9.27,1,Low
SC-11573,2025-03-09,Dubai,Antwerp,Sea,Pharmaceuticals,13010.56,440.75,2.15,7.4,Fog,0.527,37.52,1,Medium
SC-11574,2024-02-22,Busan,Singapore,Air,Perishables,3642.73,39.86,3.78,1.1,Rain,0.99,1.06,1,Medium
SC-11575,2024-10-21,Singapore,Los Angeles,Road,Automotive,1887.86,353.69,1.7,9.8,Clear,0.805,2.05,1,Low
SC-11576,2025-09-06,Shanghai,Los Angeles,Rail,Pharmaceuticals,842.76,460.1,3.34,7.3,Rain,0.735,1.61,1,Medium
SC-11577,2024-11-15,Hamburg,Shanghai,Sea,Automotive,9808.59,136.07,4.23,8.5,Rain,0.715,23.79,1,High
SC-11578,2024-12-26,Singapore,Marseille,Air,Textiles,9302.86,185.88,3.44,0.5,Storm,0.787,1.91,0,Medium
SC-11579,2024-04-16,Hamburg,Los Angeles,Road,Pharmaceuticals,8427.11,284.89,3.88,5.0,Fog,0.545,9.26,0,Medium
SC-11580,2025-08-14,Los Angeles,Antwerp,Rail,Electronics,3863.23,440.97,1.56,7.0,Rain,0.965,4.41,0,Low
SC-11581,2025-06-03,Dubai,Singapore,Air,Electronics,6168.14,471.01,2.03,5.4,Fog,0.813,0.5,0,Medium
SC-11582,2024-08-05,Los Angeles,Singapore,Road,Perishables,9119.91,370.04,4.15,6.7,Hurricane,0.592,57.79,1,High
SC-11583,2024-06-07,Los Angeles,Marseille,Rail,Pharmaceuticals,7703.12,44.22,3.56,8.2,Rain,0.781,9.08,1,Medium
SC-11584,2025-11-03,Hamburg,Singapore,Sea,Textiles,14822.89,334.91,3.31,3.7,Clear,0.567,24.8,1,Medium
SC-11585,2025-05-08,Hamburg,Shanghai,Road,Textiles,2478.38,205.74,3.39,8.5,Clear,0.509,2.31,1,Medium
SC-11586,2024-08-17,Dubai,Singapore,Road,Perishables,10579.6,235.88,2.57,1.6,Clear,0.815,6.73,1,Medium
SC-11587,2024-04-20,Busan,Rotterdam,Rail,Textiles,6362.62,25.53,1.35,2.7,Clear,0.824,5.04,0,Low
SC-11588,2024-12-24,Shanghai,Busan,Road,Electronics,6708.89,96.34,3.79,0.4,Clear,0.792,4.3,0,Medium
SC-11589,2025-07-23,Hamburg,Rotterdam,Sea,Perishables,10905.17,395.47,3.44,3.6,Hurricane,0.592,143.58,1,Medium
SC-11590,2025-01-11,Rotterdam,Hamburg,Air,Pharmaceuticals,10540.32,227.53,2.76,3.8,Clear,0.802,0.5,1,Medium
SC-11591,2024-04-27,Rotterdam,Singapore,Sea,Perishables,14873.21,151.53,4.17,8.1,Hurricane,0.528,231.26,1,High
SC-11592,2024-10-12,Hamburg,Dubai,Road,Textiles,2361.72,192.63,2.31,6.5,Hurricane,0.805,15.47,1,Medium
SC-11593,2025-08-10,Shanghai,Dubai,Road,Electronics,2009.59,427.35,2.17,4.4,Hurricane,0.777,11.63,1,Medium
SC-11594,2024-08-19,Singapore,Los Angeles,Sea,Pharmaceuticals,11002.91,374.75,4.08,6.5,Rain,0.828,24.11,0,High
SC-11595,2025-03-15,Shanghai,Hamburg,Air,Perishables,8886.61,136.89,3.83,0.5,Clear,0.948,0.5,0,Medium
SC-11596,2025-07-28,Los Angeles,Rotterdam,Air,Electronics,4475.33,59.63,2.9,1.8,Hurricane,0.925,1.9,1,Medium
SC-11597,2025-09-28,Dubai,Antwerp,Rail,Perishables,1651.58,126.75,1.63,6.3,Fog,0.99,2.54,1,Low
SC-11598,2025-09-20,Dubai,Busan,Rail,Electronics,1742.04,460.46,1.91,6.4,Hurricane,0.988,12.23,1,Low
SC-11599,2025-11-22,Hamburg,Shanghai,Sea,Perishables,13465.77,291.21,3.37,7.7,Clear,0.886,25.95,1,Medium
SC-11600,2025-10-20,Rotterdam,Shanghai,Rail,Electronics,3282.08,267.21,2.47,4.0,Clear,0.978,2.86,0,Medium
SC-11601,2025-07-24,Hamburg,Shanghai,Air,Textiles,5188.89,298.6,3.96,7.2,Storm,0.934,1.3,1,Medium
SC-11602,2024-01-27,Los Angeles,Hamburg,Rail,Textiles,3786.52,183.65,4.33,6.8,Hurricane,0.864,28.34,1,High
SC-11603,2025-09-15,Rotterdam,Los Angeles,Road,Electronics,5647.45,403.75,3.86,9.6,Clear,0.538,5.24,1,Medium
SC-11604,2025-11-04,Shanghai,Busan,Air,Textiles,1506.65,262.12,2.45,2.2,Rain,0.525,0.5,0,Medium
SC-11605,2025-12-11,Hamburg,Dubai,Air,Perishables,8026.37,59.26,3.8,5.5,Hurricane,0.919,3.8,1,Medium
SC-11606,2024-09-30,Dubai,Los Angeles,Rail,Pharmaceuticals,1480.38,65.4,2.36,6.0,Rain,0.745,2.83,1,Medium
SC-11607,2024-01-30,Busan,Marseille,Rail,Pharmaceuticals,12105.17,268.89,1.75,10.0,Storm,0.907,37.66,1,Low
SC-11608,2024-07-03,Singapore,Hamburg,Sea,Pharmaceuticals,3888.83,468.35,1.31,2.0,Storm,0.656,17.74,0,Low
SC-11609,2024-10-06,Rotterdam,Dubai,Sea,Textiles,8330.17,154.87,2.47,5.2,Clear,0.699,14.94,0,Medium
SC-11610,2025-12-20,Singapore,Hamburg,Air,Textiles,13261.15,434.9,4.18,3.5,Storm,0.85,3.23,0,High
SC-11611,2024-11-12,Busan,Los Angeles,Road,Perishables,9937.72,382.28,1.99,5.3,Hurricane,0.958,59.49,1,Low
SC-11612,2024-12-13,Singapore,Hamburg,Air,Automotive,8227.89,124.66,1.88,2.3,Hurricane,0.544,3.33,1,Low
SC-11613,2024-12-25,Shanghai,Dubai,Sea,Perishables,5202.84,19.13,4.4,0.5,Rain,0.931,8.26,0,High
SC-11614,2024-01-07,Antwerp,Shanghai,Sea,Perishables,5328.53,51.82,1.28,5.7,Hurricane,0.897,76.95,1,Low
SC-11615,2024-07-04,Singapore,Marseille,Road,Electronics,10207.56,364.52,3.79,3.4,Clear,0.658,6.58,1,Medium
SC-11616,2024-05-26,Shanghai,Dubai,Road,Textiles,14915.02,100.64,2.26,1.8,Hurricane,0.678,77.47,1,Medium
SC-11617,2025-08-02,Antwerp,Marseille,Road,Pharmaceuticals,10096.67,186.26,1.32,3.2,Rain,0.523,7.89,0,Low
SC-11618,2025-11-04,Antwerp,Busan,Sea,Perishables,8587.86,251.35,4.23,0.5,Clear,0.508,11.5,0,High
SC-11619,2025-02-14,Rotterdam,Hamburg,Sea,Automotive,11094.43,363.01,1.66,9.5,Storm,0.739,68.05,1,Low
SC-11620,2024-03-12,Busan,Shanghai,Sea,Pharmaceuticals,7245.48,57.5,3.02,5.8,Rain,0.548,15.12,0,Medium
SC-11621,2024-05-25,Dubai,Los Angeles,Road,Electronics,1372.06,203.78,2.1,8.1,Fog,0.597,1.38,0,Medium
SC-11622,2025-10-10,Hamburg,Rotterdam,Air,Perishables,8653.3,243.05,1.42,4.2,Fog,0.923,1.82,1,Low
SC-11623,2024-02-01,Dubai,Los Angeles,Sea,Perishables,14385.57,270.87,1.36,9.0,Fog,0.786,43.72,1,Low
SC-11624,2024-04-03,Los Angeles,Hamburg,Sea,Textiles,3041.89,409.36,1.58,4.8,Clear,0.817,5.71,0,Low
SC-11625,2025-06-27,Shanghai,Los Angeles,Air,Electronics,10505.07,86.67,1.44,5.7,Rain,0.594,1.26,0,Low
SC-11626,2024-08-08,Busan,Shanghai,Rail,Electronics,3413.54,404.11,3.71,4.9,Fog,0.914,4.38,0,Medium
SC-11627,2025-01-20,Rotterdam,Dubai,Sea,Pharmaceuticals,8269.5,346.75,2.8,7.3,Fog,0.934,23.32,1,Medium
SC-11628,2025-03-05,Shanghai,Rotterdam,Sea,Automotive,1901.81,278.38,2.33,5.7,Rain,0.762,4.19,1,Medium
SC-11629,2025-04-09,Busan,Singapore,Sea,Textiles,7030.38,350.06,2.58,2.7,Hurricane,0.956,88.81,1,Medium
SC-11630,2024-12-15,Shanghai,Los Angeles,Road,Electronics,11464.37,206.6,4.27,1.5,Clear,0.922,7.04,0,High
SC-11631,2024-06-10,Busan,Marseille,Sea,Textiles,5539.79,70.06,4.21,6.1,Hurricane,0.866,80.27,1,High
SC-11632,2025-01-13,Hamburg,Busan,Rail,Automotive,10141.22,333.22,3.56,4.9,Clear,0.867,8.41,0,Medium
SC-11633,2024-11-15,Busan,Shanghai,Sea,Automotive,12034.02,262.81,4.12,1.0,Rain,0.553,20.93,0,High
SC-11634,2024-11-28,Busan,Singapore,Rail,Perishables,13944.08,320.05,2.25,4.0,Rain,0.635,13.75,1,Medium
SC-11635,2025-08-04,Los Angeles,Busan,Sea,Textiles,3902.31,169.66,2.46,5.1,Fog,0.533,9.59,0,Medium
SC-11636,2025-09-02,Los Angeles,Singapore,Rail,Electronics,6290.08,453.53,3.23,8.3,Hurricane,0.504,48.22,1,Medium
SC-11637,2024-03-27,Rotterdam,Hamburg,Sea,Electronics,2710.03,294.1,3.26,0.8,Clear,0.579,3.44,0,Medium
SC-11638,2024-02-23,Hamburg,Marseille,Road,Pharmaceuticals,14891.01,43.62,2.79,3.5,Storm,0.94,32.13,1,Medium
SC-11639,2024-06-08,Dubai,Antwerp,Road,Automotive,13941.51,225.45,2.52,8.2,Hurricane,0.62,93.54,1,Medium
SC-11640,2024-06-10,Antwerp,Hamburg,Air,Automotive,8329.38,378.42,4.45,6.5,Storm,0.985,2.11,1,High
SC-11641,2025-09-24,Rotterdam,Shanghai,Air,Pharmaceuticals,12709.48,397.27,3.91,2.9,Fog,0.799,0.5,1,Medium
SC-11642,2024-02-20,Dubai,Singapore,Road,Pharmaceuticals,8053.89,247.8,2.64,8.5,Storm,0.619,19.96,1,Medium
SC-11643,2025-11-21,Dubai,Hamburg,Road,Pharmaceuticals,9541.99,447.48,3.6,4.9,Fog,0.749,9.94,0,Medium
SC-11644,2024-03-24,Busan,Antwerp,Air,Perishables,1792.3,134.57,2.09,5.0,Clear,0.61,0.5,0,Medium
SC-11645,2024-10-05,Busan,Marseille,Sea,Pharmaceuticals,11451.42,205.89,1.53,9.8,Storm,0.992,72.22,1,Low
SC-11646,2025-03-29,Singapore,Marseille,Rail,Pharmaceuticals,2351.85,449.4,2.36,9.5,Rain,0.924,3.12,0,Medium
SC-11647,2025-11-08,Shanghai,Antwerp,Air,Electronics,12477.98,448.23,2.53,3.6,Clear,0.513,1.61,1,Medium
SC-11648,2025-03-10,Busan,Antwerp,Rail,Perishables,11839.41,343.17,1.25,1.4,Clear,0.974,8.67,0,Low
SC-11649,2025-05-12,Shanghai,Busan,Rail,Textiles,10776.8,429.63,3.89,3.3,Clear,0.861,9.38,0,Medium
SC-11650,2025-09-13,Dubai,Singapore,Sea,Electronics,1024.33,45.3,2.39,0.3,Storm,0.541,5.37,1,Medium
SC-11651,2025-03-28,Busan,Los Angeles,Road,Perishables,4895.36,432.63,3.12,0.2,Hurricane,0.835,23.5,1,Medium
SC-11652,2025-02-28,Busan,Los Angeles,Road,Textiles,4315.13,160.99,1.44,4.0,Rain,0.823,3.42,0,Low
SC-11653,2024-10-06,Rotterdam,Antwerp,Road,Perishables,5721.98,89.99,1.78,9.4,Rain,0.609,5.35,0,Low
SC-11654,2024-08-08,Hamburg,Rotterdam,Rail,Textiles,1770.82,120.45,4.14,8.7,Clear,0.879,1.61,0,High
SC-11655,2025-06-08,Dubai,Antwerp,Road,Automotive,14085.89,209.57,3.21,5.1,Hurricane,0.544,84.27,1,Medium
SC-11656,2024-04-26,Rotterdam,Singapore,Air,Perishables,8530.13,126.34,4.34,5.7,Fog,0.745,1.87,1,High
SC-11657,2024-12-19,Shanghai,Hamburg,Sea,Automotive,4930.1,160.96,4.5,0.1,Fog,0.505,9.65,0,High
SC-11658,2025-03-16,Antwerp,Singapore,Road,Perishables,6256.23,68.35,2.43,2.2,Rain,0.984,4.98,0,Medium
SC-11659,2024-04-23,Shanghai,Dubai,Air,Perishables,6984.44,148.79,2.19,0.2,Hurricane,0.876,2.04,1,Medium
SC-11660,2024-10-17,Dubai,Singapore,Road,Electronics,9208.62,286.57,4.03,7.5,Fog,0.579,11.11,1,High
SC-11661,2025-11-25,Shanghai,Dubai,Road,Perishables,7977.35,221.49,4.5,1.5,Hurricane,0.671,40.91,1,High
SC-11662,2025-11-25,Hamburg,Marseille,Air,Perishables,13831.18,174.01,3.28,8.7,Hurricane,0.58,8.52,1,Medium
SC-11663,2025-08-30,Busan,Los Angeles,Air,Automotive,7705.97,373.48,3.82,6.4,Storm,0.883,1.89,1,Medium
SC-11664,2025-05-13,Antwerp,Singapore,Rail,Electronics,14886.29,446.86,3.78,2.3,Rain,0.529,14.03,0,Medium
SC-11665,2025-06-23,Antwerp,Dubai,Sea,Perishables,12845.66,378.64,2.37,1.6,Clear,0.92,19.54,1,Medium
SC-11666,2025-11-14,Los Angeles,Antwerp,Sea,Textiles,3523.4,166.67,3.1,6.3,Hurricane,0.971,51.46,1,Medium
SC-11667,2024-11-11,Los Angeles,Antwerp,Road,Electronics,13993.63,372.48,3.95,9.0,Hurricane,0.838,96.13,1,Medium
SC-11668,2024-02-16,Rotterdam,Singapore,Road,Pharmaceuticals,2187.31,76.84,3.47,7.2,Clear,0.606,0.84,1,Medium
SC-11669,2024-08-13,Busan,Shanghai,Road,Textiles,12353.02,66.03,1.27,3.5,Storm,0.68,25.63,1,Low
SC-11670,2025-02-08,Antwerp,Marseille,Sea,Automotive,6019.04,173.47,2.31,5.9,Rain,0.739,12.91,1,Medium
SC-11671,2025-09-05,Shanghai,Hamburg,Air,Pharmaceuticals,13230.63,404.04,1.68,3.1,Fog,0.802,1.82,0,Low
SC-11672,2024-02-26,Dubai,Busan,Sea,Electronics,13086.82,123.93,1.97,10.0,Hurricane,0.834,218.0,1,Low
SC-11673,2024-01-08,Los Angeles,Antwerp,Rail,Automotive,12185.92,32.56,4.19,7.5,Rain,0.777,13.86,1,High
SC-11674,2024-07-28,Antwerp,Hamburg,Sea,Electronics,11955.44,66.72,1.32,6.1,Fog,0.676,32.75,0,Low
SC-11675,2024-11-04,Antwerp,Rotterdam,Road,Electronics,4917.85,429.51,1.93,4.2,Fog,0.945,5.19,1,Low
SC-11676,2024-08-04,Dubai,Antwerp,Rail,Perishables,1673.33,317.26,2.22,6.2,Storm,0.541,4.97,1,Medium
SC-11677,2024-05-20,Los Angeles,Busan,Sea,Automotive,6343.21,127.35,3.24,3.4,Clear,0.733,11.3,1,Medium
SC-11678,2024-09-18,Rotterdam,Los Angeles,Air,Pharmaceuticals,3016.11,278.09,2.96,0.3,Clear,0.888,1.25,0,Medium
SC-11679,2024-10-23,Shanghai,Rotterdam,Air,Perishables,10576.79,264.26,1.92,4.0,Fog,0.53,1.04,0,Low
SC-11680,2024-12-01,Busan,Singapore,Air,Electronics,5518.45,328.06,1.74,9.3,Fog,0.853,0.8,1,Low
SC-11681,2024-05-02,Shanghai,Hamburg,Road,Electronics,14646.35,117.36,1.98,6.3,Fog,0.91,17.96,1,Low
SC-11682,2024-01-08,Busan,Hamburg,Air,Perishables,9794.1,432.34,2.86,0.8,Fog,0.83,0.72,1,Medium
SC-11683,2025-05-24,Dubai,Shanghai,Sea,Electronics,12425.97,155.37,2.09,8.8,Clear,0.506,25.23,0,Medium
SC-11684,2025-03-16,Shanghai,Los Angeles,Air,Pharmaceuticals,2421.61,347.37,4.33,2.7,Hurricane,0.59,0.58,1,High
SC-11685,2024-06-28,Busan,Hamburg,Rail,Pharmaceuticals,12999.21,9.05,2.73,2.4,Fog,0.671,15.04,1,Medium
SC-11686,2024-05-12,Rotterdam,Dubai,Rail,Automotive,13879.98,186.96,1.39,3.0,Fog,0.617,17.18,1,Low
SC-11687,2025-01-24,Hamburg,Antwerp,Air,Electronics,7562.4,176.5,3.61,5.8,Fog,0.981,0.5,1,Medium
SC-11688,2025-06-29,Antwerp,Singapore,Air,Textiles,9290.67,272.2,2.29,5.4,Rain,0.826,0.67,0,Medium
SC-11689,2025-12-21,Shanghai,Hamburg,Rail,Automotive,11589.74,37.3,3.36,4.9,Hurricane,0.648,79.42,1,Medium
SC-11690,2024-08-23,Shanghai,Dubai,Road,Pharmaceuticals,3035.16,395.28,2.12,7.2,Hurricane,0.965,20.64,1,Medium
SC-11691,2025-05-27,Antwerp,Hamburg,Sea,Automotive,7787.21,109.67,3.08,3.2,Rain,0.87,15.66,1,Medium
SC-11692,2025-07-26,Dubai,Hamburg,Road,Pharmaceuticals,6280.61,338.84,3.75,7.8,Fog,0.642,7.89,1,Medium
SC-11693,2025-11-15,Busan,Singapore,Sea,Electronics,2622.42,401.8,4.26,1.8,Rain,0.689,5.01,0,High
SC-11694,2024-12-28,Singapore,Shanghai,Road,Textiles,5829.25,281.38,2.06,7.8,Fog,0.6,7.44,1,Medium
SC-11695,2024-03-14,Shanghai,Hamburg,Sea,Textiles,1488.5,370.7,2.31,6.6,Hurricane,0.986,22.72,1,Medium
SC-11696,2025-02-10,Los Angeles,Dubai,Air,Pharmaceuticals,874.27,331.27,2.73,6.8,Hurricane,0.759,0.5,1,Medium
SC-11697,2024-02-13,Rotterdam,Hamburg,Air,Textiles,2459.91,178.41,4.26,4.8,Storm,0.948,0.84,1,High
SC-11698,2025-03-22,Singapore,Rotterdam,Sea,Pharmaceuticals,14465.17,404.62,4.17,6.7,Clear,0.673,27.33,1,High
SC-11699,2024-01-20,Rotterdam,Busan,Sea,Automotive,8468.18,148.06,1.5,0.8,Clear,0.93,12.84,0,Low
SC-11700,2025-04-15,Rotterdam,Busan,Air,Textiles,14504.42,286.04,1.64,8.5,Fog,0.527,0.5,1,Low
SC-11701,2024-03-20,Busan,Singapore,Sea,Automotive,6771.22,372.95,2.84,0.6,Rain,0.991,11.3,0,Medium
SC-11702,2024-11-16,Hamburg,Busan,Road,Textiles,5021.33,190.1,1.55,1.5,Fog,0.956,4.31,0,Low
SC-11703,2025-08-12,Antwerp,Singapore,Sea,Electronics,7839.06,152.08,2.34,5.8,Fog,0.682,21.12,0,Medium
SC-11704,2025-03-15,Busan,Marseille,Air,Pharmaceuticals,6872.92,230.21,1.69,7.4,Rain,0.887,0.5,1,Low
SC-11705,2025-08-10,Los Angeles,Singapore,Road,Electronics,2032.14,409.16,3.3,0.8,Hurricane,0.876,9.02,1,Medium
SC-11706,2025-02-18,Los Angeles,Dubai,Air,Electronics,9791.98,465.03,4.33,9.2,Rain,0.951,1.98,0,High
SC-11707,2025-12-27,Dubai,Busan,Rail,Automotive,3632.55,273.0,4.49,9.7,Rain,0.654,4.81,1,High
SC-11708,2025-10-17,Hamburg,Los Angeles,Air,Electronics,9484.03,331.07,2.44,6.1,Fog,0.733,1.03,1,Medium
SC-11709,2025-03-03,Hamburg,Antwerp,Road,Perishables,9927.92,451.73,3.18,4.8,Fog,0.932,11.18,0,Medium
SC-11710,2024-10-23,Antwerp,Singapore,Road,Textiles,2704.36,50.17,4.03,7.4,Fog,0.889,3.38,0,High
SC-11711,2024-04-27,Dubai,Shanghai,Rail,Electronics,1389.57,116.81,1.59,3.3,Fog,0.697,2.18,0,Low
SC-11712,2025-02-18,Shanghai,Hamburg,Road,Electronics,11821.04,354.74,3.48,4.9,Hurricane,0.923,69.86,1,Medium
SC-11713,2024-01-22,Singapore,Dubai,Sea,Automotive,7167.11,412.05,2.55,9.2,Hurricane,0.523,116.21,1,Medium
SC-11714,2024-11-28,Antwerp,Shanghai,Air,Pharmaceuticals,1343.38,428.66,1.88,9.6,Clear,0.891,0.5,1,Low
SC-11715,2024-06-24,Rotterdam,Busan,Air,Electronics,14925.56,208.14,2.53,9.3,Hurricane,0.603,8.58,1,Medium
SC-11716,2025-09-24,Hamburg,Rotterdam,Road,Pharmaceuticals,1337.82,45.58,1.45,2.6,Rain,0.643,1.72,0,Low
SC-11717,2025-04-16,Singapore,Hamburg,Sea,Electronics,10578.01,219.45,3.49,2.3,Fog,0.747,24.38,0,Medium
SC-11718,2025-12-07,Dubai,Hamburg,Rail,Automotive,14763.34,116.14,2.03,3.0,Fog,0.725,18.18,0,Medium
SC-11719,2025-01-05,Singapore,Hamburg,Rail,Electronics,3968.11,146.31,2.23,4.4,Clear,0.76,3.42,0,Medium
SC-11720,2024-03-31,Singapore,Busan,Rail,Perishables,2562.62,386.36,1.6,3.1,Fog,0.772,3.91,0,Low
SC-11721,2025-03-23,Dubai,Rotterdam,Sea,Perishables,2260.08,38.69,4.05,3.7,Storm,0.666,10.66,1,High
SC-11722,2024-04-18,Shanghai,Los Angeles,Air,Automotive,4897.49,413.96,2.83,6.2,Rain,0.588,0.5,0,Medium
SC-11723,2024-09-06,Hamburg,Rotterdam,Rail,Textiles,1965.16,214.41,3.09,7.6,Rain,0.884,1.81,0,Medium
SC-11724,2025-03-22,Singapore,Rotterdam,Sea,Perishables,10536.34,298.44,3.08,7.4,Hurricane,0.7,160.19,1,Medium
SC-11725,2025-08-26,Los Angeles,Singapore,Air,Automotive,1403.23,45.74,2.55,8.1,Hurricane,0.753,1.59,1,Medium
SC-11726,2025-02-14,Antwerp,Los Angeles,Road,Perishables,7886.62,169.34,1.84,0.3,Hurricane,0.822,38.96,1,Low
SC-11727,2025-06-20,Antwerp,Shanghai,Rail,Pharmaceuticals,14952.1,45.76,3.66,0.5,Hurricane,0.955,83.89,1,Medium
SC-11728,2024-03-21,Dubai,Singapore,Sea,Pharmaceuticals,12302.57,480.81,1.62,7.9,Clear,0.854,23.96,1,Low
SC-11729,2025-02-09,Antwerp,Rotterdam,Sea,Textiles,9420.68,403.82,1.54,5.3,Fog,0.523,23.25,0,Low
SC-11730,2024-11-13,Antwerp,Busan,Road,Automotive,4940.68,230.36,3.54,5.8,Storm,0.919,11.77,1,Medium
SC-11731,2024-12-13,Antwerp,Dubai,Rail,Pharmaceuticals,9546.49,112.58,1.89,0.5,Hurricane,0.995,54.99,1,Low
SC-11732,2024-08-14,Antwerp,Singapore,Rail,Automotive,8142.1,466.79,2.21,2.6,Hurricane,0.736,50.99,1,Medium
SC-11733,2024-12-07,Los Angeles,Marseille,Sea,Textiles,6678.21,172.95,2.77,6.4,Rain,0.985,14.72,0,Medium
SC-11734,2024-06-21,Rotterdam,Singapore,Air,Electronics,2395.3,81.33,2.68,8.6,Storm,0.774,0.57,1,Medium
SC-11735,2024-03-19,Busan,Hamburg,Road,Electronics,13355.76,282.02,3.54,9.2,Hurricane,0.73,92.37,1,Medium
SC-11736,2025-06-06,Rotterdam,Hamburg,Air,Electronics,7021.88,471.94,3.26,5.0,Hurricane,0.666,3.87,1,Medium
SC-11737,2025-10-10,Los Angeles,Singapore,Rail,Automotive,3322.03,2.91,3.33,5.5,Clear,0.829,2.82,1,Medium
SC-11738,2024-04-26,Antwerp,Dubai,Sea,Electronics,5832.51,119.82,3.56,8.3,Rain,0.615,14.23,0,Medium
SC-11739,2025-06-27,Dubai,Singapore,Road,Electronics,6504.88,469.29,2.17,5.4,Storm,0.552,14.68,0,Medium
SC-11740,2025-06-06,Antwerp,Los Angeles,Road,Automotive,12499.3,86.37,2.26,5.2,Storm,0.514,27.66,1,Medium
SC-11741,2024-07-17,Rotterdam,Dubai,Sea,Perishables,11137.41,57.51,2.65,9.1,Hurricane,0.646,178.98,1,Medium
SC-11742,2024-12-23,Hamburg,Shanghai,Air,Perishables,11654.92,285.52,2.21,7.9,Fog,0.698,0.5,1,Medium
SC-11743,2024-12-25,Rotterdam,Shanghai,Road,Automotive,659.95,431.06,4.45,9.1,Fog,0.776,1.51,1,High
SC-11744,2025-10-22,Rotterdam,Busan,Road,Pharmaceuticals,6534.23,239.08,3.89,2.2,Fog,0.646,6.24,0,Medium
SC-11745,2024-05-31,Singapore,Shanghai,Air,Perishables,7479.49,497.29,1.74,5.2,Rain,0.992,0.76,0,Low
SC-11746,2024-08-29,Shanghai,Marseille,Air,Textiles,778.29,339.91,1.22,8.4,Fog,0.646,0.98,1,Low
SC-11747,2024-04-15,Singapore,Los Angeles,Sea,Textiles,4267.29,37.96,1.34,1.1,Storm,0.72,18.49,0,Low
SC-11748,2024-05-29,Rotterdam,Los Angeles,Sea,Perishables,11524.2,496.42,2.01,7.9,Hurricane,0.552,178.61,1,Medium
SC-11749,2024-09-19,Busan,Dubai,Air,Electronics,2488.09,204.54,1.58,1.8,Fog,0.63,0.5,0,Low
SC-11750,2024-07-21,Antwerp,Dubai,Sea,Automotive,8262.0,144.41,2.96,8.1,Fog,0.524,24.18,1,Medium
SC-11751,2024-06-26,Rotterdam,Antwerp,Road,Perishables,3620.43,279.38,4.03,6.1,Storm,0.78,9.39,1,High
SC-11752,2025-09-08,Shanghai,Marseille,Air,Pharmaceuticals,675.75,152.85,3.63,1.9,Clear,0.876,0.82,0,Medium
SC-11753,2024-06-05,Rotterdam,Antwerp,Sea,Textiles,3997.42,44.14,1.91,4.7,Hurricane,0.598,55.24,1,Low
SC-11754,2025-11-02,Antwerp,Hamburg,Air,Automotive,14650.17,1.71,2.52,6.8,Rain,0.684,1.95,0,Medium
SC-11755,2024-03-18,Busan,Rotterdam,Rail,Automotive,12122.29,225.34,2.88,6.3,Hurricane,0.508,88.6,1,Medium
SC-11756,2024-06-30,Antwerp,Singapore,Road,Electronics,14413.86,418.59,3.87,4.3,Storm,0.92,31.39,1,Medium
SC-11757,2025-10-05,Rotterdam,Dubai,Air,Pharmaceuticals,7573.88,286.59,3.97,9.0,Hurricane,0.89,4.42,1,Medium
SC-11758,2025-05-20,Busan,Dubai,Rail,Textiles,2091.17,499.6,4.2,5.2,Clear,0.532,1.18,0,High
SC-11759,2025-04-20,Antwerp,Dubai,Road,Electronics,8445.41,144.14,2.88,5.1,Storm,0.682,19.5,1,Medium
SC-11760,2025-07-31,Busan,Antwerp,Road,Perishables,7088.47,140.95,3.49,0.6,Clear,0.978,4.62,0,Medium
SC-11761,2025-08-16,Antwerp,Dubai,Air,Perishables,12743.18,80.71,1.57,9.2,Clear,0.696,0.98,1,Low
SC-11762,2025-04-04,Dubai,Busan,Road,Automotive,1922.2,82.87,3.07,1.8,Storm,0.763,3.74,1,Medium
SC-11763,2025-11-28,Los Angeles,Hamburg,Air,Electronics,7579.5,143.31,2.02,5.3,Clear,0.678,0.5,1,Medium
SC-11764,2025-08-01,Rotterdam,Singapore,Air,Pharmaceuticals,2675.71,396.63,2.62,8.0,Fog,0.798,0.5,1,Medium
SC-11765,2025-10-20,Antwerp,Rotterdam,Sea,Pharmaceuticals,5207.8,452.97,3.29,2.2,Clear,0.989,8.18,0,Medium
SC-11766,2025-10-12,Singapore,Dubai,Air,Textiles,11191.68,487.57,2.05,5.3,Fog,0.999,0.84,0,Medium
SC-11767,2025-10-01,Busan,Singapore,Rail,Automotive,7402.26,116.91,1.37,2.4,Storm,0.887,17.17,0,Low
SC-11768,2024-11-26,Los Angeles,Hamburg,Road,Textiles,5950.38,440.77,1.23,7.6,Fog,0.702,7.28,1,Low
SC-11769,2025-10-04,Hamburg,Rotterdam,Sea,Perishables,6219.91,164.8,1.27,5.6,Hurricane,0.747,88.27,1,Low
SC-11770,2024-11-19,Antwerp,Singapore,Rail,Textiles,7161.98,57.31,1.23,8.6,Hurricane,0.678,56.33,1,Low
SC-11771,2024-06-03,Dubai,Shanghai,Air,Electronics,11882.74,435.14,1.56,8.9,Rain,0.993,0.5,0,Low
SC-11772,2025-03-26,Singapore,Los Angeles,Road,Automotive,13435.23,318.42,1.99,6.5,Hurricane,0.854,84.66,1,Low
SC-11773,2024-03-10,Singapore,Dubai,Sea,Automotive,14352.35,83.2,1.93,7.3,Clear,0.724,27.47,1,Low
SC-11774,2025-04-25,Busan,Dubai,Road,Automotive,11910.1,215.49,4.46,5.5,Rain,0.506,10.02,1,High
SC-11775,2025-03-28,Dubai,Los Angeles,Road,Pharmaceuticals,5073.4,144.34,2.21,3.8,Hurricane,0.76,28.79,1,Medium
SC-11776,2025-10-08,Shanghai,Antwerp,Road,Perishables,10477.95,368.66,1.62,6.5,Storm,0.992,24.91,1,Low
SC-11777,2024-11-06,Busan,Singapore,Sea,Electronics,6845.25,227.25,3.0,9.1,Fog,0.762,20.24,0,Medium
SC-11778,2024-10-08,Shanghai,Rotterdam,Road,Textiles,4192.72,494.65,4.03,4.2,Storm,0.591,9.76,1,High
SC-11779,2025-08-28,Rotterdam,Antwerp,Road,Perishables,12692.64,28.32,3.44,3.1,Clear,0.511,8.55,0,Medium
SC-11780,2024-02-27,Hamburg,Shanghai,Sea,Pharmaceuticals,1057.18,178.15,2.18,3.9,Hurricane,0.677,13.98,1,Medium
SC-11781,2024-12-26,Busan,Shanghai,Road,Pharmaceuticals,13575.55,241.47,3.05,4.4,Hurricane,0.959,78.64,1,Medium
SC-11782,2025-06-03,Shanghai,Los Angeles,Road,Perishables,7191.42,252.06,3.56,0.7,Fog,0.998,5.77,0,Medium
SC-11783,2024-03-16,Shanghai,Antwerp,Air,Electronics,9739.42,158.65,3.6,5.0,Clear,0.973,1.14,0,Medium
SC-11784,2024-11-13,Los Angeles,Shanghai,Road,Pharmaceuticals,10060.63,364.89,3.4,4.9,Clear,0.865,6.99,1,Medium
SC-11785,2025-04-17,Busan,Singapore,Air,Automotive,13479.21,437.5,4.07,5.9,Storm,0.779,2.61,1,High
SC-11786,2025-04-07,Shanghai,Busan,Sea,Automotive,9731.71,469.42,4.07,3.6,Hurricane,0.795,128.04,1,High
SC-11787,2024-02-08,Hamburg,Busan,Rail,Perishables,9402.04,402.74,3.11,6.1,Fog,0.769,13.53,0,Medium
SC-11788,2024-02-28,Singapore,Dubai,Sea,Automotive,1466.45,425.44,2.62,8.8,Clear,0.854,2.39,0,Medium
SC-11789,2025-01-12,Dubai,Hamburg,Road,Automotive,8016.92,275.72,3.32,9.6,Clear,0.709,6.83,1,Medium
SC-11790,2024-10-20,Singapore,Los Angeles,Air,Perishables,2677.45,413.12,3.9,5.8,Storm,0.835,1.23,1,Medium
SC-11791,2024-03-19,Busan,Hamburg,Sea,Perishables,11192.79,152.45,1.22,0.4,Clear,0.561,16.11,0,Low
SC-11792,2025-10-22,Busan,Los Angeles,Air,Perishables,7927.22,199.84,4.47,9.7,Clear,0.633,0.95,1,High
SC-11793,2024-04-02,Busan,Dubai,Air,Pharmaceuticals,10363.3,159.14,1.8,7.1,Hurricane,0.918,5.32,1,Low
SC-11794,2025-09-21,Dubai,Los Angeles,Air,Electronics,1104.26,234.23,2.75,3.4,Rain,0.952,0.5,1,Medium
SC-11795,2025-08-31,Antwerp,Dubai,Rail,Automotive,1729.48,143.5,4.08,1.5,Storm,0.77,3.78,0,High
SC-11796,2025-06-03,Dubai,Los Angeles,Rail,Electronics,10886.69,480.84,1.94,1.4,Storm,0.516,23.88,1,Low
SC-11797,2025-01-28,Hamburg,Busan,Air,Perishables,1545.22,157.11,2.77,1.7,Hurricane,0.963,0.5,1,Medium
SC-11798,2025-04-18,Hamburg,Dubai,Sea,Electronics,1533.22,49.92,1.64,0.5,Rain,0.851,2.36,0,Low
SC-11799,2025-08-17,Rotterdam,Shanghai,Road,Electronics,675.57,263.88,2.5,9.0,Hurricane,0.707,5.35,1,Medium
SC-11800,2025-07-21,Singapore,Los Angeles,Rail,Perishables,14369.27,29.49,1.78,5.4,Fog,0.799,19.04,0,Low
SC-11801,2024-02-12,Hamburg,Busan,Sea,Pharmaceuticals,11193.87,56.16,2.4,7.0,Hurricane,0.715,168.59,1,Medium
SC-11802,2025-04-05,Hamburg,Antwerp,Rail,Electronics,5622.15,110.48,2.43,8.3,Fog,0.733,8.37,1,Medium
SC-11803,2025-08-08,Singapore,Dubai,Road,Textiles,4799.77,232.71,4.48,7.9,Storm,0.943,11.58,1,High
SC-11804,2025-10-29,Busan,Shanghai,Sea,Perishables,5570.7,217.19,4.48,8.8,Fog,0.581,17.37,0,High
SC-11805,2024-07-11,Rotterdam,Dubai,Rail,Electronics,11732.48,400.05,1.58,9.7,Clear,0.552,12.19,1,Low
SC-11806,2024-11-25,Singapore,Shanghai,Road,Automotive,10089.87,370.0,3.6,4.4,Rain,0.501,9.27,0,Medium
SC-11807,2025-09-11,Hamburg,Dubai,Air,Perishables,3185.34,213.73,1.37,9.5,Clear,0.657,0.5,0,Low
SC-11808,2025-05-02,Singapore,Busan,Sea,Automotive,3024.59,167.52,1.3,7.2,Rain,0.574,7.38,0,Low
SC-11809,2025-05-28,Hamburg,Los Angeles,Air,Perishables,1926.74,158.92,1.55,0.7,Hurricane,0.61,1.37,1,Low
SC-11810,2024-06-03,Busan,Marseille,Sea,Textiles,10074.39,387.22,4.39,6.8,Rain,0.506,22.66,1,High
SC-11811,2024-03-04,Shanghai,Antwerp,Air,Pharmaceuticals,11583.4,26.98,4.3,6.9,Clear,0.614,0.5,1,High
SC-11812,2025-04-06,Rotterdam,Los Angeles,Rail,Perishables,4343.17,7.4,1.84,9.1,Clear,0.666,4.36,0,Low
SC-11813,2024-04-15,Shanghai,Rotterdam,Road,Electronics,803.7,397.98,1.73,3.7,Clear,0.516,0.87,0,Low
SC-11814,2024-12-17,Hamburg,Los Angeles,Road,Pharmaceuticals,1691.49,239.1,1.99,5.8,Rain,0.804,1.68,0,Low
SC-11815,2024-03-27,Hamburg,Antwerp,Sea,Electronics,14533.97,66.31,2.9,0.1,Storm,0.784,61.23,1,Medium
SC-11816,2025-05-31,Rotterdam,Marseille,Rail,Perishables,4783.95,118.55,3.08,3.3,Clear,0.549,4.38,0,Medium
SC-11817,2025-10-23,Hamburg,Marseille,Air,Automotive,11653.74,466.32,1.93,0.6,Clear,0.798,0.5,0,Low
SC-11818,2024-06-25,Hamburg,Marseille,Road,Automotive,9557.62,429.89,3.7,5.2,Hurricane,0.999,56.81,1,Medium
SC-11819,2024-02-10,Hamburg,Dubai,Rail,Pharmaceuticals,6038.12,355.18,2.22,8.2,Fog,0.972,8.84,1,Medium
SC-11820,2024-09-10,Singapore,Dubai,Sea,Textiles,3482.47,241.63,4.24,2.1,Clear,0.501,5.17,1,High
SC-11821,2025-12-25,Shanghai,Marseille,Air,Electronics,2260.1,260.64,3.37,5.3,Fog,0.898,0.62,0,Medium
SC-11822,2025-03-24,Rotterdam,Shanghai,Air,Pharmaceuticals,9417.69,487.65,2.64,2.0,Storm,0.677,1.08,0,Medium
SC-11823,2025-03-25,Rotterdam,Antwerp,Sea,Perishables,11732.19,482.92,3.81,1.2,Rain,0.532,21.24,0,Medium
SC-11824,2025-06-20,Busan,Antwerp,Rail,Automotive,9836.61,108.42,3.9,5.1,Hurricane,0.648,69.29,1,Medium
SC-11825,2025-06-19,Dubai,Rotterdam,Sea,Electronics,8189.38,405.74,2.16,0.8,Clear,0.661,11.82,1,Medium
SC-11826,2025-09-16,Rotterdam,Busan,Air,Automotive,1108.29,99.42,2.32,5.9,Fog,0.762,0.5,0,Medium
SC-11827,2024-06-11,Hamburg,Los Angeles,Road,Textiles,14543.09,107.56,4.29,0.3,Hurricane,0.831,69.95,1,High
SC-11828,2025-01-07,Los Angeles,Rotterdam,Rail,Automotive,12081.36,338.37,1.74,1.1,Storm,0.875,26.24,0,Low
SC-11829,2025-01-16,Busan,Marseille,Rail,Perishables,4745.92,203.1,1.34,5.5,Rain,0.623,4.84,0,Low
SC-11830,2024-10-16,Rotterdam,Singapore,Air,Pharmaceuticals,14709.57,465.84,2.7,5.9,Rain,0.661,1.91,0,Medium
SC-11831,2025-01-31,Singapore,Rotterdam,Rail,Perishables,9227.28,45.42,3.84,0.3,Rain,0.654,7.76,0,Medium
SC-11832,2025-02-22,Dubai,Shanghai,Rail,Electronics,8945.13,256.25,3.75,5.7,Rain,0.681,8.93,1,Medium
SC-11833,2024-12-12,Shanghai,Antwerp,Sea,Pharmaceuticals,11347.06,459.34,4.23,8.4,Rain,1.0,26.97,1,High
SC-11834,2025-11-26,Rotterdam,Hamburg,Sea,Textiles,12270.66,452.15,2.96,7.2,Fog,0.889,35.21,1,Medium
SC-11835,2025-09-04,Rotterdam,Busan,Rail,Pharmaceuticals,10018.94,79.11,1.53,1.3,Hurricane,0.987,59.3,1,Low
SC-11836,2024-02-23,Busan,Shanghai,Rail,Automotive,2357.39,183.95,3.14,5.9,Rain,0.847,3.28,0,Medium
SC-11837,2025-10-08,Antwerp,Rotterdam,Road,Automotive,5404.88,309.94,3.77,6.7,Clear,0.703,4.69,1,Medium
SC-11838,2025-10-24,Antwerp,Singapore,Road,Perishables,13957.21,80.54,1.51,0.4,Hurricane,0.695,67.18,1,Low
SC-11839,2024-12-08,Los Angeles,Antwerp,Sea,Textiles,3756.93,484.04,1.77,8.6,Clear,0.744,7.17,1,Low
SC-11840,2024-03-08,Busan,Singapore,Road,Perishables,5896.42,457.46,1.24,9.1,Fog,0.708,7.76,1,Low
SC-11841,2024-12-03,Rotterdam,Marseille,Sea,Pharmaceuticals,6765.11,84.31,3.16,8.5,Rain,0.914,15.24,0,Medium
SC-11842,2024-04-06,Los Angeles,Shanghai,Rail,Perishables,6871.37,61.46,4.13,8.2,Clear,0.733,6.91,0,High
SC-11843,2025-07-25,Dubai,Rotterdam,Air,Pharmaceuticals,9387.62,43.62,3.41,7.4,Clear,0.648,0.5,1,Medium
SC-11844,2025-11-25,Singapore,Antwerp,Air,Textiles,14174.6,454.81,4.44,6.3,Fog,0.887,1.97,0,High
SC-11845,2025-01-30,Hamburg,Antwerp,Road,Textiles,3990.04,97.62,1.41,6.8,Rain,0.927,4.27,0,Low
SC-11846,2024-10-17,Shanghai,Dubai,Road,Automotive,2261.77,208.73,4.18,8.1,Clear,0.71,2.14,0,High
SC-11847,2024-09-15,Singapore,Rotterdam,Road,Electronics,3363.32,224.98,3.89,6.6,Rain,0.834,2.86,1,Medium
SC-11848,2025-11-03,Rotterdam,Antwerp,Road,Perishables,13360.41,299.91,2.24,3.3,Storm,0.529,27.85,0,Medium
SC-11849,2025-09-09,Busan,Los Angeles,Air,Perishables,9864.26,36.8,4.41,3.8,Rain,0.765,0.5,1,High
SC-11850,2024-06-02,Antwerp,Hamburg,Air,Perishables,4645.65,114.15,2.15,9.0,Fog,0.522,0.5,1,Medium
SC-11851,2024-12-07,Busan,Shanghai,Sea,Automotive,12331.23,465.81,4.13,0.2,Fog,0.515,25.74,1,High
SC-11852,2024-03-24,Hamburg,Dubai,Road,Pharmaceuticals,12989.86,454.3,4.11,7.0,Rain,0.806,12.87,0,High
SC-11853,2025-08-19,Busan,Dubai,Rail,Electronics,12774.46,390.86,3.7,9.5,Storm,0.652,39.34,1,Medium
SC-11854,2025-11-10,Los Angeles,Shanghai,Road,Perishables,13824.43,10.68,3.06,7.1,Hurricane,0.871,89.8,1,Medium
SC-11855,2024-05-24,Antwerp,Singapore,Sea,Perishables,4157.49,164.18,1.6,9.9,Fog,0.948,13.35,1,Low
SC-11856,2024-12-24,Antwerp,Shanghai,Sea,Pharmaceuticals,11448.11,314.35,2.96,6.9,Storm,0.57,64.43,1,Medium
SC-11857,2024-11-13,Busan,Dubai,Road,Pharmaceuticals,7177.82,138.32,2.38,0.3,Rain,0.862,4.41,0,Medium
SC-11858,2025-11-02,Hamburg,Busan,Road,Perishables,12708.98,454.88,3.81,8.3,Fog,0.757,15.9,1,Medium
SC-11859,2025-12-16,Rotterdam,Antwerp,Road,Electronics,11063.11,317.31,3.7,2.8,Storm,0.556,22.03,1,Medium
SC-11860,2025-11-09,Antwerp,Busan,Road,Pharmaceuticals,11758.49,36.88,4.21,4.5,Clear,0.826,8.47,0,High
SC-11861,2025-02-05,Singapore,Antwerp,Air,Automotive,10014.35,454.59,1.25,3.1,Storm,0.805,1.46,1,Low
SC-11862,2024-05-12,Hamburg,Marseille,Road,Pharmaceuticals,3072.72,478.93,3.87,2.7,Fog,0.758,2.92,0,Medium
SC-11863,2025-09-01,Busan,Marseille,Road,Textiles,8402.89,39.78,4.3,4.3,Clear,0.963,6.61,0,High
SC-11864,2025-12-26,Antwerp,Rotterdam,Air,Perishables,14777.71,266.65,3.8,3.8,Storm,0.761,2.98,0,Medium
SC-11865,2024-03-27,Dubai,Rotterdam,Air,Perishables,14092.13,152.38,1.63,6.3,Storm,0.995,3.4,1,Low
SC-11866,2024-11-13,Singapore,Shanghai,Rail,Perishables,1126.02,197.03,1.47,8.1,Fog,0.755,0.85,1,Low
SC-11867,2025-07-26,Shanghai,Rotterdam,Air,Pharmaceuticals,2889.81,90.65,1.27,3.0,Hurricane,0.558,1.41,1,Low
SC-11868,2025-01-20,Dubai,Singapore,Road,Automotive,2410.07,289.46,3.27,2.1,Storm,0.735,5.25,1,Medium
SC-11869,2025-10-20,Antwerp,Dubai,Sea,Textiles,11026.71,479.03,3.28,6.7,Fog,0.591,31.39,1,Medium
SC-11870,2024-12-02,Hamburg,Busan,Rail,Pharmaceuticals,12357.89,252.03,4.46,6.7,Fog,0.799,16.41,1,High
SC-11871,2024-05-10,Dubai,Antwerp,Sea,Pharmaceuticals,3595.91,42.37,2.51,9.0,Storm,0.847,21.56,1,Medium
SC-11872,2025-11-17,Hamburg,Dubai,Road,Textiles,7834.86,310.38,2.3,0.2,Clear,0.734,5.22,0,Medium
SC-11873,2025-12-20,Hamburg,Busan,Air,Perishables,12690.19,170.77,3.26,8.5,Fog,0.549,1.32,1,Medium
SC-11874,2025-12-02,Shanghai,Rotterdam,Air,Textiles,11125.62,428.11,3.92,5.2,Hurricane,0.734,5.39,1,Medium
SC-11875,2025-06-23,Hamburg,Marseille,Rail,Perishables,8362.44,217.9,4.29,6.2,Fog,0.541,10.64,0,High
SC-11876,2024-04-05,Antwerp,Shanghai,Sea,Textiles,9060.04,97.23,3.85,0.9,Rain,0.841,15.32,0,Medium
SC-11877,2025-10-23,Busan,Los Angeles,Rail,Electronics,7871.23,96.36,2.61,4.3,Storm,0.895,19.1,1,Medium
SC-11878,2025-11-17,Los Angeles,Hamburg,Sea,Perishables,4814.45,384.61,3.3,2.3,Storm,0.981,22.37,0,Medium
SC-11879,2025-03-09,Los Angeles,Busan,Rail,Electronics,8692.82,133.53,4.03,2.5,Storm,0.574,20.86,1,High
SC-11880,2025-06-04,Dubai,Marseille,Road,Automotive,10488.84,383.85,2.82,5.0,Storm,0.766,22.82,0,Medium
SC-11881,2025-01-05,Rotterdam,Singapore,Road,Textiles,13163.18,103.74,1.92,8.1,Rain,0.784,13.35,0,Low
SC-11882,2024-01-19,Dubai,Antwerp,Rail,Textiles,9726.22,161.52,1.76,7.4,Storm,0.961,28.22,1,Low
SC-11883,2025-01-06,Singapore,Hamburg,Road,Perishables,11536.26,233.28,1.2,5.9,Storm,0.814,26.69,1,Low
SC-11884,2024-11-12,Singapore,Dubai,Sea,Textiles,2821.04,471.65,3.57,5.4,Clear,0.573,4.17,1,Medium
SC-11885,2024-07-03,Shanghai,Antwerp,Sea,Pharmaceuticals,7192.58,465.93,1.57,4.3,Storm,0.718,36.57,1,Low
SC-11886,2024-08-07,Singapore,Dubai,Sea,Pharmaceuticals,635.31,104.23,2.0,9.7,Fog,0.827,1.94,1,Low
SC-11887,2024-12-15,Antwerp,Rotterdam,Air,Electronics,4076.84,179.75,2.18,5.6,Fog,0.85,0.5,1,Medium
SC-11888,2025-05-12,Shanghai,Rotterdam,Rail,Automotive,11033.69,75.55,3.05,2.5,Hurricane,0.932,68.81,1,Medium
SC-11889,2024-07-15,Shanghai,Singapore,Air,Automotive,14881.24,255.48,2.51,2.3,Hurricane,0.59,6.96,1,Medium
SC-11890,2024-08-19,Busan,Los Angeles,Rail,Pharmaceuticals,1938.08,230.83,3.43,6.1,Fog,0.976,2.89,0,Medium
SC-11891,2024-05-20,Dubai,Antwerp,Rail,Automotive,6321.67,450.48,1.38,5.2,Storm,0.53,17.81,1,Low
SC-11892,2024-06-07,Los Angeles,Hamburg,Rail,Electronics,12101.03,465.07,1.61,0.1,Hurricane,0.992,67.54,1,Low
SC-11893,2024-03-20,Hamburg,Dubai,Rail,Automotive,3458.52,192.4,2.85,8.3,Rain,0.929,4.83,1,Medium
SC-11894,2024-10-29,Hamburg,Shanghai,Air,Electronics,8548.73,246.38,2.31,7.0,Storm,0.83,1.98,1,Medium
SC-11895,2024-04-13,Los Angeles,Dubai,Road,Textiles,11129.53,448.22,2.18,6.6,Hurricane,0.867,70.49,1,Medium
SC-11896,2025-06-03,Singapore,Hamburg,Road,Textiles,9431.79,403.55,1.42,0.7,Rain,0.536,7.04,0,Low
SC-11897,2025-07-06,Singapore,Rotterdam,Road,Pharmaceuticals,3226.36,2.82,4.16,3.6,Storm,0.521,6.19,1,High
SC-11898,2025-06-23,Shanghai,Marseille,Air,Perishables,5653.08,160.71,3.48,9.4,Hurricane,0.551,3.61,1,Medium
SC-11899,2024-02-08,Singapore,Hamburg,Air,Pharmaceuticals,11864.98,211.47,1.6,8.6,Rain,0.544,0.5,0,Low
SC-11900,2025-11-08,Los Angeles,Hamburg,Rail,Textiles,8536.28,115.63,1.41,2.9,Storm,0.774,19.89,1,Low
SC-11901,2024-12-10,Shanghai,Busan,Rail,Perishables,575.83,100.59,4.42,1.6,Hurricane,0.608,3.51,1,High
SC-11902,2025-09-24,Shanghai,Busan,Air,Electronics,11534.37,19.85,3.45,4.5,Fog,0.93,1.7,0,Medium
SC-11903,2024-05-14,Shanghai,Los Angeles,Air,Automotive,1012.01,322.04,2.58,3.6,Rain,0.723,0.79,0,Medium
SC-11904,2025-09-03,Rotterdam,Marseille,Air,Textiles,11313.14,131.99,3.52,6.8,Fog,0.848,1.07,1,Medium
SC-11905,2025-01-20,Antwerp,Hamburg,Rail,Perishables,3435.97,27.12,3.7,9.7,Fog,0.826,5.39,0,Medium
SC-11906,2024-06-06,Rotterdam,Hamburg,Road,Perishables,14392.07,116.26,3.77,3.6,Rain,0.66,12.64,1,Medium
SC-11907,2024-06-15,Shanghai,Marseille,Air,Automotive,5835.14,401.16,2.78,0.6,Fog,0.622,0.5,0,Medium
SC-11908,2024-07-04,Rotterdam,Los Angeles,Air,Electronics,5240.51,425.89,2.62,9.0,Fog,0.671,0.8,1,Medium
SC-11909,2025-12-10,Hamburg,Marseille,Sea,Automotive,2658.88,242.05,1.24,0.4,Storm,0.898,10.87,0,Low
SC-11910,2025-10-01,Hamburg,Rotterdam,Rail,Pharmaceuticals,4931.26,208.62,4.26,9.5,Hurricane,0.793,40.36,1,High
SC-11911,2024-06-18,Busan,Shanghai,Road,Automotive,13211.44,488.95,3.19,6.6,Storm,0.627,31.2,1,Medium
SC-11912,2025-03-24,Shanghai,Los Angeles,Air,Perishables,14946.85,101.08,1.87,9.4,Rain,0.909,1.59,0,Low
SC-11913,2024-02-14,Busan,Rotterdam,Rail,Perishables,5840.49,108.46,4.23,2.0,Rain,0.527,5.63,0,High
SC-11914,2025-02-24,Hamburg,Singapore,Sea,Electronics,7004.85,146.64,4.22,0.4,Clear,0.85,10.37,0,High
SC-11915,2025-01-08,Antwerp,Singapore,Rail,Perishables,10970.03,87.21,4.46,4.9,Fog,0.72,14.39,1,High
SC-11916,2025-11-23,Dubai,Los Angeles,Air,Textiles,13349.84,190.3,4.08,4.5,Fog,0.866,1.36,0,High
SC-11917,2024-08-31,Hamburg,Singapore,Rail,Textiles,9099.14,455.51,4.49,3.3,Storm,0.964,23.03,1,High
SC-11918,2025-03-30,Rotterdam,Busan,Road,Perishables,6177.12,308.06,2.01,9.6,Hurricane,0.875,42.74,1,Medium
SC-11919,2025-09-17,Shanghai,Singapore,Air,Perishables,6483.02,206.56,3.98,8.2,Fog,0.721,1.56,1,Medium
SC-11920,2024-10-18,Hamburg,Dubai,Rail,Automotive,10586.46,467.27,3.92,6.6,Clear,0.575,9.64,0,Medium
SC-11921,2025-04-04,Singapore,Los Angeles,Road,Automotive,546.66,25.18,1.96,1.6,Hurricane,0.903,3.1,1,Low
SC-11922,2024-08-27,Antwerp,Hamburg,Air,Automotive,9484.05,105.93,1.52,7.3,Hurricane,0.73,5.24,1,Low
SC-11923,2025-06-30,Antwerp,Marseille,Air,Pharmaceuticals,5654.65,283.38,4.43,7.3,Storm,0.538,0.85,1,High
SC-11924,2024-09-01,Dubai,Busan,Road,Perishables,12015.86,308.16,2.18,4.3,Rain,0.86,10.65,0,Medium
SC-11925,2024-11-12,Singapore,Rotterdam,Air,Electronics,1848.36,20.74,4.07,9.2,Rain,0.646,0.69,1,High
SC-11926,2025-04-25,Hamburg,Busan,Air,Textiles,9028.93,202.12,1.21,1.7,Fog,0.524,1.0,0,Low
SC-11927,2024-07-17,Hamburg,Marseille,Rail,Electronics,7474.11,324.93,1.27,2.7,Hurricane,0.951,46.8,1,Low
SC-11928,2025-01-11,Rotterdam,Shanghai,Rail,Pharmaceuticals,9813.72,349.34,2.74,0.6,Hurricane,0.742,58.05,1,Medium
SC-11929,2025-11-25,Busan,Shanghai,Sea,Textiles,1440.38,319.43,1.99,8.0,Rain,0.64,3.95,1,Low
SC-11930,2025-08-07,Shanghai,Busan,Air,Automotive,8909.76,160.96,3.48,6.2,Storm,0.858,2.29,1,Medium
SC-11931,2025-03-27,Busan,Antwerp,Sea,Pharmaceuticals,8641.53,47.67,3.07,3.1,Storm,0.943,41.5,0,Medium
SC-11932,2025-04-17,Los Angeles,Busan,Road,Pharmaceuticals,8629.57,214.13,1.46,1.6,Rain,0.5,6.36,0,Low
SC-11933,2024-10-15,Antwerp,Hamburg,Rail,Perishables,9250.57,65.25,1.74,0.4,Fog,0.844,9.69,1,Low
SC-11934,2025-01-26,Rotterdam,Shanghai,Rail,Pharmaceuticals,10308.79,473.86,2.48,1.7,Hurricane,0.884,62.59,1,Medium
SC-11935,2025-05-29,Busan,Rotterdam,Sea,Perishables,12172.34,238.11,1.81,4.5,Storm,0.605,61.72,0,Low
SC-11936,2025-06-24,Shanghai,Hamburg,Road,Pharmaceuticals,4412.4,159.31,3.81,2.5,Hurricane,0.745,23.07,1,Medium
SC-11937,2025-03-04,Rotterdam,Shanghai,Rail,Perishables,12463.22,383.39,2.57,2.6,Clear,0.545,10.05,1,Medium
SC-11938,2024-06-14,Antwerp,Dubai,Road,Pharmaceuticals,7724.71,249.48,1.51,8.8,Storm,0.873,19.99,1,Low
SC-11939,2024-07-23,Los Angeles,Shanghai,Rail,Pharmaceuticals,1617.35,155.71,2.8,5.2,Clear,0.924,1.03,1,Medium
SC-11940,2025-09-11,Shanghai,Los Angeles,Sea,Electronics,1348.99,406.17,1.5,7.3,Storm,0.554,7.12,1,Low
SC-11941,2024-05-21,Busan,Shanghai,Rail,Pharmaceuticals,5346.46,433.71,1.63,0.4,Storm,0.908,12.06,1,Low
SC-11942,2024-09-13,Hamburg,Dubai,Road,Pharmaceuticals,11881.01,336.83,1.99,3.7,Clear,0.886,8.54,0,Low
SC-11943,2024-02-23,Shanghai,Rotterdam,Rail,Pharmaceuticals,10761.37,24.44,4.04,4.8,Storm,0.673,27.11,1,High
SC-11944,2025-10-18,Singapore,Dubai,Rail,Perishables,11934.92,283.6,4.25,1.9,Clear,0.845,8.41,0,High
SC-11945,2025-05-07,Shanghai,Hamburg,Air,Electronics,8000.4,381.88,3.93,1.2,Hurricane,0.5,3.35,1,Medium
SC-11946,2025-01-15,Shanghai,Busan,Sea,Electronics,6882.89,69.12,2.3,8.7,Rain,0.966,16.83,0,Medium
SC-11947,2025-07-21,Hamburg,Shanghai,Air,Electronics,2638.06,115.11,2.1,9.4,Hurricane,0.775,1.91,1,Medium
SC-11948,2024-04-15,Busan,Dubai,Rail,Perishables,5258.79,441.37,3.01,0.8,Storm,0.81,11.95,0,Medium
SC-11949,2025-12-29,Singapore,Marseille,Sea,Automotive,6793.28,11.04,3.58,3.5,Fog,0.832,15.88,1,Medium
SC-11950,2025-06-12,Busan,Antwerp,Sea,Perishables,1784.71,376.61,4.48,9.6,Fog,0.781,5.61,0,High
SC-11951,2024-05-07,Rotterdam,Shanghai,Sea,Perishables,3698.87,237.41,1.63,0.8,Rain,0.928,7.13,0,Low
SC-11952,2024-10-18,Singapore,Dubai,Road,Textiles,9174.27,223.94,1.36,6.4,Clear,0.805,7.88,0,Low
SC-11953,2024-03-26,Singapore,Los Angeles,Road,Electronics,11167.12,4.54,3.49,9.7,Clear,0.954,10.06,0,Medium
SC-11954,2024-06-13,Antwerp,Singapore,Air,Perishables,14976.04,409.88,3.95,9.8,Fog,0.791,2.92,1,Medium
SC-11955,2024-10-06,Hamburg,Singapore,Sea,Electronics,14030.14,180.55,3.99,4.7,Rain,0.586,29.2,1,Medium
SC-11956,2025-04-05,Rotterdam,Los Angeles,Air,Perishables,9817.2,270.84,3.44,1.6,Storm,0.957,2.18,0,Medium
SC-11957,2025-06-09,Dubai,Rotterdam,Rail,Pharmaceuticals,6608.1,338.97,4.35,2.0,Rain,0.841,6.09,0,High
SC-11958,2024-05-30,Antwerp,Marseille,Air,Electronics,9724.57,351.61,2.89,8.9,Hurricane,0.85,5.46,1,Medium
SC-11959,2025-03-23,Singapore,Los Angeles,Rail,Automotive,11891.95,478.03,4.22,9.1,Rain,0.993,13.99,0,High
SC-11960,2024-04-03,Busan,Los Angeles,Sea,Pharmaceuticals,2215.87,266.14,4.39,6.1,Hurricane,0.538,32.19,1,High
SC-11961,2024-08-15,Busan,Hamburg,Sea,Textiles,6443.62,200.46,4.0,7.7,Clear,0.714,12.27,1,Medium
SC-11962,2025-04-06,Antwerp,Busan,Rail,Textiles,12677.13,476.9,2.22,7.4,Fog,0.62,17.21,1,Medium
SC-11963,2024-12-23,Antwerp,Rotterdam,Air,Automotive,6065.58,321.41,1.85,6.6,Fog,0.815,0.5,1,Low
SC-11964,2024-01-28,Shanghai,Busan,Road,Electronics,8792.15,149.78,3.01,8.3,Rain,0.903,8.72,1,Medium
SC-11965,2025-02-28,Los Angeles,Rotterdam,Rail,Automotive,9022.66,64.11,2.69,6.9,Fog,0.983,12.98,0,Medium
SC-11966,2024-02-24,Singapore,Busan,Sea,Automotive,3174.91,421.43,4.1,5.3,Rain,0.727,6.7,0,High
SC-11967,2025-02-09,Antwerp,Hamburg,Rail,Textiles,5752.41,181.73,1.53,2.4,Hurricane,0.893,35.71,1,Low
SC-11968,2025-05-29,Busan,Rotterdam,Rail,Perishables,5350.41,330.57,2.05,7.4,Storm,0.959,14.8,1,Medium
SC-11969,2025-01-17,Shanghai,Los Angeles,Road,Textiles,879.85,235.94,3.68,4.7,Storm,0.842,1.95,1,Medium
SC-11970,2024-08-29,Dubai,Shanghai,Sea,Textiles,850.78,100.27,1.51,2.9,Storm,0.621,4.73,1,Low
SC-11971,2025-01-30,Dubai,Los Angeles,Rail,Pharmaceuticals,12559.61,301.24,2.26,8.0,Clear,0.804,12.3,0,Medium
SC-11972,2024-03-24,Hamburg,Singapore,Rail,Electronics,4459.53,31.28,2.48,7.0,Rain,0.985,4.26,0,Medium
SC-11973,2025-01-18,Antwerp,Marseille,Air,Automotive,8012.14,207.26,3.25,9.4,Hurricane,0.994,4.28,1,Medium
SC-11974,2024-08-17,Singapore,Shanghai,Sea,Pharmaceuticals,4831.52,273.76,1.72,1.7,Clear,0.821,7.56,0,Low
SC-11975,2024-01-29,Shanghai,Busan,Air,Electronics,14139.85,218.59,4.04,6.5,Clear,0.943,0.86,0,High
SC-11976,2024-11-22,Dubai,Los Angeles,Air,Perishables,4259.8,374.59,2.68,2.4,Fog,0.6,0.5,1,Medium
SC-11977,2024-04-11,Dubai,Rotterdam,Rail,Textiles,6730.02,414.13,4.23,9.0,Rain,0.623,7.84,1,High
SC-11978,2025-10-27,Shanghai,Singapore,Air,Electronics,13154.59,385.85,2.74,1.0,Storm,0.976,2.41,1,Medium
SC-11979,2024-12-09,Busan,Antwerp,Road,Pharmaceuticals,12708.04,20.37,2.11,6.6,Hurricane,0.568,80.22,1,Medium
SC-11980,2024-05-29,Hamburg,Marseille,Road,Textiles,3198.47,97.87,1.67,7.9,Storm,0.596,7.88,1,Low
SC-11981,2024-05-20,Los Angeles,Antwerp,Sea,Pharmaceuticals,12138.33,268.77,1.21,3.5,Clear,0.71,19.42,0,Low
SC-11982,2024-02-09,Rotterdam,Los Angeles,Air,Pharmaceuticals,7143.71,467.48,2.96,9.5,Storm,0.795,2.11,1,Medium
SC-11983,2024-10-20,Singapore,Dubai,Road,Electronics,7503.05,417.64,1.55,8.5,Clear,0.802,6.26,1,Low
SC-11984,2025-04-28,Antwerp,Busan,Road,Pharmaceuticals,2435.46,421.42,2.49,2.9,Rain,0.646,2.3,0,Medium
SC-11985,2025-12-13,Los Angeles,Rotterdam,Rail,Perishables,1668.72,152.3,3.14,0.1,Clear,0.96,0.57,0,Medium
SC-11986,2024-05-22,Hamburg,Marseille,Sea,Textiles,11055.12,215.29,2.11,3.0,Storm,0.958,53.76,1,Medium
SC-11987,2025-12-23,Antwerp,Los Angeles,Sea,Textiles,7698.69,235.88,1.78,2.8,Storm,0.696,37.23,1,Low
SC-11988,2025-04-25,Shanghai,Hamburg,Rail,Electronics,6834.34,79.53,3.76,8.9,Clear,0.717,5.9,1,Medium
SC-11989,2025-04-04,Dubai,Busan,Air,Electronics,11077.87,16.5,4.32,9.7,Rain,0.851,0.63,1,High
SC-11990,2025-09-22,Busan,Marseille,Sea,Automotive,11599.94,473.5,1.53,0.7,Hurricane,0.831,133.67,1,Low
SC-11991,2024-01-06,Shanghai,Antwerp,Rail,Pharmaceuticals,2804.17,121.12,1.71,4.7,Clear,0.691,1.75,1,Low
SC-11992,2024-03-22,Busan,Dubai,Sea,Perishables,9348.26,120.73,4.37,5.5,Storm,0.707,49.56,1,High
SC-11993,2024-01-20,Los Angeles,Busan,Sea,Automotive,2462.63,42.61,1.32,0.9,Rain,0.674,4.51,0,Low
SC-11994,2024-09-19,Rotterdam,Hamburg,Rail,Perishables,11394.94,464.33,4.43,3.8,Storm,0.618,28.13,1,High
SC-11995,2024-08-08,Singapore,Shanghai,Air,Electronics,10025.85,290.29,1.22,3.2,Rain,0.729,1.0,0,Low
SC-11996,2024-06-02,Los Angeles,Marseille,Road,Electronics,14370.91,333.85,4.08,5.4,Clear,0.843,10.5,0,High
SC-11997,2025-07-15,Singapore,Shanghai,Road,Perishables,1499.89,455.88,2.21,6.6,Rain,0.871,0.5,1,Medium
SC-11998,2025-09-15,Los Angeles,Hamburg,Sea,Textiles,1327.29,173.46,4.3,7.0,Fog,0.889,4.23,0,High
SC-11999,2025-06-24,Busan,Antwerp,Road,Electronics,4591.71,311.13,2.25,1.4,Hurricane,0.687,23.85,1,Medium
SC-12000,2025-03-09,Antwerp,Busan,Sea,Electronics,4294.73,20.36,3.36,8.1,Storm,0.882,26.42,1,Medium
SC-12001,2024-04-23,Shanghai,Dubai,Air,Perishables,4081.19,94.2,1.46,6.8,Rain,0.503,0.5,0,Low
SC-12002,2024-10-22,Hamburg,Los Angeles,Road,Perishables,13640.69,415.79,2.0,8.9,Rain,0.739,14.45,1,Low
SC-12003,2024-08-31,Busan,Antwerp,Sea,Electronics,4118.42,383.62,3.75,4.5,Fog,0.897,9.52,1,Medium
SC-12004,2024-11-04,Busan,Shanghai,Rail,Pharmaceuticals,4443.27,175.97,2.94,8.9,Hurricane,0.815,36.6,1,Medium
SC-12005,2024-05-04,Singapore,Rotterdam,Rail,Electronics,11511.27,189.03,4.26,8.7,Storm,0.737,34.61,1,High
SC-12006,2024-02-18,Singapore,Busan,Air,Perishables,7021.23,267.24,2.61,4.4,Rain,0.822,0.5,1,Medium
SC-12007,2024-09-01,Dubai,Marseille,Air,Pharmaceuticals,11762.3,1.12,4.07,3.8,Clear,0.953,1.12,1,High
SC-12008,2025-03-05,Singapore,Shanghai,Rail,Perishables,1447.81,121.38,2.68,9.3,Clear,0.783,1.2,1,Medium
SC-12009,2025-10-16,Dubai,Marseille,Road,Electronics,7569.78,104.91,4.43,7.2,Clear,0.9,6.27,0,High
SC-12010,2025-09-29,Singapore,Antwerp,Air,Automotive,987.4,125.99,4.37,9.3,Rain,0.99,0.5,1,High
SC-12011,2025-04-13,Antwerp,Rotterdam,Air,Electronics,1408.47,403.15,2.29,8.0,Rain,0.853,1.0,1,Medium
SC-12012,2024-03-05,Shanghai,Busan,Rail,Electronics,13643.34,140.56,4.12,6.1,Storm,0.787,37.99,1,High
SC-12013,2024-04-23,Los Angeles,Busan,Road,Automotive,2519.06,96.57,4.0,1.2,Hurricane,0.519,12.39,1,Medium
SC-12014,2025-05-26,Busan,Antwerp,Road,Textiles,8220.1,252.63,1.9,2.9,Clear,0.687,6.14,0,Low
SC-12015,2025-09-03,Rotterdam,Los Angeles,Sea,Pharmaceuticals,6460.89,432.96,3.26,9.7,Storm,0.783,40.14,1,Medium
SC-12016,2025-07-02,Los Angeles,Singapore,Rail,Pharmaceuticals,5536.48,121.43,1.44,3.2,Rain,0.899,4.64,0,Low
SC-12017,2024-01-17,Shanghai,Hamburg,Road,Pharmaceuticals,13547.58,40.19,3.96,0.9,Fog,0.719,12.31,0,Medium
SC-12018,2025-10-09,Singapore,Hamburg,Road,Perishables,816.44,178.85,1.78,7.1,Storm,0.98,3.14,0,Low
SC-12019,2025-06-11,Rotterdam,Los Angeles,Road,Perishables,10124.95,374.08,1.43,7.3,Rain,0.636,10.07,0,Low
SC-12020,2025-08-11,Busan,Antwerp,Rail,Pharmaceuticals,14469.22,275.79,2.52,2.9,Fog,0.872,17.72,1,Medium
SC-12021,2024-09-04,Singapore,Marseille,Rail,Automotive,8622.44,408.58,3.1,3.0,Storm,0.71,20.53,1,Medium
SC-12022,2024-05-27,Busan,Dubai,Air,Automotive,14083.93,479.84,4.02,4.7,Rain,0.743,0.82,1,High
SC-12023,2024-10-25,Singapore,Hamburg,Air,Perishables,1257.74,396.54,4.42,0.2,Hurricane,0.901,0.54,1,High
SC-12024,2025-03-15,Los Angeles,Dubai,Road,Textiles,6572.5,302.3,2.65,7.9,Fog,0.648,8.05,1,Medium
SC-12025,2024-01-02,Rotterdam,Antwerp,Rail,Pharmaceuticals,4272.29,247.18,1.4,3.2,Fog,0.548,4.41,0,Low
SC-12026,2025-09-21,Singapore,Antwerp,Rail,Electronics,11096.9,20.99,3.67,8.5,Rain,0.76,12.69,0,Medium
SC-12027,2024-12-27,Rotterdam,Busan,Rail,Perishables,14728.81,492.18,3.07,8.0,Storm,0.764,43.35,1,Medium
SC-12028,2024-09-03,Singapore,Antwerp,Rail,Pharmaceuticals,4219.69,192.36,2.68,6.6,Clear,0.899,3.71,1,Medium
SC-12029,2025-08-07,Hamburg,Antwerp,Road,Textiles,9985.53,76.96,2.22,3.2,Clear,0.984,6.92,0,Medium
SC-12030,2025-03-02,Shanghai,Hamburg,Rail,Automotive,3372.42,333.69,2.86,5.2,Hurricane,0.528,23.69,1,Medium
SC-12031,2024-07-10,Busan,Singapore,Rail,Perishables,8697.29,142.86,2.32,4.4,Storm,0.796,22.31,0,Medium
SC-12032,2025-11-11,Rotterdam,Hamburg,Rail,Perishables,7227.02,293.3,3.7,3.4,Fog,0.841,9.38,0,Medium
SC-12033,2025-11-15,Shanghai,Busan,Air,Pharmaceuticals,14594.08,293.8,2.99,8.5,Rain,0.993,0.75,1,Medium
SC-12034,2024-03-28,Shanghai,Los Angeles,Air,Textiles,9323.65,223.42,4.09,4.8,Hurricane,0.971,5.11,1,High
SC-12035,2025-06-20,Shanghai,Dubai,Rail,Electronics,5567.84,418.22,2.99,8.3,Rain,0.856,6.95,1,Medium
SC-12036,2025-01-04,Busan,Singapore,Sea,Textiles,2154.39,133.22,1.99,1.1,Hurricane,0.761,25.69,1,Low
SC-12037,2024-03-10,Los Angeles,Hamburg,Sea,Pharmaceuticals,2693.08,224.87,4.01,1.4,Storm,0.581,11.31,1,High
SC-12038,2025-06-22,Shanghai,Busan,Road,Textiles,3767.1,269.31,3.04,9.8,Storm,0.692,10.14,1,Medium
SC-12039,2025-07-11,Los Angeles,Antwerp,Rail,Electronics,4139.02,332.15,1.88,5.9,Storm,0.793,12.02,1,Low
SC-12040,2025-06-03,Antwerp,Los Angeles,Sea,Perishables,12833.93,392.2,3.26,5.1,Storm,0.863,67.06,1,Medium
SC-12041,2025-06-03,Dubai,Rotterdam,Air,Automotive,8637.73,198.01,2.38,5.2,Clear,0.818,0.81,0,Medium
SC-12042,2025-07-21,Antwerp,Los Angeles,Sea,Automotive,8089.17,323.38,3.99,2.2,Storm,0.857,37.72,1,Medium
SC-12043,2024-01-21,Dubai,Shanghai,Sea,Electronics,2164.15,76.15,2.7,7.2,Fog,0.715,5.62,1,Medium
SC-12044,2025-02-03,Shanghai,Dubai,Sea,Pharmaceuticals,12972.03,466.39,3.6,0.8,Clear,0.864,19.7,0,Medium
SC-12045,2025-04-26,Rotterdam,Marseille,Air,Automotive,10980.81,192.15,1.52,5.7,Hurricane,0.572,6.14,1,Low
SC-12046,2024-02-14,Dubai,Singapore,Rail,Textiles,1481.19,365.03,2.51,5.7,Clear,0.581,1.58,0,Medium
SC-12047,2025-10-12,Los Angeles,Singapore,Rail,Textiles,10763.61,11.15,4.44,9.1,Hurricane,0.581,86.3,1,High
SC-12048,2025-01-31,Singapore,Antwerp,Air,Textiles,8381.3,103.39,3.87,5.3,Rain,0.945,1.06,0,Medium
SC-12049,2025-01-17,Rotterdam,Shanghai,Air,Automotive,1685.02,244.05,1.73,1.4,Storm,0.538,0.53,1,Low
SC-12050,2024-09-16,Dubai,Marseille,Sea,Electronics,7145.36,439.25,2.12,5.7,Clear,0.901,13.58,0,Medium
SC-12051,2024-01-17,Shanghai,Dubai,Air,Textiles,7528.1,264.1,2.29,0.9,Clear,0.617,0.5,0,Medium
SC-12052,2024-12-31,Shanghai,Marseille,Air,Pharmaceuticals,2903.73,465.01,3.35,2.0,Fog,0.734,0.5,0,Medium
SC-12053,2024-03-10,Hamburg,Singapore,Sea,Textiles,14212.62,242.41,3.7,0.3,Storm,0.958,59.8,0,Medium
SC-12054,2024-12-19,Rotterdam,Los Angeles,Rail,Pharmaceuticals,12824.64,245.73,3.67,5.1,Storm,0.793,33.32,1,Medium
SC-12055,2024-09-03,Antwerp,Dubai,Rail,Pharmaceuticals,10200.82,60.75,2.88,0.8,Storm,0.605,21.59,1,Medium
SC-12056,2025-11-03,Rotterdam,Los Angeles,Sea,Perishables,7203.29,401.53,3.88,4.7,Storm,0.642,37.7,1,Medium
SC-12057,2025-10-05,Dubai,Rotterdam,Air,Pharmaceuticals,6470.6,124.24,2.64,9.3,Rain,0.96,1.26,0,Medium
SC-12058,2024-04-16,Rotterdam,Antwerp,Sea,Perishables,9939.12,449.91,1.61,7.2,Fog,0.714,28.06,1,Low
SC-12059,2025-08-18,Busan,Los Angeles,Rail,Pharmaceuticals,8408.76,455.5,3.06,0.8,Clear,0.793,5.87,0,Medium
SC-12060,2024-12-06,Los Angeles,Hamburg,Rail,Textiles,1402.96,471.71,4.34,2.2,Fog,0.73,0.72,1,High
SC-12061,2024-05-16,Singapore,Rotterdam,Road,Electronics,7931.29,260.6,3.82,6.7,Rain,0.689,7.92,1,Medium
SC-12062,2024-02-15,Rotterdam,Dubai,Sea,Pharmaceuticals,12192.85,338.87,3.11,8.9,Fog,0.612,37.59,1,Medium
SC-12063,2024-12-26,Shanghai,Dubai,Air,Textiles,7158.98,389.48,3.33,0.3,Rain,0.843,0.5,0,Medium
SC-12064,2025-07-13,Antwerp,Marseille,Road,Electronics,1253.37,66.38,4.27,8.1,Hurricane,0.859,8.33,1,High
SC-12065,2024-12-12,Rotterdam,Los Angeles,Air,Perishables,11901.03,300.88,2.61,5.6,Clear,0.637,1.01,0,Medium
SC-12066,2025-10-20,Singapore,Los Angeles,Sea,Pharmaceuticals,3419.77,18.11,2.29,5.5,Fog,0.895,9.93,0,Medium
SC-12067,2024-06-28,Busan,Singapore,Rail,Automotive,4250.0,249.29,4.42,9.6,Fog,0.927,6.65,1,High
SC-12068,2025-12-02,Shanghai,Singapore,Rail,Electronics,2888.24,78.27,4.05,7.5,Rain,0.96,3.4,0,High
SC-12069,2025-04-20,Singapore,Marseille,Rail,Automotive,5288.12,92.28,2.27,8.5,Rain,0.581,6.37,0,Medium
SC-12070,2025-12-13,Singapore,Shanghai,Road,Textiles,11472.9,183.16,2.73,3.5,Fog,0.652,11.34,0,Medium
SC-12071,2025-05-05,Rotterdam,Antwerp,Road,Perishables,8031.09,216.79,2.57,5.5,Storm,0.93,17.59,1,Medium
SC-12072,2025-10-08,Shanghai,Busan,Road,Electronics,3470.78,311.96,1.69,6.2,Fog,0.599,3.65,0,Low
SC-12073,2024-07-05,Hamburg,Singapore,Air,Pharmaceuticals,13228.54,38.14,4.36,3.2,Clear,0.502,1.31,0,High
SC-12074,2024-05-18,Antwerp,Rotterdam,Road,Perishables,13253.94,252.34,2.53,5.7,Rain,0.935,12.0,0,Medium
SC-12075,2024-03-05,Busan,Hamburg,Air,Perishables,13123.39,92.13,4.09,2.4,Clear,0.663,0.5,1,High
SC-12076,2025-04-13,Rotterdam,Hamburg,Road,Perishables,3962.55,287.41,1.82,1.4,Storm,0.707,7.31,0,Low
SC-12077,2024-02-07,Los Angeles,Singapore,Road,Perishables,7042.97,319.06,3.01,3.7,Fog,0.723,7.4,1,Medium
SC-12078,2024-10-27,Rotterdam,Los Angeles,Road,Automotive,14782.35,278.8,1.28,7.4,Storm,0.924,37.01,1,Low
SC-12079,2024-07-25,Hamburg,Los Angeles,Rail,Pharmaceuticals,11694.18,369.41,3.72,9.2,Fog,0.669,17.69,1,Medium
SC-12080,2024-02-14,Busan,Singapore,Road,Perishables,893.93,168.47,3.12,4.6,Rain,0.946,0.5,0,Medium
SC-12081,2024-07-23,Antwerp,Hamburg,Air,Pharmaceuticals,1445.47,382.79,3.26,6.4,Fog,0.808,0.5,1,Medium
SC-12082,2024-02-12,Los Angeles,Shanghai,Sea,Textiles,7227.0,216.95,1.37,1.0,Storm,0.764,32.54,1,Low
SC-12083,2024-11-19,Rotterdam,Antwerp,Air,Automotive,13683.69,242.61,1.9,9.0,Clear,0.663,0.78,0,Low
SC-12084,2024-11-13,Singapore,Antwerp,Rail,Automotive,8311.18,324.4,1.45,5.7,Rain,0.622,8.3,1,Low
SC-12085,2025-06-11,Rotterdam,Marseille,Air,Pharmaceuticals,7718.28,10.16,2.15,7.8,Fog,0.812,0.59,1,Medium
SC-12086,2025-02-11,Busan,Hamburg,Rail,Textiles,2029.37,327.34,3.27,7.9,Clear,0.723,2.03,0,Medium
SC-12087,2025-07-10,Shanghai,Marseille,Rail,Perishables,10023.31,309.67,3.07,2.6,Hurricane,0.955,63.17,1,Medium
SC-12088,2025-04-29,Hamburg,Shanghai,Air,Automotive,12420.5,155.61,3.22,5.3,Storm,0.746,2.96,1,Medium
SC-12089,2024-09-16,Dubai,Shanghai,Sea,Textiles,6016.09,43.81,3.01,9.6,Hurricane,0.756,98.42,1,Medium
SC-12090,2024-02-07,Antwerp,Marseille,Air,Textiles,11746.37,46.38,2.1,0.9,Clear,0.708,0.5,0,Medium
SC-12091,2025-10-24,Singapore,Marseille,Air,Automotive,14484.91,461.69,2.01,6.8,Hurricane,0.895,7.93,1,Medium
SC-12092,2024-07-14,Los Angeles,Singapore,Sea,Electronics,3454.61,344.95,1.65,9.6,Fog,0.712,11.0,1,Low
SC-12093,2024-10-19,Los Angeles,Rotterdam,Air,Perishables,8088.28,64.42,4.0,3.0,Fog,0.635,0.5,1,Medium
SC-12094,2024-12-31,Shanghai,Marseille,Air,Electronics,4663.5,179.0,3.23,8.6,Rain,0.931,0.5,1,Medium
SC-12095,2024-02-18,Shanghai,Antwerp,Sea,Textiles,11996.39,296.65,1.82,9.3,Clear,0.798,24.14,0,Low
SC-12096,2025-11-02,Dubai,Los Angeles,Air,Textiles,8875.1,417.95,1.78,7.5,Hurricane,0.796,5.55,1,Low
SC-12097,2024-12-05,Los Angeles,Hamburg,Air,Perishables,9701.45,22.79,4.08,2.3,Hurricane,0.805,4.77,1,High
SC-12098,2024-10-06,Busan,Dubai,Air,Automotive,12069.76,119.08,3.65,3.3,Clear,0.859,1.19,0,Medium
SC-12099,2024-05-07,Los Angeles,Antwerp,Sea,Electronics,6241.57,444.98,3.38,0.4,Fog,0.657,13.91,0,Medium
SC-12100,2025-01-11,Hamburg,Singapore,Rail,Perishables,13768.81,5.57,2.54,8.3,Hurricane,0.517,108.14,1,Medium
SC-12101,2025-03-23,Singapore,Hamburg,Sea,Perishables,8228.92,101.5,2.06,8.5,Rain,0.905,18.95,1,Medium
SC-12102,2025-02-13,Los Angeles,Hamburg,Sea,Automotive,2790.34,479.55,4.43,6.3,Clear,0.564,4.51,1,High
SC-12103,2025-03-26,Shanghai,Busan,Road,Perishables,10590.54,307.09,3.83,3.5,Hurricane,0.861,58.4,1,Medium
SC-12104,2025-01-30,Rotterdam,Los Angeles,Sea,Electronics,12002.29,131.57,2.2,0.8,Fog,0.541,25.74,0,Medium
SC-12105,2024-12-13,Busan,Shanghai,Sea,Pharmaceuticals,5093.04,34.43,4.0,7.5,Rain,0.688,11.49,1,Medium
SC-12106,2024-07-10,Busan,Hamburg,Air,Electronics,12929.1,15.07,3.7,7.3,Clear,0.532,1.31,1,Medium
SC-12107,2025-05-23,Rotterdam,Busan,Road,Textiles,13639.08,123.13,2.18,9.1,Rain,0.761,14.2,0,Medium
SC-12108,2025-12-09,Rotterdam,Antwerp,Rail,Electronics,4515.12,440.86,2.61,7.3,Hurricane,0.827,34.0,1,Medium
SC-12109,2025-05-24,Singapore,Hamburg,Road,Electronics,14761.06,208.54,1.81,8.3,Hurricane,0.586,99.36,1,Low
SC-12110,2025-01-11,Singapore,Antwerp,Air,Textiles,2540.32,360.45,1.57,7.5,Storm,0.686,0.5,1,Low
SC-12111,2025-06-15,Dubai,Shanghai,Air,Pharmaceuticals,3429.23,459.22,3.59,6.3,Clear,0.965,0.75,0,Medium
SC-12112,2024-09-30,Hamburg,Los Angeles,Road,Textiles,3171.26,204.61,2.08,4.3,Fog,0.721,3.04,0,Medium
SC-12113,2024-03-25,Los Angeles,Antwerp,Rail,Electronics,13462.85,96.45,3.91,9.0,Fog,0.901,19.78,1,Medium
SC-12114,2025-03-10,Antwerp,Hamburg,Sea,Pharmaceuticals,9987.24,259.04,4.49,6.5,Clear,0.964,18.79,0,High
SC-12115,2024-03-21,Hamburg,Busan,Air,Pharmaceuticals,2705.51,454.13,1.45,4.0,Storm,0.987,0.79,0,Low
SC-12116,2025-03-16,Dubai,Hamburg,Road,Electronics,6884.69,402.38,2.76,0.8,Storm,0.949,11.95,1,Medium
SC-12117,2025-09-08,Busan,Los Angeles,Road,Automotive,9421.82,33.85,3.85,2.9,Clear,0.659,6.85,1,Medium
SC-12118,2024-07-03,Singapore,Antwerp,Sea,Automotive,1710.23,346.59,3.8,5.4,Storm,0.981,8.69,0,Medium
SC-12119,2025-07-12,Shanghai,Singapore,Road,Pharmaceuticals,13295.04,286.38,3.71,2.8,Hurricane,0.906,71.85,1,Medium
SC-12120,2024-10-27,Singapore,Busan,Air,Textiles,12152.25,453.82,2.35,2.2,Hurricane,0.919,5.72,1,Medium
SC-12121,2024-11-24,Rotterdam,Antwerp,Air,Electronics,7825.5,62.12,2.7,5.3,Hurricane,0.508,4.41,1,Medium
SC-12122,2024-04-15,Rotterdam,Dubai,Rail,Automotive,14523.34,267.48,3.16,1.7,Rain,0.977,13.35,0,Medium
SC-12123,2024-03-22,Singapore,Shanghai,Road,Automotive,6557.53,439.85,4.41,8.0,Rain,0.889,6.53,0,High
SC-12124,2024-12-01,Busan,Marseille,Road,Textiles,14769.6,205.6,2.28,4.8,Fog,0.884,16.17,0,Medium
SC-12125,2025-11-07,Shanghai,Los Angeles,Rail,Textiles,10184.84,241.52,4.25,5.7,Fog,0.541,13.86,1,High
SC-12126,2024-10-29,Shanghai,Singapore,Rail,Electronics,9702.73,36.16,2.09,1.5,Rain,0.616,8.62,1,Medium
SC-12127,2024-11-09,Los Angeles,Antwerp,Rail,Textiles,2906.35,139.79,4.46,3.2,Clear,0.981,3.25,0,High
SC-12128,2025-04-01,Busan,Los Angeles,Rail,Pharmaceuticals,13287.95,162.93,3.41,4.1,Rain,0.75,13.64,0,Medium
SC-12129,2025-09-09,Dubai,Busan,Road,Pharmaceuticals,6698.6,472.62,2.73,8.1,Rain,0.699,6.26,1,Medium
SC-12130,2025-03-12,Antwerp,Dubai,Air,Pharmaceuticals,2852.38,142.05,3.22,7.7,Storm,0.92,0.5,1,Medium
SC-12131,2024-06-19,Los Angeles,Busan,Road,Automotive,682.81,230.97,2.1,2.2,Rain,0.544,0.57,0,Medium
SC-12132,2025-12-07,Dubai,Shanghai,Air,Pharmaceuticals,8616.46,335.98,2.1,6.2,Hurricane,0.708,5.35,1,Medium
SC-12133,2025-03-30,Los Angeles,Hamburg,Sea,Pharmaceuticals,8147.29,81.93,1.57,2.4,Hurricane,0.688,102.25,1,Low
SC-12134,2024-12-25,Shanghai,Dubai,Rail,Pharmaceuticals,10930.63,243.73,1.58,9.9,Hurricane,0.675,90.53,1,Low
SC-12135,2025-04-02,Dubai,Rotterdam,Air,Pharmaceuticals,13408.74,369.53,2.35,9.5,Clear,0.654,0.56,1,Medium
SC-12136,2024-02-13,Los Angeles,Shanghai,Sea,Electronics,1651.4,433.56,3.72,5.6,Storm,0.605,8.29,0,Medium
SC-12137,2024-12-27,Shanghai,Marseille,Road,Pharmaceuticals,11106.7,313.5,3.21,7.0,Hurricane,0.586,71.5,1,Medium
SC-12138,2025-09-21,Los Angeles,Rotterdam,Road,Pharmaceuticals,3217.47,334.86,1.54,8.0,Storm,0.82,9.2,1,Low
SC-12139,2025-03-21,Antwerp,Los Angeles,Air,Automotive,12943.57,64.02,4.01,7.2,Clear,0.96,1.19,1,High
SC-12140,2024-10-08,Los Angeles,Busan,Sea,Electronics,12376.42,472.94,3.18,7.0,Storm,0.754,68.82,1,Medium
SC-12141,2025-10-16,Antwerp,Los Angeles,Road,Electronics,8341.51,67.15,4.37,9.6,Rain,0.649,8.45,1,High
SC-12142,2024-02-28,Los Angeles,Shanghai,Sea,Pharmaceuticals,10798.52,387.56,3.41,6.0,Clear,0.58,19.16,0,Medium
SC-12143,2024-03-17,Shanghai,Rotterdam,Air,Automotive,5058.08,133.14,1.78,6.4,Rain,0.915,0.5,0,Low
SC-12144,2025-11-18,Busan,Antwerp,Road,Automotive,7331.93,466.86,2.76,8.5,Storm,0.986,18.46,0,Medium
SC-12145,2025-10-14,Busan,Marseille,Sea,Automotive,12413.74,360.26,3.34,6.7,Hurricane,0.675,184.31,1,Medium
SC-12146,2025-02-19,Singapore,Los Angeles,Road,Electronics,7159.35,377.15,1.29,7.3,Rain,0.645,7.33,1,Low
SC-12147,2025-01-07,Antwerp,Singapore,Air,Electronics,5688.07,110.31,1.25,2.3,Fog,0.801,1.04,1,Low
SC-12148,2025-06-09,Rotterdam,Busan,Sea,Textiles,7666.08,222.08,1.63,3.7,Storm,0.888,38.13,1,Low
SC-12149,2025-11-26,Los Angeles,Hamburg,Road,Pharmaceuticals,12509.61,309.29,2.03,1.5,Storm,0.728,23.01,1,Medium
SC-12150,2024-06-12,Busan,Antwerp,Air,Automotive,5360.52,385.22,2.62,5.1,Clear,0.815,0.5,1,Medium
SC-12151,2024-02-01,Rotterdam,Hamburg,Air,Automotive,3019.54,52.88,2.81,4.6,Rain,0.858,0.5,0,Medium
SC-12152,2024-05-26,Antwerp,Dubai,Road,Automotive,10824.2,481.22,1.66,10.0,Hurricane,0.98,77.32,1,Low
SC-12153,2025-09-14,Dubai,Rotterdam,Air,Electronics,12476.68,445.22,3.42,6.1,Rain,0.583,1.45,1,Medium
SC-12154,2025-11-25,Rotterdam,Singapore,Air,Pharmaceuticals,1959.24,135.9,3.17,7.9,Rain,0.999,0.5,0,Medium
SC-12155,2025-03-24,Busan,Dubai,Sea,Perishables,3978.17,411.56,2.17,3.3,Clear,0.696,6.47,1,Medium
SC-12156,2024-02-05,Los Angeles,Antwerp,Rail,Textiles,2558.59,259.64,1.25,8.3,Rain,0.862,3.14,1,Low
SC-12157,2024-05-09,Dubai,Singapore,Air,Textiles,5545.15,231.44,1.46,6.2,Storm,0.786,1.01,1,Low
SC-12158,2024-03-09,Hamburg,Marseille,Air,Textiles,7030.09,157.9,2.49,7.0,Rain,0.743,0.64,1,Medium
SC-12159,2024-08-29,Los Angeles,Marseille,Air,Textiles,11357.98,290.9,1.71,2.9,Fog,0.849,1.58,1,Low
SC-12160,2025-10-22,Dubai,Busan,Air,Automotive,9941.64,365.21,2.44,5.5,Storm,0.698,1.94,0,Medium
SC-12161,2025-01-10,Rotterdam,Busan,Road,Pharmaceuticals,9503.46,206.06,3.27,6.3,Storm,0.563,22.34,1,Medium
SC-12162,2025-01-05,Singapore,Dubai,Air,Textiles,5609.44,314.98,3.01,5.9,Fog,0.744,0.55,1,Medium
SC-12163,2025-01-27,Singapore,Los Angeles,Sea,Pharmaceuticals,12700.99,349.96,1.96,9.2,Fog,0.761,39.22,1,Low
SC-12164,2025-08-03,Hamburg,Dubai,Road,Pharmaceuticals,7333.66,355.85,2.33,9.0,Fog,0.601,8.93,1,Medium
SC-12165,2024-02-03,Rotterdam,Busan,Rail,Pharmaceuticals,14697.02,26.93,3.23,9.7,Rain,0.968,19.08,1,Medium
SC-12166,2025-09-11,Shanghai,Busan,Sea,Pharmaceuticals,9695.06,430.01,4.04,6.7,Hurricane,0.614,143.08,1,High
SC-12167,2024-06-06,Busan,Shanghai,Rail,Automotive,2330.84,229.67,3.69,9.7,Hurricane,0.705,18.91,1,Medium
SC-12168,2025-11-26,Busan,Shanghai,Air,Pharmaceuticals,10304.57,131.95,3.03,8.3,Clear,0.577,1.13,1,Medium
SC-12169,2025-04-05,Antwerp,Marseille,Air,Perishables,5214.01,121.64,2.4,2.7,Clear,0.768,0.82,0,Medium
SC-12170,2025-01-14,Rotterdam,Shanghai,Air,Pharmaceuticals,10451.74,242.02,2.4,4.3,Storm,0.654,1.28,1,Medium
SC-12171,2025-01-15,Dubai,Antwerp,Air,Textiles,1509.8,443.53,4.1,2.4,Storm,0.745,0.5,1,High
SC-12172,2025-03-30,Los Angeles,Rotterdam,Rail,Perishables,3035.78,189.8,1.33,0.0,Hurricane,0.612,17.04,1,Low
SC-12173,2024-03-19,Hamburg,Singapore,Rail,Pharmaceuticals,12908.19,375.11,4.46,1.9,Clear,0.527,10.98,1,High
SC-12174,2025-08-10,Rotterdam,Marseille,Air,Electronics,3794.1,49.31,3.39,0.0,Storm,0.89,1.22,1,Medium
SC-12175,2024-05-20,Rotterdam,Shanghai,Air,Textiles,12637.1,238.55,3.45,7.2,Storm,0.821,2.56,1,Medium
SC-12176,2025-06-26,Los Angeles,Rotterdam,Rail,Electronics,4549.5,495.85,1.33,4.3,Rain,0.67,3.39,0,Low
SC-12177,2025-01-10,Shanghai,Los Angeles,Rail,Automotive,9821.79,385.45,3.2,3.1,Clear,0.524,7.93,0,Medium
SC-12178,2025-02-11,Antwerp,Busan,Rail,Textiles,10565.18,106.05,2.8,7.6,Hurricane,0.933,81.23,1,Medium
SC-12179,2024-11-17,Busan,Shanghai,Road,Textiles,7933.49,251.22,1.55,8.3,Rain,0.585,7.83,1,Low
SC-12180,2025-10-27,Los Angeles,Singapore,Sea,Pharmaceuticals,4927.0,117.58,2.12,9.8,Storm,0.965,30.11,1,Medium
SC-12181,2024-10-12,Busan,Antwerp,Road,Electronics,3583.34,205.37,4.14,6.4,Rain,0.739,3.46,1,High
SC-12182,2024-09-12,Busan,Marseille,Road,Pharmaceuticals,981.25,390.26,3.01,4.6,Fog,0.67,0.61,0,Medium
SC-12183,2024-04-26,Hamburg,Rotterdam,Road,Automotive,4907.22,385.84,2.56,3.1,Hurricane,0.871,27.87,1,Medium
SC-12184,2024-01-27,Singapore,Busan,Air,Automotive,9970.86,114.82,1.44,2.2,Storm,0.938,2.49,0,Low
SC-12185,2024-07-09,Antwerp,Rotterdam,Air,Electronics,14105.42,461.19,3.56,2.1,Rain,0.685,1.3,0,Medium
SC-12186,2025-05-26,Los Angeles,Antwerp,Road,Pharmaceuticals,13132.46,296.69,3.52,4.1,Clear,0.704,9.46,0,Medium
SC-12187,2025-06-14,Los Angeles,Antwerp,Rail,Textiles,11607.94,190.58,3.23,9.9,Clear,0.717,11.73,1,Medium
SC-12188,2025-01-31,Dubai,Singapore,Air,Electronics,11932.49,251.47,2.88,0.0,Rain,0.961,0.74,0,Medium
SC-12189,2025-07-29,Antwerp,Hamburg,Sea,Perishables,10142.28,302.93,2.63,2.0,Hurricane,0.846,124.62,1,Medium
SC-12190,2024-04-30,Los Angeles,Shanghai,Rail,Automotive,4274.16,280.39,3.16,1.9,Fog,0.624,5.31,0,Medium
SC-12191,2024-09-25,Rotterdam,Antwerp,Rail,Textiles,13654.33,243.72,1.97,7.2,Fog,0.592,19.42,1,Low
SC-12192,2024-09-23,Singapore,Hamburg,Rail,Perishables,10225.62,252.96,4.31,3.5,Clear,0.615,8.81,1,High
SC-12193,2025-12-21,Antwerp,Hamburg,Road,Automotive,8626.39,89.03,3.14,4.6,Clear,0.632,6.58,0,Medium
SC-12194,2025-04-01,Singapore,Dubai,Sea,Textiles,2109.35,406.55,2.23,1.5,Storm,0.615,9.64,1,Medium
SC-12195,2024-08-07,Singapore,Dubai,Air,Textiles,6982.31,271.34,2.68,4.0,Clear,0.829,0.93,0,Medium
SC-12196,2025-09-18,Busan,Rotterdam,Road,Textiles,7175.19,66.41,3.86,1.0,Fog,0.558,7.0,0,Medium
SC-12197,2024-10-19,Singapore,Rotterdam,Road,Pharmaceuticals,13036.17,383.31,1.73,5.3,Rain,0.694,12.22,0,Low
SC-12198,2025-12-11,Antwerp,Hamburg,Sea,Electronics,8426.4,466.29,2.17,1.0,Hurricane,0.813,98.29,1,Medium
SC-12199,2025-05-17,Antwerp,Los Angeles,Air,Electronics,6015.81,473.71,3.44,7.9,Clear,0.645,0.5,1,Medium
SC-12200,2024-07-23,Busan,Dubai,Air,Pharmaceuticals,14663.6,185.14,2.24,5.7,Fog,0.533,1.2,0,Medium
SC-12201,2024-05-05,Shanghai,Hamburg,Road,Pharmaceuticals,2105.45,68.62,3.82,7.2,Hurricane,0.541,13.32,1,Medium
SC-12202,2024-05-18,Busan,Marseille,Sea,Perishables,6626.95,259.68,1.63,4.2,Rain,0.563,12.55,1,Low
SC-12203,2024-03-16,Busan,Marseille,Air,Perishables,1109.36,57.19,3.72,3.8,Fog,0.918,0.5,0,Medium
SC-12204,2025-04-07,Los Angeles,Marseille,Sea,Pharmaceuticals,11228.61,467.06,1.43,1.0,Storm,0.829,48.61,0,Low
SC-12205,2024-06-25,Shanghai,Dubai,Rail,Electronics,13812.11,92.61,1.24,5.2,Clear,0.532,11.85,1,Low
SC-12206,2025-12-31,Singapore,Rotterdam,Air,Perishables,4560.54,127.13,4.16,5.1,Fog,0.696,1.23,0,High
SC-12207,2025-03-31,Antwerp,Rotterdam,Road,Perishables,12945.95,203.91,3.12,4.7,Rain,0.639,11.33,0,Medium
SC-12208,2024-03-30,Los Angeles,Busan,Road,Automotive,4737.16,192.2,2.36,7.4,Rain,0.789,4.76,0,Medium
SC-12209,2025-11-29,Rotterdam,Singapore,Sea,Textiles,13706.17,397.54,1.97,8.3,Hurricane,0.761,215.82,1,Low
SC-12210,2024-11-23,Dubai,Marseille,Air,Automotive,11432.45,228.7,3.24,7.5,Clear,0.741,1.61,1,Medium
SC-12211,2025-11-14,Hamburg,Antwerp,Road,Automotive,12171.15,86.21,2.88,1.4,Fog,0.657,11.36,0,Medium
SC-12212,2024-12-21,Los Angeles,Rotterdam,Rail,Pharmaceuticals,761.1,134.34,4.47,6.2,Rain,0.569,0.72,0,High
SC-12213,2025-12-27,Shanghai,Rotterdam,Air,Electronics,14460.75,255.05,4.44,0.8,Hurricane,0.871,6.21,1,High
SC-12214,2024-03-07,Singapore,Busan,Air,Electronics,11036.73,74.58,3.3,6.9,Clear,0.94,1.34,0,Medium
SC-12215,2025-07-17,Busan,Shanghai,Air,Perishables,4918.89,306.22,2.66,3.8,Clear,0.972,0.98,0,Medium
SC-12216,2025-07-09,Hamburg,Singapore,Air,Pharmaceuticals,12526.22,283.31,2.82,1.3,Hurricane,0.529,5.8,1,Medium
SC-12217,2024-10-24,Rotterdam,Hamburg,Sea,Textiles,4582.06,357.64,3.45,8.6,Fog,0.87,14.28,0,Medium
SC-12218,2024-11-03,Busan,Los Angeles,Sea,Automotive,13154.93,468.91,1.54,6.1,Rain,0.863,28.74,0,Low
SC-12219,2024-06-10,Singapore,Los Angeles,Air,Electronics,2132.42,456.22,2.28,3.5,Hurricane,0.974,0.96,1,Medium
SC-12220,2025-12-29,Busan,Shanghai,Rail,Textiles,10703.45,473.09,1.45,0.3,Rain,0.626,9.65,0,Low
SC-12221,2025-12-27,Busan,Marseille,Road,Pharmaceuticals,8340.13,123.11,1.44,5.4,Rain,0.871,7.8,1,Low
SC-12222,2025-12-18,Rotterdam,Dubai,Sea,Perishables,1899.75,66.65,1.85,9.2,Clear,0.527,3.49,0,Low
SC-12223,2025-10-15,Antwerp,Shanghai,Air,Automotive,4007.46,151.84,2.8,6.0,Hurricane,0.816,2.67,1,Medium
SC-12224,2024-06-27,Rotterdam,Singapore,Air,Textiles,679.86,447.65,3.79,9.7,Hurricane,0.675,0.5,1,Medium
SC-12225,2025-01-05,Dubai,Busan,Sea,Electronics,7297.14,486.05,2.8,1.4,Rain,0.884,12.83,0,Medium
SC-12226,2025-06-04,Busan,Rotterdam,Sea,Textiles,4868.35,429.8,2.31,5.7,Fog,0.932,13.47,1,Medium
SC-12227,2024-08-17,Singapore,Shanghai,Rail,Pharmaceuticals,9176.18,55.9,1.47,8.0,Hurricane,0.682,71.28,1,Low
SC-12228,2024-05-04,Shanghai,Dubai,Road,Pharmaceuticals,4809.95,473.77,3.02,5.3,Clear,0.763,3.81,0,Medium
SC-12229,2024-07-24,Antwerp,Los Angeles,Road,Perishables,4848.83,212.26,2.1,0.9,Storm,0.559,9.38,0,Medium
SC-12230,2024-05-22,Dubai,Marseille,Road,Perishables,11276.3,5.65,3.23,5.8,Fog,0.708,12.61,1,Medium
SC-12231,2024-08-30,Singapore,Marseille,Rail,Electronics,1198.07,221.75,4.42,6.1,Rain,0.68,1.5,1,High
SC-12232,2025-05-20,Hamburg,Los Angeles,Air,Pharmaceuticals,13591.98,23.99,1.57,7.3,Fog,0.592,2.12,1,Low
SC-12233,2024-01-27,Antwerp,Hamburg,Rail,Electronics,12857.83,272.4,1.9,7.6,Fog,0.947,18.01,1,Low
SC-12234,2025-01-04,Hamburg,Marseille,Rail,Perishables,10183.17,169.94,2.76,7.7,Fog,0.574,14.92,1,Medium
SC-12235,2025-07-21,Los Angeles,Antwerp,Air,Automotive,9101.71,237.24,4.4,6.6,Clear,0.818,0.5,0,High
SC-12236,2025-08-09,Shanghai,Hamburg,Air,Pharmaceuticals,13438.39,306.97,3.75,2.2,Clear,0.945,1.29,0,Medium
SC-12237,2025-01-12,Dubai,Marseille,Road,Perishables,3187.29,434.53,4.16,4.0,Storm,0.956,7.35,1,High
SC-12238,2025-04-23,Singapore,Antwerp,Sea,Pharmaceuticals,1645.05,331.29,2.3,7.8,Rain,0.897,3.63,1,Medium
SC-12239,2025-07-18,Dubai,Hamburg,Sea,Perishables,3972.9,217.59,4.47,9.5,Hurricane,0.588,66.29,1,High
SC-12240,2024-05-12,Singapore,Los Angeles,Air,Automotive,12021.39,409.89,1.54,0.8,Hurricane,0.909,5.76,1,Low
SC-12241,2025-09-18,Shanghai,Marseille,Sea,Perishables,1002.72,452.89,1.37,5.4,Fog,0.638,3.0,0,Low
SC-12242,2024-03-29,Antwerp,Rotterdam,Rail,Automotive,8950.7,60.76,4.02,3.1,Fog,0.961,11.11,0,High
SC-12243,2024-03-08,Dubai,Shanghai,Rail,Pharmaceuticals,14933.84,266.43,4.26,2.3,Clear,0.855,12.03,0,High
SC-12244,2024-11-12,Busan,Los Angeles,Air,Textiles,12907.59,142.97,1.5,5.1,Fog,0.893,0.77,0,Low
SC-12245,2025-02-11,Singapore,Hamburg,Road,Perishables,8060.96,24.48,1.57,6.1,Storm,0.543,18.85,1,Low
SC-12246,2025-05-05,Dubai,Rotterdam,Sea,Automotive,1422.79,334.6,1.31,0.1,Storm,0.791,6.15,1,Low
SC-12247,2025-06-22,Dubai,Hamburg,Rail,Perishables,12554.92,431.52,1.54,7.8,Hurricane,0.911,96.76,1,Low
SC-12248,2025-02-24,Rotterdam,Shanghai,Sea,Electronics,9185.19,82.29,1.89,8.2,Hurricane,0.931,144.13,1,Low
SC-12249,2025-02-23,Shanghai,Rotterdam,Road,Pharmaceuticals,2166.53,406.39,4.4,9.7,Clear,0.514,2.53,1,High
SC-12250,2025-08-11,Los Angeles,Antwerp,Sea,Electronics,1860.93,426.84,3.4,1.8,Storm,0.97,8.24,1,Medium
SC-12251,2024-03-16,Rotterdam,Dubai,Rail,Textiles,13689.59,457.26,3.77,5.9,Rain,0.522,14.77,0,Medium
SC-12252,2024-05-08,Dubai,Hamburg,Air,Perishables,10203.4,133.38,3.76,4.3,Clear,0.807,0.5,0,Medium
SC-12253,2024-11-20,Los Angeles,Busan,Air,Electronics,12524.66,452.07,2.97,3.3,Storm,0.847,1.39,1,Medium
SC-12254,2025-10-19,Shanghai,Los Angeles,Sea,Perishables,13245.19,161.01,3.83,5.7,Storm,0.554,71.19,1,Medium
SC-12255,2024-03-16,Busan,Rotterdam,Sea,Pharmaceuticals,8790.7,276.62,3.17,7.8,Storm,0.524,50.94,1,Medium
SC-12256,2025-04-05,Los Angeles,Singapore,Air,Electronics,8002.97,26.2,2.24,0.2,Clear,0.892,0.5,0,Medium
SC-12257,2025-04-22,Los Angeles,Marseille,Air,Electronics,6741.2,22.9,3.05,9.7,Clear,0.692,0.5,1,Medium
SC-12258,2025-11-27,Dubai,Los Angeles,Rail,Textiles,5095.73,360.47,2.96,8.1,Rain,0.554,5.87,0,Medium
SC-12259,2025-06-13,Dubai,Shanghai,Sea,Textiles,6801.64,222.8,3.92,7.5,Clear,0.881,13.54,1,Medium
SC-12260,2024-12-18,Hamburg,Rotterdam,Sea,Pharmaceuticals,11721.26,128.89,4.44,7.6,Rain,0.925,26.96,1,High
SC-12261,2024-05-11,Antwerp,Rotterdam,Rail,Textiles,9227.89,96.02,2.56,3.9,Fog,0.794,11.5,0,Medium
SC-12262,2025-07-18,Hamburg,Rotterdam,Air,Automotive,13441.59,335.31,3.72,7.5,Hurricane,0.581,7.81,1,Medium
SC-12263,2025-10-17,Singapore,Busan,Road,Automotive,6929.01,1.2,1.53,3.9,Rain,0.508,5.29,0,Low
SC-12264,2025-08-24,Shanghai,Singapore,Rail,Pharmaceuticals,9302.8,403.14,3.76,9.0,Hurricane,0.85,75.22,1,Medium
SC-12265,2024-07-05,Dubai,Marseille,Air,Automotive,9653.96,40.55,2.43,1.8,Fog,0.775,0.5,1,Medium
SC-12266,2024-05-12,Dubai,Shanghai,Sea,Electronics,9079.61,96.55,1.33,2.9,Hurricane,0.825,115.16,1,Low
SC-12267,2025-03-19,Busan,Singapore,Air,Pharmaceuticals,10688.19,193.73,2.4,5.5,Hurricane,0.907,5.16,1,Medium
SC-12268,2025-05-29,Busan,Rotterdam,Sea,Pharmaceuticals,3942.79,242.94,3.22,3.2,Clear,0.717,6.26,0,Medium
SC-12269,2024-02-26,Shanghai,Busan,Road,Electronics,7929.27,178.14,1.59,4.2,Rain,0.562,6.69,0,Low
SC-12270,2024-05-07,Busan,Antwerp,Road,Electronics,2011.26,161.04,4.25,4.9,Storm,0.97,4.48,1,High
SC-12271,2025-06-14,Hamburg,Busan,Sea,Automotive,6075.41,481.99,1.46,8.6,Storm,0.773,35.7,1,Low
SC-12272,2024-06-05,Busan,Dubai,Air,Pharmaceuticals,7571.17,321.15,4.27,5.2,Clear,0.808,1.0,0,High
SC-12273,2024-11-07,Dubai,Hamburg,Road,Automotive,9957.25,12.69,3.53,3.6,Rain,0.967,8.82,0,Medium
SC-12274,2024-06-17,Shanghai,Marseille,Sea,Automotive,14282.7,215.66,2.29,2.5,Hurricane,0.966,178.27,1,Medium
SC-12275,2024-06-14,Los Angeles,Marseille,Sea,Electronics,9209.44,437.63,2.49,4.1,Storm,0.786,45.97,1,Medium
SC-12276,2024-11-26,Busan,Antwerp,Air,Automotive,11282.11,151.43,3.64,5.2,Hurricane,0.649,5.62,1,Medium
SC-12277,2025-12-27,Shanghai,Antwerp,Road,Electronics,7840.86,48.18,3.18,7.5,Fog,0.999,9.46,1,Medium
SC-12278,2024-08-18,Shanghai,Antwerp,Sea,Automotive,9694.51,379.43,3.42,1.2,Fog,0.84,20.72,0,Medium
SC-12279,2024-12-20,Antwerp,Busan,Air,Pharmaceuticals,1528.52,303.4,2.48,2.2,Fog,0.704,0.5,1,Medium
SC-12280,2025-06-15,Rotterdam,Dubai,Air,Pharmaceuticals,4188.68,285.59,2.81,3.8,Clear,0.78,0.69,0,Medium
SC-12281,2024-10-17,Hamburg,Marseille,Sea,Electronics,5746.87,27.73,4.47,3.6,Rain,0.708,11.45,0,High
SC-12282,2024-03-21,Shanghai,Dubai,Air,Textiles,7351.15,71.11,1.91,3.9,Clear,0.944,1.28,1,Low
SC-12283,2024-09-13,Shanghai,Marseille,Air,Electronics,1161.91,311.65,2.58,7.9,Storm,0.741,0.5,1,Medium
SC-12284,2024-07-20,Rotterdam,Los Angeles,Sea,Automotive,2530.35,104.7,2.16,3.2,Clear,0.912,3.9,0,Medium
SC-12285,2025-10-12,Hamburg,Rotterdam,Road,Pharmaceuticals,4513.81,252.53,3.72,5.0,Hurricane,0.92,26.68,1,Medium
SC-12286,2025-07-18,Shanghai,Hamburg,Road,Electronics,14587.22,272.9,3.72,6.2,Rain,0.912,13.51,0,Medium
SC-12287,2024-10-08,Rotterdam,Marseille,Road,Textiles,5304.53,142.47,2.17,2.3,Storm,0.861,10.24,0,Medium
SC-12288,2024-05-08,Busan,Antwerp,Air,Perishables,7489.6,474.26,1.47,7.2,Fog,0.927,0.93,1,Low
SC-12289,2025-10-02,Rotterdam,Busan,Sea,Perishables,3343.42,421.39,1.24,5.5,Fog,0.694,8.89,0,Low
SC-12290,2024-11-06,Los Angeles,Busan,Sea,Textiles,9356.31,361.46,2.61,4.5,Storm,0.557,47.44,1,Medium
SC-12291,2025-09-21,Singapore,Hamburg,Sea,Perishables,4569.91,39.92,2.55,8.1,Storm,0.921,27.38,1,Medium
SC-12292,2025-06-30,Hamburg,Shanghai,Sea,Pharmaceuticals,3501.39,53.96,4.46,2.4,Clear,0.749,6.4,0,High
SC-12293,2024-04-05,Antwerp,Marseille,Sea,Automotive,7990.3,246.9,2.75,8.8,Hurricane,0.564,128.57,1,Medium
SC-12294,2025-05-29,Rotterdam,Dubai,Road,Perishables,579.83,81.2,2.05,5.6,Rain,0.558,0.81,1,Medium
SC-12295,2025-10-18,Busan,Rotterdam,Road,Textiles,611.13,489.15,4.14,6.1,Rain,0.58,0.95,1,High
SC-12296,2024-06-21,Dubai,Singapore,Sea,Pharmaceuticals,3676.5,80.1,2.82,8.8,Fog,0.875,11.94,1,Medium
SC-12297,2025-08-29,Antwerp,Dubai,Air,Automotive,1032.46,244.25,3.18,8.2,Hurricane,0.855,0.99,1,Medium
SC-12298,2025-08-17,Busan,Marseille,Air,Automotive,2066.37,182.7,1.52,6.0,Hurricane,0.602,0.83,1,Low
SC-12299,2024-06-06,Singapore,Dubai,Sea,Pharmaceuticals,5413.48,320.05,2.46,7.5,Clear,0.923,10.55,1,Medium
SC-12300,2024-06-24,Hamburg,Antwerp,Sea,Pharmaceuticals,12137.49,65.39,4.32,4.3,Clear,0.641,20.82,1,High
SC-12301,2025-11-05,Los Angeles,Marseille,Sea,Electronics,8794.71,215.73,3.15,5.5,Clear,0.896,15.06,0,Medium
SC-12302,2025-10-01,Shanghai,Los Angeles,Road,Textiles,7933.68,138.08,2.34,0.6,Rain,0.744,5.7,1,Medium
SC-12303,2025-09-11,Singapore,Antwerp,Air,Textiles,4755.59,443.99,3.26,0.9,Hurricane,0.866,2.62,1,Medium
SC-12304,2024-12-11,Los Angeles,Dubai,Rail,Pharmaceuticals,14010.43,21.25,4.2,8.3,Rain,0.691,15.61,1,High
SC-12305,2025-07-31,Dubai,Rotterdam,Road,Automotive,6256.72,456.95,2.1,0.6,Fog,0.674,5.13,0,Medium
SC-12306,2024-02-12,Antwerp,Singapore,Air,Automotive,1762.85,416.66,2.87,1.7,Rain,0.921,0.5,0,Medium
SC-12307,2024-01-30,Dubai,Los Angeles,Air,Textiles,9447.46,149.49,4.36,8.0,Clear,0.518,0.86,1,High
SC-12308,2024-03-24,Dubai,Busan,Air,Electronics,2150.66,394.86,1.77,0.0,Clear,0.987,0.5,0,Low
SC-12309,2024-02-16,Busan,Dubai,Sea,Textiles,5505.74,16.58,3.57,2.8,Storm,0.824,26.12,1,Medium
SC-12310,2025-10-18,Busan,Los Angeles,Rail,Pharmaceuticals,7857.47,483.47,3.23,5.8,Clear,0.716,7.63,0,Medium
SC-12311,2025-08-13,Busan,Singapore,Air,Electronics,13176.23,263.77,3.44,6.0,Rain,0.814,1.1,1,Medium
SC-12312,2024-09-28,Hamburg,Marseille,Road,Automotive,7656.43,152.34,2.36,7.8,Rain,0.561,8.06,1,Medium
SC-12313,2025-10-28,Rotterdam,Dubai,Road,Textiles,10682.75,181.93,2.24,5.1,Storm,0.757,23.61,0,Medium
SC-12314,2024-08-03,Hamburg,Shanghai,Rail,Perishables,14895.84,34.14,3.46,5.1,Fog,0.993,19.06,0,Medium
SC-12315,2025-08-08,Rotterdam,Dubai,Air,Perishables,2406.59,494.69,1.91,7.3,Clear,0.618,0.6,1,Low
SC-12316,2025-03-02,Hamburg,Marseille,Sea,Electronics,4483.61,20.61,2.58,5.0,Clear,0.861,7.96,0,Medium
SC-12317,2025-09-24,Los Angeles,Singapore,Air,Perishables,6221.35,327.8,1.82,6.1,Hurricane,0.717,2.79,1,Low
SC-12318,2025-10-16,Busan,Hamburg,Road,Perishables,6616.51,221.93,1.23,9.0,Storm,0.826,16.72,1,Low
SC-12319,2024-02-01,Dubai,Singapore,Rail,Perishables,6459.81,474.51,4.4,4.0,Rain,0.602,7.25,0,High
SC-12320,2025-05-24,Hamburg,Marseille,Sea,Textiles,13660.36,123.75,2.62,3.9,Rain,0.735,26.69,0,Medium
SC-12321,2025-10-04,Singapore,Busan,Air,Pharmaceuticals,10853.47,266.51,4.4,0.0,Clear,0.99,1.03,0,High
SC-12322,2025-07-12,Rotterdam,Antwerp,Rail,Pharmaceuticals,9314.63,241.7,1.66,6.1,Clear,0.598,8.21,0,Low
SC-12323,2024-10-23,Dubai,Singapore,Air,Pharmaceuticals,4985.9,351.73,3.14,0.3,Rain,0.818,0.5,0,Medium
SC-12324,2025-10-19,Hamburg,Marseille,Sea,Pharmaceuticals,12444.96,34.94,1.86,5.0,Hurricane,0.788,173.28,1,Low
SC-12325,2024-11-05,Busan,Hamburg,Sea,Textiles,14348.38,97.7,3.81,8.0,Hurricane,0.783,222.48,1,Medium
SC-12326,2025-05-09,Rotterdam,Singapore,Rail,Textiles,12407.38,108.07,3.79,5.5,Rain,0.808,12.45,1,Medium
SC-12327,2024-09-07,Rotterdam,Singapore,Sea,Textiles,522.69,369.34,1.57,2.7,Storm,0.751,2.51,0,Low
SC-12328,2025-12-02,Hamburg,Busan,Road,Perishables,9727.82,95.38,4.21,7.9,Rain,0.508,9.32,1,High
SC-12329,2025-02-19,Rotterdam,Busan,Air,Automotive,1241.46,287.17,1.84,2.7,Rain,0.95,0.59,1,Low
SC-12330,2024-10-31,Rotterdam,Busan,Rail,Electronics,4235.3,108.41,3.22,7.3,Clear,0.913,3.22,1,Medium
SC-12331,2025-04-09,Rotterdam,Marseille,Sea,Automotive,1363.11,430.95,4.45,6.1,Hurricane,0.587,20.05,1,High
SC-12332,2024-03-15,Rotterdam,Busan,Rail,Textiles,9255.03,471.15,4.11,1.7,Rain,0.707,7.68,1,High
SC-12333,2025-12-06,Los Angeles,Shanghai,Air,Electronics,10455.55,259.73,4.36,9.1,Clear,0.885,0.61,0,High
SC-12334,2024-03-02,Shanghai,Singapore,Air,Pharmaceuticals,2160.07,176.8,2.33,2.0,Fog,0.99,0.5,0,Medium
SC-12335,2024-06-10,Singapore,Dubai,Rail,Automotive,6065.66,117.79,1.55,9.9,Hurricane,0.976,51.32,1,Low
SC-12336,2025-03-26,Dubai,Singapore,Road,Perishables,7115.43,25.84,1.82,0.1,Clear,0.95,3.58,0,Low
SC-12337,2025-03-01,Rotterdam,Marseille,Air,Textiles,5851.27,134.98,2.85,2.6,Fog,0.579,0.5,1,Medium
SC-12338,2025-05-10,Busan,Rotterdam,Sea,Automotive,2254.86,327.46,3.82,2.0,Rain,0.957,3.27,0,Medium
SC-12339,2025-04-20,Hamburg,Rotterdam,Air,Perishables,6574.74,267.27,1.7,0.1,Fog,0.939,1.32,0,Low
SC-12340,2024-07-27,Dubai,Shanghai,Rail,Automotive,11392.08,472.08,3.38,7.3,Clear,0.688,11.01,1,Medium
SC-12341,2024-12-14,Rotterdam,Antwerp,Rail,Electronics,1529.61,198.74,2.27,6.9,Rain,0.697,1.79,0,Medium
SC-12342,2025-09-13,Los Angeles,Shanghai,Road,Textiles,1662.61,347.24,2.33,7.9,Hurricane,0.73,11.79,1,Medium
SC-12343,2024-05-27,Singapore,Marseille,Sea,Automotive,5644.18,245.17,3.38,2.6,Hurricane,0.828,70.84,1,Medium
SC-12344,2024-11-16,Dubai,Busan,Sea,Textiles,14155.02,256.78,2.74,4.4,Clear,0.63,24.14,1,Medium
SC-12345,2024-11-22,Dubai,Singapore,Air,Automotive,10194.3,134.62,3.88,6.6,Fog,0.511,1.12,1,Medium
SC-12346,2024-12-19,Rotterdam,Dubai,Rail,Textiles,10340.71,228.02,1.71,4.4,Rain,0.571,10.79,0,Low
SC-12347,2025-02-12,Dubai,Shanghai,Air,Textiles,5747.84,235.92,3.81,7.0,Fog,0.72,0.5,0,Medium
SC-12348,2024-05-13,Busan,Hamburg,Road,Pharmaceuticals,9108.08,353.61,1.41,6.3,Hurricane,0.641,57.01,1,Low
SC-12349,2025-01-14,Rotterdam,Los Angeles,Sea,Textiles,646.9,470.38,1.84,1.1,Clear,0.882,1.36,0,Low
SC-12350,2025-06-11,Hamburg,Singapore,Sea,Pharmaceuticals,9723.39,165.33,3.37,7.8,Fog,0.553,28.31,0,Medium
SC-12351,2025-07-29,Shanghai,Dubai,Air,Automotive,13742.66,22.06,4.02,7.2,Hurricane,0.959,7.73,1,High
SC-12352,2024-04-18,Singapore,Dubai,Road,Perishables,9382.32,248.65,2.03,6.6,Hurricane,0.948,58.63,1,Medium
SC-12353,2024-11-22,Antwerp,Rotterdam,Sea,Perishables,13168.63,272.69,2.28,1.6,Storm,0.954,59.87,1,Medium
SC-12354,2024-09-04,Busan,Dubai,Air,Pharmaceuticals,10997.61,85.05,2.97,2.7,Fog,0.87,0.64,0,Medium
SC-12355,2025-04-22,Rotterdam,Singapore,Rail,Perishables,2248.1,380.47,1.9,3.9,Fog,0.553,3.3,1,Low
SC-12356,2024-05-05,Busan,Antwerp,Air,Pharmaceuticals,13585.57,492.48,3.88,2.8,Fog,0.719,1.3,0,Medium
SC-12357,2024-09-30,Dubai,Antwerp,Road,Electronics,1463.44,472.94,3.75,2.3,Rain,0.566,0.52,0,Medium
SC-12358,2025-04-05,Rotterdam,Singapore,Rail,Textiles,8242.53,99.36,1.68,8.1,Clear,0.994,8.66,1,Low
SC-12359,2024-09-10,Singapore,Shanghai,Rail,Automotive,2560.99,437.81,2.73,6.4,Clear,0.667,2.47,0,Medium
SC-12360,2024-05-24,Dubai,Los Angeles,Rail,Perishables,669.75,352.54,3.76,5.7,Clear,0.793,1.26,0,Medium
SC-12361,2024-04-09,Hamburg,Rotterdam,Road,Perishables,6619.5,227.47,2.31,2.3,Storm,0.89,13.06,0,Medium
SC-12362,2024-02-21,Busan,Hamburg,Rail,Pharmaceuticals,4778.09,270.76,3.29,9.2,Rain,0.96,6.16,1,Medium
SC-12363,2024-10-24,Hamburg,Shanghai,Air,Textiles,7547.01,424.95,1.37,1.9,Clear,0.878,0.5,0,Low
SC-12364,2025-01-28,Rotterdam,Marseille,Air,Pharmaceuticals,8869.4,240.59,3.21,7.9,Storm,0.837,1.69,1,Medium
SC-12365,2025-09-22,Busan,Marseille,Sea,Automotive,1134.22,187.23,1.7,9.7,Clear,0.733,1.7,1,Low
SC-12366,2025-03-04,Dubai,Singapore,Rail,Automotive,2283.55,247.13,3.94,7.3,Clear,0.803,1.97,0,Medium
SC-12367,2024-09-11,Shanghai,Hamburg,Sea,Pharmaceuticals,8600.31,289.99,2.37,9.9,Fog,0.547,27.05,1,Medium
SC-12368,2024-06-12,Busan,Los Angeles,Air,Automotive,5475.93,95.35,2.13,6.5,Clear,0.942,0.5,0,Medium
SC-12369,2024-12-01,Singapore,Antwerp,Sea,Automotive,11073.02,450.55,3.97,2.2,Fog,0.772,26.01,1,Medium
SC-12370,2025-08-14,Rotterdam,Marseille,Air,Electronics,9958.23,337.42,1.37,2.0,Clear,0.52,0.5,0,Low
SC-12371,2024-11-16,Shanghai,Singapore,Road,Textiles,12761.26,317.0,2.51,3.2,Fog,0.96,13.69,0,Medium
SC-12372,2024-07-13,Hamburg,Marseille,Sea,Perishables,10541.15,50.65,2.42,0.1,Rain,0.745,18.29,0,Medium
SC-12373,2024-06-12,Singapore,Hamburg,Road,Pharmaceuticals,6734.0,302.48,2.14,6.8,Storm,0.934,16.63,1,Medium
SC-12374,2025-05-25,Antwerp,Dubai,Sea,Textiles,10258.02,61.36,4.21,2.7,Hurricane,0.928,129.12,1,High
SC-12375,2025-06-11,Los Angeles,Shanghai,Rail,Pharmaceuticals,4493.03,40.27,3.68,8.2,Storm,0.908,12.11,1,Medium
SC-12376,2025-04-23,Busan,Dubai,Air,Pharmaceuticals,4941.55,264.13,1.41,3.6,Clear,0.531,0.59,1,Low
SC-12377,2025-05-25,Dubai,Busan,Road,Pharmaceuticals,11940.28,201.99,3.56,4.8,Hurricane,0.624,70.44,1,Medium
SC-12378,2024-11-11,Shanghai,Marseille,Air,Automotive,6973.08,294.82,2.94,9.7,Hurricane,0.938,3.82,1,Medium
SC-12379,2025-05-24,Dubai,Busan,Road,Electronics,12076.51,45.52,4.17,2.4,Storm,0.949,23.9,0,High
SC-12380,2024-01-24,Singapore,Shanghai,Rail,Electronics,12425.12,216.06,2.23,7.2,Clear,0.729,12.46,0,Medium
SC-12381,2024-04-02,Los Angeles,Shanghai,Sea,Textiles,12934.65,88.22,3.09,7.6,Rain,0.72,29.13,0,Medium
SC-12382,2025-02-06,Los Angeles,Shanghai,Air,Pharmaceuticals,13791.21,493.56,2.85,2.2,Rain,0.588,1.19,0,Medium
SC-12383,2025-06-01,Hamburg,Rotterdam,Sea,Automotive,6749.29,281.01,2.82,5.0,Fog,0.984,17.69,1,Medium
SC-12384,2025-04-13,Los Angeles,Shanghai,Road,Perishables,5123.57,344.03,2.71,3.5,Clear,0.607,3.41,1,Medium
SC-12385,2024-09-03,Singapore,Rotterdam,Sea,Pharmaceuticals,8941.88,163.38,1.88,7.7,Hurricane,0.595,138.02,1,Low
SC-12386,2024-08-08,Shanghai,Dubai,Road,Automotive,5882.0,48.27,3.69,6.2,Storm,0.83,14.59,1,Medium
SC-12387,2025-08-20,Busan,Singapore,Road,Perishables,9215.58,487.96,2.69,4.8,Clear,0.621,6.64,1,Medium
SC-12388,2024-12-27,Shanghai,Rotterdam,Sea,Pharmaceuticals,10731.0,143.84,4.36,7.8,Clear,0.969,20.59,0,High
SC-12389,2024-02-19,Antwerp,Singapore,Road,Textiles,10481.87,212.48,2.06,2.4,Hurricane,0.505,56.09,1,Medium
SC-12390,2024-02-21,Los Angeles,Marseille,Air,Perishables,5931.02,325.28,3.45,7.5,Clear,0.503,0.88,0,Medium
SC-12391,2024-10-15,Busan,Dubai,Air,Pharmaceuticals,2919.47,13.32,4.3,8.7,Hurricane,0.752,1.68,1,High
SC-12392,2025-05-21,Dubai,Busan,Air,Textiles,6742.68,405.32,3.39,8.8,Storm,0.744,1.36,1,Medium
SC-12393,2025-09-03,Singapore,Shanghai,Rail,Automotive,2567.62,268.75,4.08,7.8,Storm,0.582,6.34,1,High
SC-12394,2025-10-31,Dubai,Los Angeles,Sea,Pharmaceuticals,13406.41,139.83,3.93,4.1,Storm,0.747,66.87,1,Medium
SC-12395,2025-11-19,Antwerp,Hamburg,Rail,Electronics,5515.22,31.74,2.39,9.8,Storm,0.706,16.56,1,Medium
SC-12396,2025-04-26,Rotterdam,Los Angeles,Rail,Electronics,2739.67,82.09,3.18,3.8,Storm,0.945,7.13,1,Medium
SC-12397,2024-10-19,Antwerp,Rotterdam,Rail,Pharmaceuticals,868.99,447.62,1.72,6.4,Fog,0.505,1.07,0,Low
SC-12398,2025-07-03,Dubai,Hamburg,Air,Pharmaceuticals,9864.42,343.33,2.97,1.6,Hurricane,0.988,4.3,1,Medium
SC-12399,2024-01-09,Antwerp,Singapore,Sea,Pharmaceuticals,9735.08,125.7,1.96,9.8,Fog,0.812,30.22,1,Low
SC-12400,2024-04-20,Dubai,Antwerp,Air,Automotive,5438.76,33.73,3.65,7.0,Rain,0.576,0.5,0,Medium
SC-12401,2025-03-17,Singapore,Hamburg,Rail,Electronics,1539.82,345.62,2.94,7.5,Hurricane,0.523,12.55,1,Medium
SC-12402,2024-05-17,Hamburg,Rotterdam,Sea,Automotive,6439.62,286.63,2.56,0.7,Fog,0.769,14.51,1,Medium
SC-12403,2024-09-27,Dubai,Hamburg,Air,Textiles,5012.65,202.86,2.09,7.6,Storm,0.617,1.89,1,Medium
SC-12404,2025-01-09,Dubai,Rotterdam,Sea,Textiles,10318.25,182.44,4.5,7.7,Storm,0.651,59.99,1,High
SC-12405,2025-02-16,Hamburg,Dubai,Sea,Pharmaceuticals,9283.8,109.19,1.44,6.7,Fog,0.623,25.82,1,Low
SC-12406,2025-01-09,Busan,Antwerp,Sea,Textiles,5786.61,335.14,1.34,2.9,Clear,0.825,10.02,1,Low
SC-12407,2024-02-16,Shanghai,Los Angeles,Rail,Electronics,3659.44,485.36,1.92,4.9,Hurricane,0.777,24.97,1,Low
SC-12408,2025-02-14,Los Angeles,Marseille,Road,Electronics,14826.52,88.68,4.4,1.1,Rain,0.539,10.74,0,High
SC-12409,2024-02-22,Busan,Hamburg,Road,Textiles,7083.02,298.96,4.43,4.7,Fog,0.763,7.51,0,High
SC-12410,2025-08-06,Antwerp,Los Angeles,Road,Perishables,10479.98,212.67,3.36,2.4,Fog,0.896,10.76,0,Medium
SC-12411,2025-07-29,Busan,Rotterdam,Rail,Perishables,2538.02,223.9,4.1,3.5,Fog,0.541,2.72,0,High
SC-12412,2024-07-18,Hamburg,Marseille,Road,Pharmaceuticals,7541.05,127.82,1.91,1.6,Clear,0.945,4.78,0,Low
SC-12413,2025-01-06,Rotterdam,Hamburg,Rail,Perishables,899.28,412.74,4.41,2.3,Rain,0.789,0.5,1,High
SC-12414,2025-07-20,Antwerp,Busan,Sea,Electronics,7829.1,243.14,1.67,0.8,Fog,0.975,17.18,0,Low
SC-12415,2024-10-22,Antwerp,Hamburg,Rail,Pharmaceuticals,14478.25,272.16,1.53,9.2,Fog,0.574,21.26,1,Low
SC-12416,2024-03-16,Rotterdam,Shanghai,Road,Perishables,6071.0,153.08,1.57,5.3,Clear,0.997,4.11,0,Low
SC-12417,2025-01-30,Shanghai,Busan,Rail,Perishables,1065.44,91.72,3.09,4.0,Hurricane,0.822,7.7,1,Medium
SC-12418,2025-05-31,Rotterdam,Dubai,Rail,Electronics,948.86,43.87,3.78,5.4,Hurricane,0.784,7.27,1,Medium
SC-12419,2025-04-06,Los Angeles,Dubai,Rail,Automotive,6125.81,357.35,2.41,6.3,Fog,0.758,8.57,1,Medium
SC-12420,2025-07-17,Hamburg,Dubai,Road,Automotive,2820.36,98.92,4.43,9.2,Rain,0.512,3.08,1,High
SC-12421,2024-10-13,Busan,Marseille,Air,Electronics,838.61,345.35,2.63,1.8,Fog,0.97,0.5,1,Medium
SC-12422,2025-09-30,Dubai,Rotterdam,Air,Textiles,11465.1,195.8,1.7,3.0,Rain,0.822,0.5,1,Low
SC-12423,2025-11-27,Shanghai,Singapore,Rail,Automotive,7148.58,208.47,2.74,9.8,Hurricane,0.546,58.91,1,Medium
SC-12424,2025-09-17,Antwerp,Marseille,Road,Perishables,4694.05,235.12,3.44,3.7,Storm,0.51,9.18,1,Medium
SC-12425,2024-05-01,Shanghai,Rotterdam,Sea,Pharmaceuticals,13551.21,184.49,3.95,0.2,Fog,0.525,28.68,0,Medium
SC-12426,2024-05-11,Singapore,Los Angeles,Air,Pharmaceuticals,2184.01,51.21,2.71,1.5,Clear,0.805,0.5,0,Medium
SC-12427,2024-04-09,Antwerp,Marseille,Rail,Electronics,14360.82,155.51,3.16,0.3,Rain,0.807,11.66,0,Medium
SC-12428,2025-02-07,Hamburg,Dubai,Road,Perishables,5052.52,332.2,2.08,9.9,Fog,0.75,7.53,1,Medium
SC-12429,2025-01-17,Antwerp,Hamburg,Road,Automotive,13381.85,333.23,3.33,2.8,Fog,0.653,13.92,0,Medium
SC-12430,2024-12-13,Rotterdam,Los Angeles,Sea,Electronics,9242.67,143.83,4.45,9.2,Fog,0.766,28.49,1,High
SC-12431,2025-07-25,Busan,Dubai,Sea,Electronics,12487.26,230.59,1.36,10.0,Hurricane,0.758,207.59,1,Low
SC-12432,2025-01-09,Rotterdam,Hamburg,Sea,Pharmaceuticals,14768.19,97.53,4.13,6.0,Rain,0.51,32.0,1,High
SC-12433,2024-05-27,Los Angeles,Shanghai,Sea,Textiles,4681.88,105.98,3.06,0.3,Clear,0.641,6.92,1,Medium
SC-12434,2024-07-22,Rotterdam,Los Angeles,Sea,Electronics,14436.46,12.5,2.03,0.8,Storm,0.527,62.68,0,Medium
SC-12435,2025-09-08,Antwerp,Hamburg,Sea,Electronics,6147.49,448.48,4.35,4.8,Storm,0.95,32.58,1,High
SC-12436,2025-06-05,Hamburg,Los Angeles,Sea,Electronics,6089.92,106.14,2.8,4.1,Fog,0.863,15.16,0,Medium
SC-12437,2025-02-15,Busan,Marseille,Air,Textiles,5435.61,114.54,2.29,6.1,Rain,0.998,0.5,1,Medium
SC-12438,2025-05-27,Singapore,Hamburg,Sea,Pharmaceuticals,8350.41,140.52,1.8,4.4,Fog,0.651,21.53,1,Low
SC-12439,2024-02-11,Hamburg,Singapore,Road,Pharmaceuticals,2735.1,64.58,2.01,9.3,Clear,0.939,1.76,1,Medium
SC-12440,2024-02-16,Hamburg,Shanghai,Air,Automotive,8528.82,319.99,3.95,5.3,Rain,0.802,1.14,1,Medium
SC-12441,2024-02-09,Busan,Rotterdam,Sea,Pharmaceuticals,8354.72,38.5,3.23,6.9,Hurricane,0.727,124.38,1,Medium
SC-12442,2024-05-20,Busan,Marseille,Road,Textiles,11547.58,67.97,4.21,9.0,Hurricane,0.611,79.96,1,High
SC-12443,2025-12-31,Los Angeles,Rotterdam,Road,Textiles,12587.92,322.73,1.97,1.5,Fog,0.869,11.74,0,Low
SC-12444,2024-12-07,Singapore,Busan,Rail,Pharmaceuticals,6886.4,170.49,1.6,2.3,Storm,0.952,16.23,1,Low
SC-12445,2025-04-30,Singapore,Dubai,Sea,Pharmaceuticals,4883.83,354.27,1.22,1.1,Clear,0.618,7.6,0,Low
SC-12446,2025-06-15,Rotterdam,Dubai,Road,Pharmaceuticals,4260.36,279.15,2.88,1.4,Rain,0.588,3.33,1,Medium
SC-12447,2025-04-12,Hamburg,Antwerp,Air,Automotive,3322.05,128.75,4.49,5.1,Rain,0.848,0.5,0,High
SC-12448,2024-06-01,Hamburg,Singapore,Road,Perishables,1335.89,325.76,3.49,3.2,Rain,0.988,0.66,0,Medium
SC-12449,2025-09-12,Busan,Dubai,Sea,Electronics,5465.5,59.02,2.22,4.2,Storm,0.875,27.23,1,Medium
SC-12450,2025-06-11,Shanghai,Marseille,Sea,Electronics,4418.59,268.67,4.09,9.8,Fog,0.642,12.78,0,High
SC-12451,2024-05-23,Hamburg,Dubai,Sea,Textiles,14513.05,219.14,3.78,1.6,Clear,0.71,22.3,0,Medium
SC-12452,2024-12-01,Antwerp,Singapore,Rail,Pharmaceuticals,8586.78,134.67,1.25,5.4,Storm,0.692,22.78,1,Low
SC-12453,2025-09-19,Rotterdam,Marseille,Road,Perishables,5535.52,302.4,3.9,1.0,Storm,0.926,9.81,1,Medium
SC-12454,2024-11-22,Busan,Antwerp,Sea,Electronics,8916.78,435.8,2.19,3.2,Fog,0.886,22.26,0,Medium
SC-12455,2024-06-15,Los Angeles,Busan,Air,Electronics,2518.35,499.45,1.69,5.3,Fog,0.794,0.5,1,Low
SC-12456,2025-02-06,Singapore,Dubai,Sea,Perishables,6938.63,304.27,1.95,9.5,Rain,0.637,17.16,0,Low
SC-12457,2025-09-23,Shanghai,Dubai,Sea,Electronics,9580.4,202.95,2.75,3.9,Fog,0.969,23.45,0,Medium
SC-12458,2024-11-02,Hamburg,Shanghai,Rail,Textiles,7589.02,113.38,2.6,0.6,Fog,0.827,7.15,0,Medium
SC-12459,2025-08-30,Busan,Rotterdam,Sea,Pharmaceuticals,6325.79,129.29,2.15,3.9,Rain,0.985,11.91,0,Medium
SC-12460,2024-12-10,Shanghai,Dubai,Road,Perishables,14910.8,240.25,1.77,1.5,Rain,0.79,11.2,0,Low
SC-12461,2025-06-03,Dubai,Hamburg,Sea,Perishables,13264.56,184.27,3.72,2.3,Clear,0.911,20.99,0,Medium
SC-12462,2025-06-05,Busan,Rotterdam,Air,Electronics,9539.39,456.99,4.47,6.2,Storm,0.907,2.12,1,High
SC-12463,2025-06-29,Antwerp,Busan,Sea,Automotive,8755.97,184.78,3.77,0.7,Clear,0.669,12.64,1,Medium
SC-12464,2025-05-16,Hamburg,Rotterdam,Road,Perishables,9499.58,187.35,2.18,4.6,Clear,0.982,5.96,0,Medium
SC-12465,2025-12-26,Busan,Singapore,Road,Automotive,3419.03,192.38,2.01,6.1,Fog,0.511,4.62,1,Medium
SC-12466,2025-07-30,Shanghai,Busan,Sea,Perishables,6229.5,418.47,1.92,4.2,Fog,0.884,15.83,0,Low
SC-12467,2024-11-02,Dubai,Busan,Air,Electronics,1072.16,325.74,1.65,0.2,Clear,0.983,0.5,0,Low
SC-12468,2025-05-01,Singapore,Antwerp,Sea,Perishables,7395.42,307.47,3.02,9.9,Storm,0.669,46.56,1,Medium
SC-12469,2024-01-18,Hamburg,Antwerp,Road,Electronics,8373.86,167.74,3.2,3.7,Rain,0.824,7.7,1,Medium
SC-12470,2025-01-12,Rotterdam,Busan,Air,Perishables,3802.37,409.13,3.53,7.8,Clear,0.781,0.85,0,Medium
SC-12471,2024-12-05,Singapore,Los Angeles,Rail,Perishables,14478.42,20.14,3.44,3.3,Storm,0.881,34.95,1,Medium
SC-12472,2025-11-20,Rotterdam,Hamburg,Sea,Pharmaceuticals,13687.09,435.53,2.16,4.8,Rain,0.933,27.73,0,Medium
SC-12473,2024-04-22,Dubai,Marseille,Sea,Perishables,10971.08,256.86,2.29,3.9,Storm,0.802,55.09,1,Medium
SC-12474,2025-03-02,Busan,Dubai,Rail,Automotive,8234.11,199.73,3.45,3.4,Hurricane,0.908,52.9,1,Medium
SC-12475,2025-08-20,Rotterdam,Busan,Rail,Pharmaceuticals,13114.55,249.09,2.35,0.2,Rain,0.656,12.02,0,Medium
SC-12476,2024-11-11,Dubai,Antwerp,Rail,Textiles,2394.46,334.04,1.9,3.6,Clear,0.614,1.98,1,Low
SC-12477,2025-12-05,Rotterdam,Hamburg,Road,Automotive,11962.39,7.37,2.44,8.9,Hurricane,0.715,81.77,1,Medium
SC-12478,2025-10-06,Singapore,Marseille,Rail,Electronics,2309.9,435.9,2.1,6.9,Fog,0.839,2.62,0,Medium
SC-12479,2024-01-28,Hamburg,Los Angeles,Air,Electronics,12016.05,223.92,1.49,1.5,Hurricane,0.594,4.73,1,Low
SC-12480,2025-09-03,Dubai,Shanghai,Road,Textiles,4498.63,172.14,3.94,5.9,Fog,0.84,5.27,1,Medium
SC-12481,2025-04-30,Antwerp,Marseille,Air,Automotive,13217.81,69.98,4.02,8.9,Rain,0.697,1.19,0,High
SC-12482,2024-09-28,Dubai,Antwerp,Sea,Pharmaceuticals,14188.61,220.29,1.93,7.0,Fog,0.898,39.29,0,Low
SC-12483,2025-11-02,Singapore,Hamburg,Air,Perishables,2657.54,248.67,1.41,1.5,Storm,0.518,0.5,1,Low
SC-12484,2025-08-15,Hamburg,Antwerp,Sea,Pharmaceuticals,7208.8,202.42,3.64,8.7,Fog,0.834,20.85,0,Medium
SC-12485,2025-08-14,Hamburg,Singapore,Sea,Pharmaceuticals,14724.32,339.65,1.9,3.0,Clear,0.825,23.83,0,Low
SC-12486,2024-08-21,Shanghai,Rotterdam,Road,Automotive,7509.41,211.03,2.5,4.5,Storm,0.97,16.43,1,Medium
SC-12487,2024-02-22,Los Angeles,Rotterdam,Air,Perishables,13021.44,480.75,1.41,5.3,Fog,0.857,1.1,0,Low
SC-12488,2025-08-20,Rotterdam,Hamburg,Rail,Electronics,9036.61,300.04,1.95,8.5,Storm,0.898,26.19,1,Low
SC-12489,2025-05-06,Shanghai,Los Angeles,Rail,Perishables,5942.28,403.93,3.82,9.3,Fog,0.952,8.92,1,Medium
SC-12490,2024-06-23,Rotterdam,Marseille,Road,Perishables,4643.86,55.57,3.85,9.3,Hurricane,0.838,32.19,1,Medium
SC-12491,2025-06-20,Dubai,Rotterdam,Road,Pharmaceuticals,3446.73,199.25,1.88,0.1,Hurricane,0.645,16.64,1,Low
SC-12492,2025-10-06,Dubai,Marseille,Road,Pharmaceuticals,11546.07,169.09,2.31,9.2,Fog,0.935,15.14,1,Medium
SC-12493,2025-09-26,Hamburg,Singapore,Rail,Electronics,6104.84,285.17,1.64,0.5,Hurricane,0.874,35.23,1,Low
SC-12494,2025-01-24,Hamburg,Shanghai,Road,Pharmaceuticals,7913.49,430.7,1.44,2.7,Hurricane,0.712,42.45,1,Low
SC-12495,2024-05-31,Dubai,Hamburg,Sea,Pharmaceuticals,7638.72,40.09,4.47,5.1,Fog,0.855,19.08,0,High
SC-12496,2025-11-28,Shanghai,Rotterdam,Air,Perishables,8870.55,37.21,3.36,4.8,Clear,0.934,1.07,0,Medium
SC-12497,2024-09-05,Dubai,Marseille,Sea,Electronics,13050.87,425.31,2.99,6.0,Rain,0.988,27.86,0,Medium
SC-12498,2024-02-02,Rotterdam,Busan,Sea,Electronics,14720.72,107.21,3.73,4.8,Fog,0.976,37.47,1,Medium
SC-12499,2025-08-09,Singapore,Antwerp,Rail,Textiles,6409.97,334.71,3.97,9.3,Hurricane,0.663,52.23,1,Medium
SC-12500,2025-12-18,Rotterdam,Marseille,Air,Automotive,12499.02,271.9,3.86,2.4,Hurricane,0.711,5.99,1,Medium
SC-12501,2024-04-22,Hamburg,Busan,Air,Automotive,11585.65,416.61,1.25,2.7,Rain,0.555,0.56,0,Low
SC-12502,2024-07-14,Dubai,Singapore,Road,Electronics,8816.17,63.42,1.82,9.2,Clear,0.624,7.39,0,Low
SC-12503,2024-01-20,Busan,Rotterdam,Air,Perishables,14362.68,65.76,3.36,0.8,Clear,0.941,0.58,0,Medium
SC-12504,2025-03-27,Antwerp,Los Angeles,Road,Automotive,3406.88,278.85,2.44,6.1,Storm,0.68,8.65,1,Medium
SC-12505,2024-11-17,Dubai,Rotterdam,Rail,Pharmaceuticals,2084.33,473.24,4.44,6.8,Hurricane,0.81,15.53,1,High
SC-12506,2025-03-04,Rotterdam,Hamburg,Road,Pharmaceuticals,12882.45,208.08,3.4,5.1,Rain,0.833,11.04,1,Medium
SC-12507,2024-06-04,Shanghai,Hamburg,Road,Electronics,6867.67,164.14,4.36,6.9,Fog,0.891,7.78,1,High
SC-12508,2025-02-26,Los Angeles,Shanghai,Road,Perishables,12781.05,303.74,1.86,1.7,Hurricane,0.591,65.99,1,Low
SC-12509,2025-12-08,Rotterdam,Marseille,Air,Automotive,13449.81,465.29,4.05,8.5,Rain,0.652,1.32,1,High
SC-12510,2024-07-27,Los Angeles,Marseille,Sea,Automotive,1405.64,418.63,2.26,1.4,Fog,0.724,3.38,1,Medium
SC-12511,2025-02-24,Los Angeles,Marseille,Rail,Automotive,13310.24,497.75,4.47,4.0,Rain,0.682,13.38,0,High
SC-12512,2025-05-28,Shanghai,Antwerp,Sea,Electronics,7000.63,12.26,1.72,0.8,Clear,0.991,9.67,0,Low
SC-12513,2025-09-18,Antwerp,Shanghai,Air,Pharmaceuticals,7901.27,57.32,2.9,5.5,Storm,0.917,1.36,1,Medium
SC-12514,2025-04-27,Busan,Los Angeles,Air,Perishables,9585.59,305.12,3.82,6.7,Hurricane,0.74,5.7,1,Medium
SC-12515,2024-03-04,Shanghai,Rotterdam,Road,Pharmaceuticals,13932.55,410.47,2.63,9.4,Rain,0.94,14.06,1,Medium
SC-12516,2025-12-23,Shanghai,Dubai,Sea,Perishables,777.18,143.34,2.74,7.4,Rain,0.674,1.54,1,Medium
SC-12517,2024-05-21,Rotterdam,Singapore,Sea,Perishables,7414.23,120.37,4.45,5.4,Hurricane,0.893,104.97,1,High
SC-12518,2025-06-15,Singapore,Busan,Sea,Perishables,10471.97,393.7,2.6,9.3,Clear,0.612,21.76,1,Medium
SC-12519,2024-07-31,Busan,Rotterdam,Rail,Textiles,10979.25,29.13,3.19,4.8,Rain,0.886,11.24,0,Medium
SC-12520,2025-07-28,Dubai,Marseille,Road,Automotive,10541.72,185.32,1.38,5.6,Fog,0.728,11.85,0,Low
SC-12521,2024-11-28,Hamburg,Shanghai,Road,Perishables,2449.31,253.4,3.98,6.0,Clear,0.554,1.23,0,Medium
SC-12522,2025-11-09,Dubai,Busan,Road,Perishables,4841.24,280.61,3.34,4.1,Fog,0.637,5.47,0,Medium
SC-12523,2025-05-04,Rotterdam,Antwerp,Sea,Electronics,5701.38,364.58,2.53,8.4,Storm,0.701,34.37,1,Medium
SC-12524,2025-06-22,Busan,Los Angeles,Rail,Perishables,12164.34,178.07,1.25,1.9,Hurricane,0.875,75.12,1,Low
SC-12525,2025-01-20,Dubai,Busan,Rail,Pharmaceuticals,4542.02,306.73,3.15,5.5,Rain,0.536,5.03,1,Medium
SC-12526,2024-11-17,Rotterdam,Antwerp,Sea,Automotive,3555.22,293.1,1.24,7.2,Storm,0.83,20.14,1,Low
SC-12527,2024-06-26,Hamburg,Busan,Sea,Textiles,14383.0,274.26,1.2,9.0,Clear,0.858,28.55,1,Low
SC-12528,2025-04-15,Singapore,Los Angeles,Sea,Automotive,628.52,320.6,3.23,8.8,Clear,0.827,0.5,0,Medium
SC-12529,2025-06-29,Shanghai,Marseille,Sea,Pharmaceuticals,14968.4,130.47,1.82,5.1,Storm,0.88,78.32,1,Low
SC-12530,2024-12-16,Los Angeles,Antwerp,Road,Textiles,10313.91,43.24,1.83,6.4,Clear,0.589,9.29,0,Low
SC-12531,2025-07-13,Rotterdam,Marseille,Road,Electronics,12512.8,60.52,3.36,3.9,Fog,0.794,14.01,1,Medium
SC-12532,2024-12-28,Rotterdam,Dubai,Road,Automotive,4771.98,113.07,1.38,4.7,Rain,0.971,4.76,0,Low
SC-12533,2025-11-23,Los Angeles,Rotterdam,Sea,Perishables,707.57,250.6,2.23,9.1,Hurricane,0.805,11.55,1,Medium
SC-12534,2025-11-28,Hamburg,Antwerp,Rail,Electronics,11199.11,420.38,1.69,9.3,Clear,0.806,11.58,0,Low
SC-12535,2025-10-20,Rotterdam,Dubai,Sea,Perishables,12595.1,350.95,3.11,9.0,Clear,0.868,24.11,1,Medium
SC-12536,2025-12-10,Los Angeles,Hamburg,Sea,Automotive,11236.9,394.73,3.38,1.4,Hurricane,0.667,133.87,1,Medium
SC-12537,2024-09-27,Rotterdam,Antwerp,Rail,Automotive,2571.33,176.14,3.58,8.5,Fog,0.85,3.53,1,Medium
SC-12538,2025-09-16,Shanghai,Antwerp,Air,Electronics,11424.7,202.92,2.04,9.5,Rain,0.958,0.7,1,Medium
SC-12539,2025-05-10,Antwerp,Shanghai,Sea,Textiles,11649.38,197.45,1.49,3.6,Rain,0.505,22.76,0,Low
SC-12540,2024-07-15,Shanghai,Dubai,Rail,Textiles,10048.84,96.74,1.46,5.2,Hurricane,0.935,70.13,1,Low
SC-12541,2024-09-09,Shanghai,Busan,Sea,Perishables,11608.68,31.55,2.61,7.8,Rain,0.609,26.53,1,Medium
SC-12542,2024-10-12,Singapore,Marseille,Rail,Electronics,12765.86,295.87,4.32,5.6,Storm,0.728,34.08,1,High
SC-12543,2025-07-25,Busan,Los Angeles,Air,Electronics,9397.26,494.62,1.92,9.9,Fog,0.926,0.82,1,Low
SC-12544,2024-11-01,Antwerp,Rotterdam,Sea,Perishables,1784.77,84.25,2.05,4.6,Clear,0.912,3.09,1,Medium
SC-12545,2024-08-18,Singapore,Los Angeles,Rail,Textiles,7570.6,24.3,1.53,7.1,Hurricane,0.946,56.33,1,Low
SC-12546,2024-10-31,Los Angeles,Dubai,Air,Textiles,1625.92,389.99,3.2,7.9,Rain,0.97,0.5,0,Medium
SC-12547,2024-10-22,Shanghai,Dubai,Sea,Textiles,6409.37,127.04,3.44,4.9,Clear,0.724,10.55,0,Medium
SC-12548,2025-12-22,Singapore,Dubai,Rail,Pharmaceuticals,6403.04,414.99,3.32,8.6,Clear,0.828,6.03,0,Medium
SC-12549,2024-07-31,Singapore,Marseille,Sea,Pharmaceuticals,1457.14,352.26,4.04,5.5,Hurricane,0.695,20.68,1,High
SC-12550,2025-12-07,Busan,Antwerp,Rail,Automotive,5557.9,472.89,2.81,4.1,Clear,0.675,3.85,1,Medium
SC-12551,2025-12-22,Shanghai,Marseille,Road,Pharmaceuticals,2109.47,205.05,1.64,1.1,Fog,0.716,1.57,0,Low
SC-12552,2025-05-15,Hamburg,Los Angeles,Road,Electronics,12219.41,331.32,2.16,3.9,Hurricane,0.872,69.92,1,Medium
SC-12553,2024-11-20,Singapore,Rotterdam,Road,Pharmaceuticals,14241.48,232.96,3.39,7.3,Fog,0.751,16.68,1,Medium
SC-12554,2025-05-06,Shanghai,Busan,Air,Automotive,1548.59,315.66,3.22,9.2,Clear,0.907,1.01,0,Medium
SC-12555,2024-12-23,Hamburg,Los Angeles,Sea,Textiles,14349.17,225.35,2.95,2.5,Fog,0.873,34.26,0,Medium
SC-12556,2025-07-27,Singapore,Marseille,Air,Pharmaceuticals,8077.36,95.13,3.45,3.6,Storm,0.51,1.24,1,Medium
SC-12557,2024-10-07,Shanghai,Los Angeles,Road,Perishables,4843.7,254.44,3.3,1.5,Fog,0.815,4.26,0,Medium
SC-12558,2024-10-21,Shanghai,Hamburg,Road,Automotive,1614.5,264.76,4.11,6.9,Hurricane,0.718,10.44,1,High
SC-12559,2024-05-04,Los Angeles,Antwerp,Sea,Automotive,7759.05,405.49,3.13,9.6,Hurricane,0.728,126.88,1,Medium
SC-12560,2025-08-10,Los Angeles,Shanghai,Road,Automotive,12020.48,368.02,3.77,6.4,Hurricane,0.909,74.58,1,Medium
SC-12561,2025-11-23,Rotterdam,Dubai,Road,Electronics,10752.75,332.23,2.02,6.2,Storm,0.774,24.9,1,Medium
SC-12562,2025-07-10,Dubai,Antwerp,Rail,Perishables,1228.28,57.58,3.44,5.5,Hurricane,0.943,8.65,1,Medium
SC-12563,2025-01-23,Singapore,Rotterdam,Sea,Pharmaceuticals,1557.08,360.59,4.18,0.9,Fog,0.856,3.43,0,High
SC-12564,2025-02-08,Shanghai,Antwerp,Road,Pharmaceuticals,6341.66,250.65,2.47,7.3,Storm,0.776,15.15,1,Medium
SC-12565,2024-12-19,Rotterdam,Marseille,Road,Automotive,4781.71,447.16,3.77,6.0,Hurricane,0.877,30.26,1,Medium
SC-12566,2024-05-29,Hamburg,Marseille,Sea,Automotive,3869.57,460.02,3.59,6.6,Hurricane,0.519,56.47,1,Medium
SC-12567,2024-10-24,Dubai,Hamburg,Air,Perishables,4574.57,28.52,1.4,9.0,Fog,0.514,0.5,0,Low
SC-12568,2024-02-13,Dubai,Antwerp,Air,Automotive,12150.5,410.5,3.12,7.8,Hurricane,0.542,7.29,1,Medium
SC-12569,2024-10-21,Rotterdam,Busan,Road,Pharmaceuticals,13973.81,19.81,1.63,7.8,Hurricane,0.719,91.94,1,Low
SC-12570,2024-03-21,Los Angeles,Singapore,Rail,Textiles,6373.99,184.22,4.39,9.3,Clear,0.618,5.88,0,High
SC-12571,2024-12-20,Shanghai,Hamburg,Sea,Perishables,13638.61,271.61,3.88,9.9,Storm,0.992,85.02,0,Medium
SC-12572,2025-03-28,Shanghai,Antwerp,Road,Textiles,5161.69,74.9,1.56,5.8,Rain,0.771,4.23,1,Low
SC-12573,2025-11-02,Singapore,Rotterdam,Road,Automotive,7408.34,373.41,1.6,1.1,Rain,0.831,5.51,1,Low
SC-12574,2024-09-19,Los Angeles,Rotterdam,Rail,Perishables,3777.42,5.17,3.16,4.6,Clear,0.639,2.88,0,Medium
SC-12575,2025-05-05,Los Angeles,Antwerp,Air,Textiles,9786.9,85.13,2.34,7.9,Fog,0.661,0.63,1,Medium
SC-12576,2024-08-07,Hamburg,Shanghai,Air,Electronics,14695.23,290.82,1.32,0.3,Clear,0.668,0.5,0,Low
SC-12577,2024-07-25,Rotterdam,Busan,Air,Pharmaceuticals,9250.65,357.48,2.99,0.6,Clear,0.849,0.57,0,Medium
SC-12578,2025-07-05,Singapore,Shanghai,Rail,Automotive,5688.3,458.4,2.48,0.7,Storm,0.737,11.62,1,Medium
SC-12579,2024-10-04,Shanghai,Dubai,Road,Automotive,9893.35,353.04,1.53,7.3,Hurricane,0.759,64.25,1,Low
SC-12580,2025-07-29,Los Angeles,Shanghai,Air,Textiles,2282.35,336.22,3.85,5.0,Fog,0.796,0.5,1,Medium
SC-12581,2025-12-13,Busan,Antwerp,Air,Automotive,13385.56,197.78,4.22,3.7,Storm,0.884,2.37,1,High
SC-12582,2024-10-05,Dubai,Singapore,Rail,Pharmaceuticals,7794.72,1.64,3.7,1.1,Fog,0.545,8.47,0,Medium
SC-12583,2024-05-20,Rotterdam,Marseille,Sea,Perishables,7015.57,60.96,3.91,7.3,Storm,0.888,40.03,1,Medium
SC-12584,2024-04-21,Busan,Dubai,Road,Pharmaceuticals,8995.04,267.74,1.91,3.2,Hurricane,0.782,49.34,1,Low
SC-12585,2025-09-22,Shanghai,Rotterdam,Sea,Perishables,9559.37,337.89,2.07,2.7,Clear,0.835,15.66,0,Medium
SC-12586,2025-08-23,Rotterdam,Antwerp,Sea,Textiles,1540.75,209.31,1.89,6.5,Hurricane,0.664,21.78,1,Low
SC-12587,2024-09-02,Dubai,Busan,Rail,Textiles,10397.95,365.61,3.72,5.6,Hurricane,0.705,73.8,1,Medium
SC-12588,2024-09-05,Antwerp,Singapore,Air,Electronics,4008.01,261.41,4.33,3.6,Hurricane,0.616,2.39,1,High
SC-12589,2024-02-21,Antwerp,Busan,Road,Automotive,10852.31,38.01,3.57,6.4,Clear,0.99,8.77,1,Medium
SC-12590,2025-11-16,Los Angeles,Antwerp,Air,Perishables,12426.75,96.82,4.11,2.7,Clear,0.749,0.5,0,High
SC-12591,2025-06-27,Los Angeles,Antwerp,Sea,Pharmaceuticals,12157.4,420.16,3.31,7.9,Fog,0.998,34.99,1,Medium
SC-12592,2024-08-19,Antwerp,Singapore,Air,Pharmaceuticals,8511.26,362.73,2.48,2.3,Clear,0.745,0.5,0,Medium
SC-12593,2025-10-15,Shanghai,Hamburg,Road,Textiles,8042.46,447.49,2.61,1.6,Fog,0.61,8.05,1,Medium
SC-12594,2024-08-26,Dubai,Antwerp,Sea,Perishables,2571.7,59.66,1.45,7.8,Rain,0.754,5.59,0,Low
SC-12595,2024-02-23,Shanghai,Hamburg,Road,Automotive,11742.52,495.12,1.3,7.1,Storm,0.52,28.52,1,Low
SC-12596,2024-04-12,Busan,Shanghai,Air,Electronics,4435.44,105.49,3.5,1.8,Fog,0.952,0.51,0,Medium
SC-12597,2025-02-27,Shanghai,Busan,Sea,Electronics,7702.08,6.88,2.65,1.2,Rain,0.909,14.77,0,Medium
SC-12598,2024-12-04,Rotterdam,Dubai,Sea,Electronics,4621.97,498.71,3.02,8.4,Clear,0.863,9.27,1,Medium
SC-12599,2025-04-28,Busan,Marseille,Road,Textiles,2440.51,141.26,3.04,7.8,Fog,0.805,2.62,0,Medium
SC-12600,2024-04-12,Dubai,Marseille,Sea,Automotive,9628.59,334.34,2.12,3.3,Rain,0.79,17.94,0,Medium
SC-12601,2025-11-28,Hamburg,Dubai,Air,Pharmaceuticals,1287.81,89.16,2.77,6.6,Clear,0.998,0.5,0,Medium
SC-12602,2024-05-20,Singapore,Shanghai,Sea,Textiles,11355.36,290.53,2.75,1.2,Rain,0.639,20.04,0,Medium
SC-12603,2024-01-06,Shanghai,Rotterdam,Rail,Automotive,5105.01,452.11,2.48,5.1,Hurricane,0.89,34.45,1,Medium
SC-12604,2025-07-17,Dubai,Antwerp,Sea,Automotive,501.95,160.77,3.91,0.2,Fog,0.791,0.7,0,Medium
SC-12605,2024-06-10,Busan,Antwerp,Sea,Perishables,7911.37,335.46,2.69,3.9,Storm,0.988,39.57,1,Medium
SC-12606,2025-02-20,Shanghai,Marseille,Air,Automotive,1179.35,94.76,3.19,0.7,Storm,0.914,0.5,1,Medium
SC-12607,2025-10-30,Antwerp,Rotterdam,Rail,Pharmaceuticals,4504.46,312.77,4.16,4.8,Fog,0.999,6.29,0,High
SC-12608,2025-05-02,Hamburg,Singapore,Road,Electronics,10751.16,168.89,4.06,4.2,Rain,0.794,8.52,0,High
SC-12609,2025-05-03,Busan,Dubai,Air,Perishables,1409.0,106.39,4.14,4.4,Fog,0.602,0.5,1,High
SC-12610,2025-10-28,Hamburg,Marseille,Sea,Automotive,12670.41,157.28,2.09,0.5,Clear,0.752,18.45,0,Medium
SC-12611,2024-07-23,Busan,Los Angeles,Sea,Pharmaceuticals,555.39,90.24,1.32,3.6,Fog,0.856,1.84,0,Low
SC-12612,2024-10-21,Los Angeles,Busan,Road,Automotive,4078.95,451.06,2.06,7.6,Hurricane,0.887,25.99,1,Medium
SC-12613,2024-11-24,Antwerp,Marseille,Sea,Textiles,11243.11,199.2,2.12,3.7,Storm,0.5,55.64,0,Medium
SC-12614,2024-10-19,Hamburg,Singapore,Rail,Textiles,5085.92,123.39,4.2,7.2,Hurricane,0.753,38.02,1,High
SC-12615,2025-10-23,Antwerp,Busan,Sea,Electronics,1977.44,224.76,3.34,3.7,Fog,0.618,4.18,1,Medium
SC-12616,2024-03-01,Los Angeles,Hamburg,Sea,Electronics,5723.39,160.95,1.47,4.2,Rain,0.937,11.35,0,Low
SC-12617,2024-04-01,Shanghai,Singapore,Road,Textiles,4420.7,372.47,1.65,5.6,Fog,0.576,4.61,0,Low
SC-12618,2025-10-29,Busan,Shanghai,Rail,Pharmaceuticals,12719.32,485.64,1.71,9.5,Hurricane,0.833,104.71,1,Low
SC-12619,2025-08-10,Dubai,Busan,Rail,Perishables,5043.54,219.58,3.28,1.1,Hurricane,0.633,29.8,1,Medium
SC-12620,2024-08-25,Rotterdam,Busan,Air,Textiles,11939.52,430.66,3.63,0.3,Clear,0.678,0.5,0,Medium
SC-12621,2025-07-01,Singapore,Dubai,Air,Electronics,13432.15,283.37,4.04,6.1,Clear,0.97,0.55,0,High
SC-12622,2024-02-08,Busan,Singapore,Sea,Automotive,6790.35,79.46,4.3,9.5,Hurricane,0.62,111.06,1,High
SC-12623,2024-06-28,Shanghai,Dubai,Road,Perishables,13694.18,345.62,1.87,9.9,Rain,0.548,14.59,1,Low
SC-12624,2025-03-03,Antwerp,Hamburg,Rail,Electronics,5971.11,257.2,2.22,4.8,Hurricane,0.535,41.71,1,Medium
SC-12625,2024-06-29,Busan,Antwerp,Air,Automotive,14479.14,325.65,1.99,4.7,Hurricane,0.752,7.79,1,Low
SC-12626,2024-02-07,Shanghai,Dubai,Road,Perishables,1794.7,444.95,2.38,6.4,Hurricane,0.821,11.33,1,Medium
SC-12627,2025-02-10,Shanghai,Hamburg,Rail,Perishables,10461.78,220.78,4.22,5.6,Hurricane,0.664,74.14,1,High
SC-12628,2025-05-22,Rotterdam,Singapore,Road,Electronics,7660.3,450.69,3.1,6.3,Clear,0.845,5.12,1,Medium
SC-12629,2024-07-09,Antwerp,Hamburg,Sea,Automotive,6120.91,375.58,3.64,8.7,Fog,0.531,18.97,0,Medium
SC-12630,2024-10-23,Antwerp,Rotterdam,Air,Pharmaceuticals,9674.32,244.81,2.82,7.5,Hurricane,0.929,5.31,1,Medium
SC-12631,2024-02-08,Shanghai,Hamburg,Sea,Perishables,10705.93,302.01,1.3,5.0,Rain,0.908,23.05,1,Low
SC-12632,2024-01-10,Rotterdam,Dubai,Sea,Textiles,563.27,163.46,1.41,4.6,Clear,0.993,1.06,1,Low
SC-12633,2024-11-01,Shanghai,Antwerp,Rail,Textiles,2920.82,491.82,2.98,6.4,Clear,0.968,3.69,1,Medium
SC-12634,2025-08-04,Dubai,Singapore,Sea,Automotive,10839.17,334.01,3.57,4.6,Rain,0.678,22.48,1,Medium
SC-12635,2025-09-09,Los Angeles,Busan,Road,Automotive,10162.59,22.88,1.91,4.6,Clear,0.7,6.72,0,Low
SC-12636,2024-04-19,Dubai,Marseille,Road,Pharmaceuticals,14507.69,163.98,3.58,0.2,Fog,0.873,12.75,0,Medium
SC-12637,2024-12-09,Los Angeles,Hamburg,Rail,Perishables,11535.05,312.03,3.88,1.7,Clear,0.567,8.62,0,Medium
SC-12638,2024-10-18,Antwerp,Singapore,Road,Electronics,14286.2,29.11,2.56,4.9,Fog,0.657,15.43,1,Medium
SC-12639,2025-04-10,Shanghai,Marseille,Sea,Perishables,10686.84,12.92,3.66,8.2,Fog,0.559,31.23,1,Medium
SC-12640,2025-10-18,Los Angeles,Dubai,Air,Perishables,4821.76,225.56,2.53,2.8,Storm,0.727,0.5,1,Medium
SC-12641,2025-07-10,Antwerp,Singapore,Air,Electronics,2027.79,167.01,3.44,5.2,Rain,0.776,0.5,0,Medium
SC-12642,2025-06-20,Busan,Antwerp,Road,Textiles,11836.45,219.71,3.72,3.4,Rain,0.606,10.03,0,Medium
SC-12643,2025-05-20,Hamburg,Los Angeles,Sea,Perishables,9840.16,132.08,4.47,1.0,Clear,0.513,13.88,1,High
SC-12644,2024-05-17,Hamburg,Rotterdam,Rail,Automotive,1198.7,83.19,2.34,9.6,Fog,0.86,2.82,0,Medium
SC-12645,2025-05-31,Antwerp,Shanghai,Road,Perishables,5720.73,344.88,2.56,8.5,Rain,0.51,5.86,1,Medium
SC-12646,2025-04-24,Dubai,Shanghai,Sea,Automotive,14373.6,257.77,1.75,0.8,Rain,0.987,24.49,1,Low
SC-12647,2024-10-06,Busan,Rotterdam,Sea,Perishables,7755.82,100.88,1.87,7.2,Fog,0.611,21.16,0,Low
SC-12648,2024-07-16,Antwerp,Rotterdam,Air,Perishables,6774.57,160.48,3.49,3.5,Clear,0.832,0.5,1,Medium
SC-12649,2024-04-25,Busan,Marseille,Road,Pharmaceuticals,7136.64,296.31,4.23,9.9,Rain,0.717,7.5,1,High
SC-12650,2024-12-04,Hamburg,Antwerp,Rail,Perishables,3528.8,37.04,2.5,3.0,Clear,0.53,3.21,1,Medium
SC-12651,2024-06-15,Rotterdam,Hamburg,Air,Pharmaceuticals,5846.25,74.58,1.79,2.4,Fog,0.736,0.5,0,Low
SC-12652,2025-04-14,Busan,Dubai,Road,Perishables,5862.29,37.55,2.14,5.7,Hurricane,0.758,35.25,1,Medium
SC-12653,2025-10-25,Shanghai,Busan,Air,Textiles,1259.15,406.35,2.7,8.4,Hurricane,0.927,1.58,1,Medium
SC-12654,2024-09-20,Shanghai,Los Angeles,Road,Electronics,11629.73,376.45,2.16,1.9,Storm,0.866,22.98,1,Medium
SC-12655,2024-07-09,Hamburg,Busan,Road,Automotive,6539.31,376.9,1.97,7.1,Storm,0.54,15.69,1,Low
SC-12656,2024-01-15,Busan,Singapore,Road,Automotive,12421.61,358.45,3.63,0.6,Hurricane,0.605,61.05,1,Medium
SC-12657,2024-12-11,Busan,Shanghai,Sea,Electronics,12830.05,335.02,1.23,9.2,Clear,0.656,26.24,1,Low
SC-12658,2024-10-29,Los Angeles,Dubai,Rail,Textiles,3573.91,239.02,2.98,0.8,Clear,0.558,1.87,1,Medium
SC-12659,2025-08-04,Rotterdam,Dubai,Sea,Automotive,10031.63,321.5,3.82,9.1,Storm,0.728,60.98,1,Medium
SC-12660,2025-11-21,Singapore,Marseille,Rail,Textiles,7348.09,20.14,2.08,4.9,Hurricane,0.992,50.62,1,Medium
SC-12661,2024-07-16,Shanghai,Rotterdam,Air,Textiles,13262.27,311.11,3.19,4.5,Clear,0.757,1.1,0,Medium
SC-12662,2024-06-28,Singapore,Shanghai,Sea,Textiles,3628.24,389.16,3.41,9.7,Rain,0.871,8.62,1,Medium
SC-12663,2025-09-17,Shanghai,Antwerp,Rail,Electronics,10328.29,250.68,3.36,9.9,Fog,0.841,15.78,0,Medium
SC-12664,2025-10-16,Busan,Shanghai,Sea,Electronics,9312.41,179.4,2.67,6.5,Rain,0.925,21.4,0,Medium
SC-12665,2025-02-19,Singapore,Dubai,Road,Pharmaceuticals,4781.87,139.44,2.34,1.3,Hurricane,0.608,24.83,1,Medium
SC-12666,2025-03-13,Rotterdam,Hamburg,Sea,Perishables,2480.71,321.76,3.96,5.1,Storm,0.877,11.3,1,Medium
SC-12667,2025-06-11,Antwerp,Marseille,Rail,Perishables,9948.78,346.71,3.7,5.3,Storm,0.941,26.79,1,Medium
SC-12668,2024-12-01,Dubai,Antwerp,Road,Pharmaceuticals,11209.66,435.61,2.26,5.1,Storm,0.586,25.13,1,Medium
SC-12669,2024-03-29,Rotterdam,Singapore,Sea,Textiles,5076.6,171.82,1.54,5.7,Hurricane,0.673,72.11,1,Low
SC-12670,2025-02-14,Hamburg,Rotterdam,Road,Electronics,9850.07,385.12,1.44,0.2,Storm,0.985,17.25,0,Low
SC-12671,2025-11-16,Shanghai,Hamburg,Air,Electronics,6229.4,281.12,1.51,7.1,Hurricane,0.89,3.04,1,Low
SC-12672,2024-04-07,Shanghai,Marseille,Air,Textiles,10841.5,441.54,3.12,7.1,Rain,0.641,0.58,1,Medium
SC-12673,2024-07-08,Busan,Antwerp,Road,Automotive,3388.62,264.38,1.37,1.2,Storm,0.782,5.84,0,Low
SC-12674,2024-05-23,Busan,Shanghai,Rail,Automotive,13408.12,259.3,2.31,5.7,Fog,0.702,17.27,0,Medium
SC-12675,2025-05-03,Los Angeles,Marseille,Air,Electronics,4667.44,289.36,3.69,5.7,Rain,0.745,0.5,0,Medium
SC-12676,2024-11-27,Hamburg,Marseille,Rail,Perishables,5832.9,374.91,2.17,6.8,Hurricane,0.678,43.62,1,Medium
SC-12677,2024-09-11,Busan,Hamburg,Road,Textiles,1342.33,482.38,3.72,0.9,Hurricane,0.64,6.69,1,Medium
SC-12678,2024-01-07,Busan,Los Angeles,Rail,Perishables,2116.93,37.71,3.66,6.3,Hurricane,0.837,15.72,1,Medium
SC-12679,2024-09-24,Hamburg,Singapore,Sea,Electronics,7980.0,27.66,2.01,2.8,Clear,0.889,12.61,0,Medium
SC-12680,2025-01-27,Dubai,Marseille,Road,Automotive,4380.09,468.84,3.61,5.1,Rain,0.937,3.27,0,Medium
SC-12681,2024-08-29,Singapore,Busan,Road,Pharmaceuticals,12614.46,265.41,3.67,7.7,Fog,0.578,15.87,1,Medium
SC-12682,2025-04-02,Singapore,Los Angeles,Air,Automotive,713.05,307.84,2.51,7.1,Storm,0.911,0.5,1,Medium
SC-12683,2024-09-30,Antwerp,Marseille,Rail,Perishables,5996.86,241.73,1.89,1.2,Rain,0.627,5.62,1,Low
SC-12684,2024-12-03,Shanghai,Hamburg,Sea,Perishables,5391.51,47.74,2.92,5.9,Hurricane,0.714,77.03,1,Medium
SC-12685,2024-11-05,Antwerp,Rotterdam,Road,Electronics,780.25,384.28,4.24,9.7,Rain,0.951,0.5,1,High
SC-12686,2025-08-19,Busan,Hamburg,Rail,Automotive,2303.34,373.87,3.31,1.6,Rain,0.727,1.89,0,Medium
SC-12687,2025-08-09,Dubai,Singapore,Road,Electronics,6497.82,156.54,1.77,8.5,Storm,0.599,16.89,1,Low
SC-12688,2024-01-12,Antwerp,Marseille,Road,Pharmaceuticals,7646.54,153.81,3.45,7.0,Storm,0.58,18.54,1,Medium
SC-12689,2024-09-24,Busan,Rotterdam,Air,Pharmaceuticals,6362.2,419.08,2.61,7.7,Clear,0.736,0.5,0,Medium
SC-12690,2025-10-31,Busan,Hamburg,Rail,Perishables,8198.6,37.11,3.15,2.8,Fog,0.881,10.69,0,Medium
SC-12691,2025-01-03,Singapore,Hamburg,Road,Automotive,9129.41,440.67,3.62,2.9,Storm,0.999,17.73,0,Medium
SC-12692,2025-12-10,Singapore,Marseille,Sea,Perishables,643.9,129.07,2.9,9.1,Clear,0.894,0.78,1,Medium
SC-12693,2024-08-29,Rotterdam,Antwerp,Rail,Textiles,7229.38,296.9,3.89,3.6,Hurricane,0.939,46.85,1,Medium
SC-12694,2024-03-04,Hamburg,Los Angeles,Road,Textiles,14470.74,468.06,3.58,0.6,Rain,0.874,9.78,1,Medium
SC-12695,2025-11-14,Rotterdam,Singapore,Rail,Pharmaceuticals,8025.97,339.38,3.23,6.0,Storm,0.948,21.38,1,Medium
SC-12696,2024-05-01,Busan,Antwerp,Air,Pharmaceuticals,10324.36,207.8,1.7,1.2,Hurricane,0.538,4.91,1,Low
SC-12697,2025-04-21,Antwerp,Rotterdam,Sea,Electronics,5022.03,345.08,3.96,8.0,Clear,0.965,9.46,0,Medium
SC-12698,2024-11-10,Rotterdam,Hamburg,Road,Perishables,11722.87,172.65,4.29,6.4,Storm,0.698,27.48,1,High
SC-12699,2024-06-12,Hamburg,Marseille,Sea,Perishables,11707.36,139.35,1.65,8.7,Fog,0.961,34.2,1,Low
SC-12700,2025-02-19,Antwerp,Busan,Air,Perishables,8058.79,498.34,2.81,7.8,Fog,0.538,0.5,1,Medium
SC-12701,2025-12-03,Busan,Dubai,Rail,Pharmaceuticals,14652.2,375.64,2.05,1.1,Rain,0.858,12.66,0,Medium
SC-12702,2025-05-29,Shanghai,Marseille,Sea,Electronics,2320.48,322.72,3.69,3.8,Clear,0.868,4.16,0,Medium
SC-12703,2025-12-21,Busan,Los Angeles,Road,Perishables,745.74,178.29,3.58,7.7,Rain,0.998,0.5,0,Medium
SC-12704,2024-11-14,Busan,Los Angeles,Air,Perishables,11667.29,25.53,1.66,4.2,Rain,0.884,0.65,1,Low
SC-12705,2025-12-07,Busan,Singapore,Air,Electronics,12203.76,16.5,4.09,9.7,Fog,0.691,1.96,1,High
SC-12706,2024-04-30,Rotterdam,Dubai,Rail,Textiles,2243.0,277.54,1.8,7.4,Clear,0.779,1.91,0,Low
SC-12707,2025-10-16,Singapore,Los Angeles,Air,Pharmaceuticals,4350.95,381.25,3.83,0.2,Clear,0.683,0.5,0,Medium
SC-12708,2024-10-29,Antwerp,Shanghai,Road,Pharmaceuticals,754.51,269.15,2.71,8.8,Hurricane,0.598,5.81,1,Medium
SC-12709,2025-01-11,Hamburg,Marseille,Rail,Pharmaceuticals,4752.97,420.55,2.28,1.0,Fog,0.624,5.57,1,Medium
SC-12710,2025-09-21,Busan,Marseille,Air,Perishables,11710.56,17.68,1.72,1.4,Rain,0.611,1.22,1,Low
SC-12711,2024-08-14,Antwerp,Marseille,Sea,Perishables,8010.43,184.01,1.75,7.3,Hurricane,0.774,120.82,1,Low
SC-12712,2024-08-12,Dubai,Marseille,Air,Perishables,5547.39,119.3,3.38,8.6,Hurricane,0.953,4.07,1,Medium
SC-12713,2024-05-16,Hamburg,Antwerp,Rail,Textiles,5890.22,224.19,3.02,5.4,Storm,0.956,15.18,1,Medium
SC-12714,2025-05-04,Dubai,Busan,Road,Automotive,519.63,37.12,1.6,2.9,Storm,0.527,0.81,1,Low
SC-12715,2024-06-05,Singapore,Marseille,Air,Electronics,4847.11,477.11,1.57,3.5,Storm,0.54,0.54,1,Low
SC-12716,2025-04-10,Singapore,Dubai,Sea,Textiles,9873.65,112.4,1.44,3.4,Clear,0.623,16.54,0,Low
SC-12717,2025-09-12,Singapore,Dubai,Road,Electronics,14625.82,461.23,3.65,3.3,Rain,0.628,12.06,1,Medium
SC-12718,2025-01-17,Rotterdam,Dubai,Air,Textiles,12782.38,213.52,3.55,2.4,Hurricane,0.547,6.21,1,Medium
SC-12719,2025-03-01,Dubai,Marseille,Rail,Perishables,842.13,492.78,1.39,6.1,Storm,0.694,2.33,1,Low
SC-12720,2025-12-19,Dubai,Busan,Road,Textiles,13529.13,277.48,3.05,9.0,Storm,0.794,34.99,1,Medium
SC-12721,2025-07-16,Singapore,Rotterdam,Road,Textiles,11856.38,465.49,1.48,3.1,Rain,0.789,9.3,0,Low
SC-12722,2025-04-27,Dubai,Busan,Air,Perishables,11815.45,3.67,4.18,1.9,Clear,0.772,1.58,0,High
SC-12723,2025-07-04,Antwerp,Busan,Road,Automotive,7140.94,374.37,4.19,8.4,Storm,0.669,17.37,1,High
SC-12724,2025-11-11,Shanghai,Los Angeles,Sea,Pharmaceuticals,6271.08,451.62,3.5,7.4,Fog,0.853,18.12,1,Medium
SC-12725,2024-08-11,Antwerp,Rotterdam,Road,Textiles,4892.28,70.72,4.26,9.3,Rain,0.913,5.31,1,High
SC-12726,2024-09-10,Dubai,Antwerp,Sea,Automotive,1452.58,48.97,3.88,1.7,Clear,0.673,2.76,0,Medium
SC-12727,2025-11-27,Dubai,Hamburg,Sea,Textiles,3809.41,212.86,3.93,1.4,Hurricane,0.543,46.07,1,Medium
SC-12728,2025-09-02,Antwerp,Marseille,Sea,Electronics,4075.75,466.91,3.08,5.4,Rain,0.648,8.56,1,Medium
SC-12729,2024-03-24,Dubai,Singapore,Rail,Perishables,7519.12,271.65,2.21,6.1,Clear,0.569,7.09,1,Medium
SC-12730,2025-06-22,Singapore,Shanghai,Sea,Perishables,11337.94,264.2,1.92,4.8,Fog,0.734,30.17,1,Low
SC-12731,2025-04-02,Los Angeles,Busan,Air,Pharmaceuticals,7370.24,71.42,2.28,6.0,Hurricane,0.578,3.96,1,Medium
SC-12732,2025-06-24,Los Angeles,Dubai,Sea,Textiles,1338.74,1.39,3.27,1.8,Fog,0.731,2.51,1,Medium
SC-12733,2025-12-21,Los Angeles,Shanghai,Air,Perishables,14387.95,405.26,1.77,4.8,Hurricane,0.611,7.24,1,Low
SC-12734,2025-01-05,Hamburg,Los Angeles,Rail,Pharmaceuticals,14169.5,44.7,2.05,6.6,Storm,0.869,38.58,1,Medium
SC-12735,2024-03-20,Shanghai,Dubai,Air,Automotive,11885.25,317.29,2.74,4.3,Hurricane,0.514,6.21,1,Medium
SC-12736,2025-07-31,Shanghai,Hamburg,Air,Pharmaceuticals,14874.25,457.39,1.97,6.8,Clear,0.777,1.57,1,Low
SC-12737,2024-04-24,Hamburg,Marseille,Road,Textiles,8394.99,105.12,3.14,4.5,Hurricane,0.585,48.93,1,Medium
SC-12738,2024-03-04,Shanghai,Dubai,Sea,Textiles,14460.14,332.97,4.25,3.3,Fog,0.5,34.34,1,High
SC-12739,2025-07-14,Dubai,Busan,Air,Textiles,1596.27,40.27,3.67,3.0,Storm,0.935,0.8,0,Medium
SC-12740,2025-06-01,Rotterdam,Busan,Air,Perishables,5802.37,302.27,3.4,4.1,Storm,0.836,0.5,0,Medium
SC-12741,2024-07-26,Singapore,Marseille,Road,Perishables,3768.03,82.8,3.12,0.2,Hurricane,0.549,17.38,1,Medium
SC-12742,2025-08-09,Dubai,Rotterdam,Road,Electronics,3339.58,368.24,2.81,6.7,Hurricane,0.832,21.13,1,Medium
SC-12743,2025-07-03,Singapore,Rotterdam,Sea,Automotive,2541.64,151.31,1.82,8.5,Fog,0.806,7.66,0,Low
SC-12744,2024-06-02,Busan,Dubai,Rail,Automotive,9525.0,232.23,4.15,3.5,Rain,0.737,9.56,1,High
SC-12745,2024-06-17,Antwerp,Marseille,Air,Electronics,11829.17,300.12,2.02,0.5,Storm,0.71,1.86,1,Medium
SC-12746,2024-12-01,Antwerp,Marseille,Air,Automotive,8885.33,86.47,1.5,9.9,Clear,0.944,1.57,1,Low
SC-12747,2025-06-16,Hamburg,Singapore,Sea,Textiles,2630.96,371.08,3.68,2.6,Hurricane,0.623,33.12,1,Medium
SC-12748,2025-03-28,Singapore,Hamburg,Rail,Pharmaceuticals,12261.29,152.02,1.78,1.3,Hurricane,0.699,72.95,1,Low
SC-12749,2024-04-29,Busan,Marseille,Rail,Pharmaceuticals,9721.34,331.52,2.43,3.7,Hurricane,0.665,64.39,1,Medium
SC-12750,2025-11-27,Singapore,Los Angeles,Sea,Electronics,6128.4,79.98,1.29,7.4,Rain,0.886,13.34,1,Low
SC-12751,2024-07-29,Dubai,Antwerp,Road,Perishables,10274.89,344.37,1.65,2.9,Clear,0.958,6.93,0,Low
SC-12752,2025-08-20,Antwerp,Rotterdam,Rail,Electronics,4268.62,64.97,1.77,5.7,Fog,0.925,6.79,0,Low
SC-12753,2025-05-15,Antwerp,Marseille,Sea,Automotive,5505.29,213.25,1.38,4.2,Fog,0.899,13.6,0,Low
SC-12754,2024-04-03,Dubai,Shanghai,Air,Textiles,13803.54,124.36,3.37,1.2,Rain,0.993,0.58,0,Medium
SC-12755,2025-06-06,Shanghai,Marseille,Rail,Perishables,4712.32,374.44,3.96,3.3,Storm,0.849,11.52,0,Medium
SC-12756,2025-04-01,Busan,Antwerp,Rail,Electronics,7314.83,131.76,2.43,7.2,Clear,0.876,6.69,0,Medium
SC-12757,2024-02-26,Shanghai,Los Angeles,Rail,Textiles,13407.05,440.98,4.09,6.1,Fog,0.991,17.84,1,High
SC-12758,2025-04-09,Los Angeles,Marseille,Road,Perishables,10761.96,446.02,1.9,1.2,Fog,0.503,9.94,1,Low
SC-12759,2024-05-15,Dubai,Shanghai,Air,Perishables,1401.95,99.02,2.27,1.6,Hurricane,0.817,1.35,1,Medium
SC-12760,2025-06-09,Busan,Hamburg,Rail,Electronics,2635.89,307.31,1.7,6.4,Clear,0.869,2.35,0,Low
SC-12761,2025-03-01,Dubai,Rotterdam,Sea,Perishables,613.7,44.77,3.25,8.1,Clear,0.959,0.53,0,Medium
SC-12762,2025-04-12,Rotterdam,Marseille,Sea,Perishables,9648.37,196.38,2.59,3.5,Rain,0.942,18.13,0,Medium
SC-12763,2025-07-31,Hamburg,Antwerp,Road,Pharmaceuticals,6991.26,356.95,3.22,6.0,Rain,0.921,7.58,0,Medium
SC-12764,2024-02-29,Dubai,Antwerp,Rail,Pharmaceuticals,2446.99,330.05,3.71,1.7,Hurricane,0.973,14.64,1,Medium
SC-12765,2025-07-26,Antwerp,Dubai,Sea,Electronics,14390.04,312.73,3.0,3.1,Fog,0.769,34.86,0,Medium
SC-12766,2025-04-18,Los Angeles,Marseille,Air,Electronics,8180.07,141.99,3.27,0.2,Rain,0.503,0.5,0,Medium
SC-12767,2025-11-19,Busan,Antwerp,Rail,Perishables,4007.45,189.63,4.29,7.7,Fog,0.506,5.94,1,High
SC-12768,2024-11-11,Shanghai,Hamburg,Rail,Pharmaceuticals,7758.75,52.37,2.19,4.0,Fog,0.772,10.43,0,Medium
SC-12769,2024-01-23,Los Angeles,Dubai,Sea,Textiles,10354.49,359.79,2.39,8.2,Clear,0.718,19.92,0,Medium
SC-12770,2025-02-09,Hamburg,Dubai,Road,Electronics,1605.47,252.44,3.57,7.1,Fog,0.726,2.17,1,Medium
SC-12771,2024-09-17,Hamburg,Shanghai,Road,Perishables,4483.21,354.67,3.22,8.3,Rain,0.7,3.83,1,Medium
SC-12772,2024-01-04,Singapore,Dubai,Sea,Pharmaceuticals,12201.0,125.22,1.79,2.9,Clear,0.959,20.38,1,Low
SC-12773,2024-08-11,Hamburg,Antwerp,Road,Textiles,7165.14,162.89,2.44,1.9,Fog,0.68,7.12,0,Medium
SC-12774,2025-08-15,Antwerp,Los Angeles,Road,Textiles,8425.37,167.77,2.74,9.7,Rain,0.928,8.74,1,Medium
SC-12775,2024-03-15,Los Angeles,Antwerp,Sea,Pharmaceuticals,6775.83,13.85,2.58,7.2,Storm,0.951,38.21,1,Medium
SC-12776,2024-02-16,Shanghai,Busan,Air,Textiles,1136.55,171.18,1.79,8.3,Clear,0.75,0.5,1,Low
SC-12777,2025-03-09,Shanghai,Busan,Rail,Textiles,2903.37,401.85,4.25,0.1,Rain,0.723,2.21,0,High
SC-12778,2024-12-18,Dubai,Hamburg,Sea,Electronics,6960.35,448.75,3.72,3.5,Storm,0.881,32.92,0,Medium
SC-12779,2025-12-18,Hamburg,Busan,Sea,Textiles,3533.19,259.59,2.79,7.4,Rain,0.854,8.03,1,Medium
SC-12780,2024-03-06,Shanghai,Rotterdam,Road,Textiles,1224.7,228.3,3.44,0.8,Rain,0.664,0.84,0,Medium
SC-12781,2025-07-08,Busan,Rotterdam,Road,Pharmaceuticals,12732.92,16.38,4.16,5.7,Rain,0.551,11.92,1,High
SC-12782,2024-03-02,Antwerp,Marseille,Air,Perishables,14727.29,439.72,1.65,4.3,Storm,0.632,2.53,1,Low
SC-12783,2024-03-11,Los Angeles,Hamburg,Sea,Electronics,12000.57,7.49,2.03,0.2,Clear,0.566,16.43,1,Medium
SC-12784,2025-04-28,Dubai,Singapore,Rail,Textiles,12879.88,472.43,2.99,2.4,Hurricane,0.647,79.99,1,Medium
SC-12785,2024-02-02,Shanghai,Dubai,Sea,Pharmaceuticals,4008.67,245.12,3.84,2.8,Hurricane,0.631,50.08,1,Medium
SC-12786,2024-10-20,Hamburg,Busan,Road,Perishables,14429.09,171.63,1.32,1.1,Rain,0.819,10.95,0,Low
SC-12787,2025-02-22,Hamburg,Rotterdam,Rail,Automotive,3355.42,462.18,4.45,6.3,Clear,0.977,2.14,0,High
SC-12788,2024-07-03,Antwerp,Shanghai,Road,Pharmaceuticals,14295.73,13.17,2.7,2.4,Fog,0.843,14.87,1,Medium
SC-12789,2024-05-18,Dubai,Antwerp,Sea,Pharmaceuticals,14924.88,291.13,2.39,2.8,Rain,0.963,28.67,1,Medium
SC-12790,2025-10-18,Los Angeles,Antwerp,Air,Perishables,10819.98,274.92,2.17,9.0,Rain,0.892,0.52,0,Medium
SC-12791,2025-10-23,Antwerp,Marseille,Rail,Electronics,14726.58,110.44,1.78,4.7,Rain,0.864,15.47,1,Low
SC-12792,2025-03-06,Antwerp,Marseille,Air,Perishables,8758.33,215.01,3.81,3.9,Fog,0.707,0.87,1,Medium
SC-12793,2025-01-18,Hamburg,Los Angeles,Road,Electronics,4263.36,326.48,4.35,7.2,Storm,0.662,9.86,1,High
SC-12794,2025-01-26,Busan,Singapore,Road,Textiles,6836.44,363.84,2.57,9.1,Storm,0.923,16.75,1,Medium
SC-12795,2025-04-04,Rotterdam,Los Angeles,Rail,Perishables,9106.63,1.36,4.34,0.3,Clear,0.953,6.56,1,High
SC-12796,2025-01-21,Singapore,Rotterdam,Road,Automotive,1559.68,468.49,3.92,4.5,Clear,0.726,0.74,0,Medium
SC-12797,2025-01-19,Rotterdam,Shanghai,Air,Textiles,9523.98,83.1,2.79,6.1,Hurricane,0.505,5.73,1,Medium
SC-12798,2024-03-23,Busan,Antwerp,Road,Automotive,14727.08,117.56,3.42,3.2,Clear,0.896,10.17,0,Medium
SC-12799,2025-11-30,Los Angeles,Singapore,Road,Pharmaceuticals,3256.56,132.47,2.64,7.7,Storm,0.643,7.71,1,Medium
SC-12800,2025-11-08,Busan,Dubai,Rail,Perishables,11992.63,19.87,3.04,9.7,Storm,0.505,38.02,1,Medium
SC-12801,2025-07-06,Hamburg,Los Angeles,Road,Textiles,13664.53,62.4,1.39,9.4,Storm,0.902,36.2,1,Low
SC-12802,2024-05-16,Antwerp,Rotterdam,Rail,Automotive,14183.67,493.19,3.5,2.7,Rain,0.759,11.56,0,Medium
SC-12803,2025-10-31,Singapore,Busan,Sea,Pharmaceuticals,14421.97,158.29,1.37,2.3,Storm,0.843,66.65,1,Low
SC-12804,2024-12-22,Los Angeles,Shanghai,Rail,Electronics,8061.16,58.54,3.9,9.6,Hurricane,0.957,65.53,1,Medium
SC-12805,2024-05-01,Dubai,Marseille,Rail,Pharmaceuticals,14670.96,54.39,3.92,4.6,Storm,0.771,37.17,0,Medium
SC-12806,2024-07-01,Busan,Singapore,Rail,Textiles,11481.0,360.01,1.98,2.1,Rain,0.752,10.49,0,Low
SC-12807,2025-07-04,Rotterdam,Antwerp,Rail,Textiles,2844.24,427.43,2.27,7.1,Clear,0.645,2.85,0,Medium
SC-12808,2025-02-06,Los Angeles,Marseille,Sea,Pharmaceuticals,7415.05,129.22,2.79,2.8,Rain,0.653,14.25,0,Medium
SC-12809,2025-06-25,Rotterdam,Marseille,Sea,Electronics,10915.8,11.43,3.17,2.7,Storm,0.898,52.1,1,Medium
SC-12810,2024-05-10,Hamburg,Busan,Sea,Pharmaceuticals,4086.43,112.32,2.15,8.8,Rain,0.725,10.12,1,Medium
SC-12811,2024-08-16,Antwerp,Dubai,Air,Automotive,9788.92,29.2,3.16,1.6,Storm,0.582,1.94,1,Medium
SC-12812,2024-01-04,Antwerp,Los Angeles,Air,Automotive,10165.71,52.59,2.18,0.6,Clear,0.547,0.65,0,Medium
SC-12813,2024-01-24,Dubai,Rotterdam,Sea,Textiles,2859.15,216.32,1.38,2.7,Hurricane,0.736,36.69,1,Low
SC-12814,2024-11-01,Shanghai,Busan,Road,Electronics,8693.74,115.73,1.21,6.1,Storm,0.732,20.08,1,Low
SC-12815,2025-04-19,Los Angeles,Marseille,Rail,Electronics,11688.59,258.46,1.53,1.2,Fog,0.827,12.78,0,Low
SC-12816,2025-11-20,Antwerp,Dubai,Air,Automotive,7733.99,127.49,3.81,4.7,Fog,0.736,0.5,1,Medium
SC-12817,2025-07-11,Hamburg,Rotterdam,Road,Automotive,675.5,470.33,4.37,6.3,Storm,0.572,2.11,1,High
SC-12818,2025-03-10,Hamburg,Marseille,Sea,Textiles,631.06,453.07,2.61,8.5,Clear,0.754,1.21,0,Medium
SC-12819,2025-06-28,Rotterdam,Shanghai,Rail,Textiles,5676.93,283.84,2.89,2.3,Clear,0.953,5.86,0,Medium
SC-12820,2025-01-23,Hamburg,Singapore,Sea,Perishables,13929.81,177.86,1.68,8.2,Hurricane,0.58,217.83,1,Low
SC-12821,2024-08-23,Los Angeles,Marseille,Sea,Perishables,3815.81,191.19,3.02,2.3,Fog,0.845,8.93,0,Medium
SC-12822,2024-09-10,Antwerp,Busan,Road,Electronics,9698.27,206.51,1.68,6.8,Clear,0.797,8.0,1,Low
SC-12823,2025-04-16,Los Angeles,Busan,Sea,Perishables,3720.1,364.06,3.22,4.3,Storm,0.874,18.29,1,Medium
SC-12824,2024-12-20,Shanghai,Los Angeles,Road,Textiles,5164.21,226.37,4.28,1.1,Fog,0.575,5.05,1,High
SC-12825,2024-06-07,Rotterdam,Busan,Sea,Pharmaceuticals,12796.61,428.51,1.85,7.1,Storm,0.971,72.38,1,Low
SC-12826,2024-10-09,Los Angeles,Marseille,Air,Electronics,11068.49,472.1,3.72,2.2,Clear,0.81,0.5,1,Medium
SC-12827,2024-07-12,Singapore,Rotterdam,Road,Textiles,1883.29,168.64,1.28,1.8,Hurricane,0.924,10.35,1,Low
SC-12828,2024-04-25,Los Angeles,Busan,Air,Automotive,6716.18,280.79,2.44,3.6,Hurricane,0.623,2.85,1,Medium
SC-12829,2024-02-02,Hamburg,Shanghai,Road,Textiles,922.96,48.43,1.57,6.5,Storm,0.87,2.32,1,Low
SC-12830,2025-11-07,Busan,Dubai,Rail,Perishables,7472.91,101.03,2.36,2.3,Clear,0.891,6.52,0,Medium
SC-12831,2025-03-05,Busan,Rotterdam,Air,Pharmaceuticals,10105.29,207.32,1.77,1.8,Storm,0.699,1.37,1,Low
SC-12832,2025-09-21,Antwerp,Los Angeles,Road,Electronics,2218.29,103.9,2.43,0.1,Fog,0.692,1.84,1,Medium
SC-12833,2024-01-17,Antwerp,Busan,Air,Automotive,4688.83,438.4,2.58,4.7,Storm,0.829,2.08,1,Medium
SC-12834,2024-09-03,Singapore,Shanghai,Sea,Automotive,6268.63,79.98,2.19,4.3,Rain,0.547,12.92,0,Medium
SC-12835,2024-07-30,Los Angeles,Singapore,Rail,Textiles,13833.2,228.37,3.37,2.3,Hurricane,0.868,85.58,1,Medium
SC-12836,2024-03-09,Rotterdam,Singapore,Rail,Textiles,14902.2,303.24,4.23,0.5,Hurricane,0.521,85.41,1,High
SC-12837,2024-04-13,Hamburg,Antwerp,Rail,Pharmaceuticals,1151.21,346.24,2.52,4.3,Hurricane,0.595,7.48,1,Medium
SC-12838,2025-08-31,Rotterdam,Busan,Sea,Automotive,11534.61,192.15,1.83,7.9,Clear,0.832,21.55,0,Low
SC-12839,2024-02-04,Singapore,Antwerp,Road,Pharmaceuticals,5890.0,434.68,2.09,7.2,Rain,0.549,6.4,1,Medium
SC-12840,2025-04-02,Hamburg,Shanghai,Road,Textiles,6190.64,284.59,4.02,8.6,Fog,0.986,7.35,1,High
SC-12841,2025-09-04,Hamburg,Antwerp,Sea,Textiles,11436.84,220.31,3.09,0.1,Clear,0.934,17.19,0,Medium
SC-12842,2025-11-19,Rotterdam,Hamburg,Sea,Automotive,13817.18,34.55,2.7,9.7,Storm,0.813,85.15,1,Medium
SC-12843,2025-12-21,Singapore,Shanghai,Sea,Pharmaceuticals,14288.46,232.88,1.69,3.4,Storm,0.91,70.76,0,Low
SC-12844,2024-02-19,Busan,Singapore,Rail,Electronics,8868.28,410.55,2.68,9.9,Rain,0.944,10.37,1,Medium
SC-12845,2024-09-07,Singapore,Busan,Air,Pharmaceuticals,5678.26,307.66,2.12,2.5,Storm,0.63,1.51,1,Medium
SC-12846,2024-02-15,Singapore,Busan,Rail,Electronics,11919.46,416.25,4.31,4.7,Storm,0.925,30.94,1,High
SC-12847,2025-02-15,Shanghai,Singapore,Rail,Perishables,4139.52,247.51,4.12,3.5,Clear,0.597,3.8,0,High
SC-12848,2025-03-25,Dubai,Hamburg,Air,Textiles,8679.07,60.11,1.48,3.6,Hurricane,0.707,4.74,1,Low
SC-12849,2024-08-27,Hamburg,Antwerp,Sea,Electronics,5699.39,7.81,2.9,8.4,Clear,0.779,11.0,1,Medium
SC-12850,2025-07-06,Shanghai,Singapore,Rail,Perishables,10021.15,152.31,1.94,7.5,Hurricane,0.857,75.8,1,Low
SC-12851,2024-08-10,Antwerp,Dubai,Road,Perishables,3985.78,349.3,2.56,9.9,Rain,0.515,4.23,1,Medium
SC-12852,2024-02-27,Dubai,Antwerp,Road,Textiles,3278.1,395.34,4.09,6.1,Fog,0.645,3.94,0,High
SC-12853,2024-05-23,Shanghai,Busan,Rail,Electronics,13814.47,148.58,2.94,4.6,Clear,0.804,11.58,0,Medium
SC-12854,2025-05-30,Antwerp,Marseille,Road,Perishables,1976.15,248.33,2.3,0.9,Clear,0.679,1.37,0,Medium
SC-12855,2024-10-23,Rotterdam,Shanghai,Road,Perishables,7836.39,211.14,1.89,10.0,Clear,0.888,7.15,0,Low
SC-12856,2024-08-27,Los Angeles,Shanghai,Road,Automotive,3702.37,205.85,3.84,5.5,Rain,0.826,2.92,1,Medium
SC-12857,2025-08-12,Shanghai,Rotterdam,Road,Pharmaceuticals,1064.48,116.44,3.26,7.0,Storm,0.617,2.76,1,Medium
SC-12858,2024-11-22,Shanghai,Hamburg,Sea,Electronics,1022.27,69.05,2.74,4.1,Fog,0.573,2.43,0,Medium
SC-12859,2025-08-14,Hamburg,Shanghai,Rail,Automotive,3040.72,99.15,1.92,5.5,Storm,0.815,7.72,1,Low
SC-12860,2025-09-04,Busan,Rotterdam,Road,Textiles,13068.17,28.61,2.3,9.4,Hurricane,0.725,91.95,1,Medium
SC-12861,2025-11-19,Shanghai,Dubai,Rail,Textiles,4595.94,99.87,4.37,1.7,Storm,0.584,9.98,1,High
SC-12862,2024-11-24,Los Angeles,Antwerp,Air,Electronics,14281.66,5.59,2.92,2.9,Rain,0.663,0.79,0,Medium
SC-12863,2024-08-30,Shanghai,Dubai,Sea,Electronics,8933.52,314.0,2.52,1.5,Hurricane,0.652,106.84,1,Medium
SC-12864,2024-11-05,Dubai,Rotterdam,Rail,Perishables,6830.91,158.87,2.92,7.9,Hurricane,0.554,53.67,1,Medium
SC-12865,2024-05-26,Dubai,Los Angeles,Rail,Automotive,8911.29,486.6,3.77,0.6,Rain,0.773,7.75,0,Medium
SC-12866,2025-11-07,Antwerp,Busan,Road,Textiles,7992.13,97.66,2.32,0.8,Clear,0.882,5.22,0,Medium
SC-12867,2025-06-17,Los Angeles,Marseille,Rail,Pharmaceuticals,11502.26,173.57,1.79,3.0,Rain,0.788,10.87,0,Low
SC-12868,2024-08-14,Antwerp,Hamburg,Road,Textiles,4596.19,179.56,3.13,5.1,Rain,0.913,4.09,0,Medium
SC-12869,2025-02-27,Los Angeles,Shanghai,Road,Electronics,5619.23,5.22,3.4,4.1,Fog,0.564,6.01,0,Medium
SC-12870,2024-11-03,Rotterdam,Dubai,Rail,Automotive,13464.37,419.76,3.55,0.4,Fog,0.718,14.49,0,Medium
SC-12871,2024-10-08,Shanghai,Marseille,Sea,Electronics,14223.62,16.97,4.11,9.6,Fog,0.805,43.67,0,High
SC-12872,2024-03-03,Rotterdam,Busan,Road,Pharmaceuticals,13442.09,470.15,2.42,9.5,Fog,0.838,18.39,1,Medium
SC-12873,2025-07-24,Los Angeles,Busan,Rail,Perishables,6582.0,446.15,1.45,2.8,Hurricane,0.848,41.49,1,Low
SC-12874,2025-08-28,Hamburg,Los Angeles,Rail,Electronics,11815.3,268.23,4.36,7.3,Fog,0.864,15.96,1,High
SC-12875,2024-06-28,Busan,Hamburg,Air,Electronics,7406.87,272.25,2.64,5.8,Hurricane,0.826,5.35,1,Medium
SC-12876,2025-10-03,Antwerp,Dubai,Air,Perishables,7714.33,327.24,3.26,2.4,Rain,0.547,0.5,1,Medium
SC-12877,2025-11-26,Hamburg,Marseille,Sea,Electronics,3467.86,194.14,3.4,2.6,Rain,0.848,7.19,1,Medium
SC-12878,2025-03-13,Singapore,Busan,Road,Textiles,9071.39,323.96,3.0,4.9,Hurricane,0.862,54.51,1,Medium
SC-12879,2025-07-23,Busan,Dubai,Air,Pharmaceuticals,3198.97,23.34,1.88,4.2,Storm,0.997,1.08,1,Low
SC-12880,2025-05-22,Dubai,Busan,Air,Perishables,5307.69,27.97,3.69,2.9,Rain,0.847,0.5,0,Medium
SC-12881,2024-02-18,Shanghai,Hamburg,Rail,Automotive,12897.94,229.16,3.85,8.1,Rain,0.843,15.23,0,Medium
SC-12882,2024-12-18,Dubai,Hamburg,Rail,Electronics,3502.6,275.26,3.02,4.8,Hurricane,0.757,23.51,1,Medium
SC-12883,2025-10-20,Antwerp,Singapore,Road,Perishables,1531.8,444.02,2.81,6.5,Fog,0.934,2.81,0,Medium
SC-12884,2025-11-18,Busan,Rotterdam,Road,Electronics,1500.61,53.23,1.58,1.9,Clear,0.998,0.55,0,Low
SC-12885,2025-01-25,Los Angeles,Rotterdam,Air,Pharmaceuticals,14141.38,411.5,1.48,5.3,Hurricane,0.89,7.34,1,Low
SC-12886,2025-06-21,Hamburg,Marseille,Air,Electronics,7850.35,105.81,2.32,3.2,Storm,0.806,1.47,1,Medium
SC-12887,2024-11-22,Rotterdam,Singapore,Road,Textiles,6436.48,197.65,2.23,5.3,Clear,0.539,4.79,1,Medium
SC-12888,2025-12-14,Dubai,Los Angeles,Rail,Textiles,12257.74,158.98,4.35,7.8,Clear,0.863,11.51,0,High
SC-12889,2025-03-02,Busan,Dubai,Rail,Electronics,12619.48,200.68,3.79,7.7,Hurricane,0.854,97.76,1,Medium
SC-12890,2025-02-22,Dubai,Marseille,Sea,Textiles,5316.77,76.1,3.38,3.5,Rain,0.888,10.91,1,Medium
SC-12891,2024-06-01,Hamburg,Marseille,Sea,Electronics,10557.46,252.28,2.91,6.9,Hurricane,0.562,158.19,1,Medium
SC-12892,2024-11-03,Singapore,Hamburg,Road,Perishables,11681.28,401.02,1.75,9.4,Clear,0.827,10.03,1,Low
SC-12893,2025-01-20,Singapore,Rotterdam,Rail,Pharmaceuticals,9992.43,221.33,4.43,6.3,Hurricane,0.648,73.41,1,High
SC-12894,2024-07-07,Singapore,Hamburg,Rail,Perishables,2698.13,245.82,2.44,1.5,Rain,0.88,2.18,0,Medium
SC-12895,2025-07-04,Los Angeles,Busan,Air,Pharmaceuticals,13200.3,424.54,1.55,6.8,Storm,0.62,3.55,1,Low
SC-12896,2025-04-29,Hamburg,Busan,Sea,Textiles,8316.87,353.32,2.83,1.0,Rain,0.842,14.64,0,Medium
SC-12897,2024-09-03,Antwerp,Hamburg,Sea,Pharmaceuticals,4595.85,245.74,4.08,8.7,Storm,0.647,28.11,1,High
SC-12898,2024-08-18,Hamburg,Rotterdam,Road,Textiles,6665.81,129.59,4.13,5.2,Rain,0.504,5.93,1,High
SC-12899,2024-11-03,Dubai,Rotterdam,Air,Perishables,1044.78,442.58,1.24,3.9,Storm,0.817,0.5,1,Low
SC-12900,2025-12-25,Shanghai,Rotterdam,Air,Textiles,2354.07,288.93,4.12,0.6,Clear,0.557,0.74,0,High
SC-12901,2024-05-27,Los Angeles,Hamburg,Sea,Pharmaceuticals,11600.43,111.35,2.1,3.8,Fog,0.83,29.87,0,Medium
SC-12902,2025-04-19,Busan,Antwerp,Air,Automotive,500.17,135.29,1.33,9.0,Fog,0.963,0.84,0,Low
SC-12903,2024-02-29,Antwerp,Hamburg,Air,Automotive,6540.2,401.76,4.0,0.2,Rain,0.985,0.85,0,Medium
SC-12904,2025-07-29,Singapore,Los Angeles,Rail,Textiles,8076.4,23.03,4.05,4.7,Hurricane,0.618,55.81,1,High
SC-12905,2025-02-26,Antwerp,Singapore,Air,Automotive,1292.2,496.05,3.17,9.3,Rain,0.905,0.5,1,Medium
SC-12906,2025-03-02,Hamburg,Los Angeles,Road,Electronics,14609.63,66.05,3.1,3.9,Storm,0.677,31.39,1,Medium
SC-12907,2025-07-24,Hamburg,Marseille,Road,Electronics,3778.82,398.24,3.88,4.3,Fog,0.95,3.64,0,Medium
SC-12908,2025-06-26,Shanghai,Rotterdam,Road,Perishables,4910.88,197.99,3.79,5.8,Rain,0.894,4.71,0,Medium
SC-12909,2024-05-17,Los Angeles,Singapore,Road,Pharmaceuticals,4907.17,246.62,4.14,4.6,Rain,0.537,4.54,1,High
SC-12910,2025-02-01,Hamburg,Marseille,Rail,Textiles,3841.04,440.44,3.02,1.7,Storm,0.704,7.7,0,Medium
SC-12911,2024-09-05,Los Angeles,Dubai,Road,Textiles,521.37,207.04,4.39,0.2,Hurricane,0.669,2.53,1,High
SC-12912,2024-09-18,Rotterdam,Antwerp,Air,Textiles,11075.5,269.21,4.49,6.1,Hurricane,0.893,6.23,1,High
SC-12913,2024-07-27,Busan,Marseille,Rail,Automotive,14519.26,25.6,1.58,9.2,Hurricane,0.705,117.76,1,Low
SC-12914,2024-12-04,Dubai,Rotterdam,Sea,Textiles,3752.26,2.17,4.0,1.1,Rain,0.842,6.77,0,Medium
SC-12915,2025-10-24,Antwerp,Dubai,Road,Pharmaceuticals,10114.18,123.16,2.85,2.1,Rain,0.801,7.32,1,Medium
SC-12916,2024-03-21,Singapore,Rotterdam,Sea,Perishables,11257.5,340.61,2.48,3.7,Storm,0.988,55.2,1,Medium
SC-12917,2025-04-05,Hamburg,Dubai,Sea,Automotive,12802.17,61.51,3.22,8.1,Rain,0.969,30.48,1,Medium
SC-12918,2025-01-14,Shanghai,Dubai,Sea,Electronics,6628.12,57.77,1.38,2.7,Fog,0.714,15.67,0,Low
SC-12919,2024-04-04,Busan,Antwerp,Air,Electronics,4892.5,206.07,2.87,8.8,Storm,0.862,1.27,1,Medium
SC-12920,2025-07-02,Busan,Marseille,Rail,Perishables,5216.78,324.27,4.07,0.5,Clear,0.915,3.45,0,High
SC-12921,2024-07-14,Antwerp,Rotterdam,Sea,Textiles,10833.01,356.32,1.9,9.4,Hurricane,0.949,177.01,1,Low
SC-12922,2024-02-22,Dubai,Busan,Sea,Electronics,12343.3,90.05,2.61,5.6,Fog,0.534,31.77,0,Medium
SC-12923,2024-10-01,Antwerp,Rotterdam,Rail,Perishables,3133.4,40.71,4.3,6.6,Fog,0.651,4.76,0,High
SC-12924,2025-01-21,Shanghai,Busan,Rail,Textiles,5878.64,470.26,2.61,3.7,Hurricane,0.66,39.57,1,Medium
SC-12925,2025-11-20,Rotterdam,Antwerp,Road,Electronics,13578.13,131.07,2.38,7.8,Storm,0.717,33.19,1,Medium
SC-12926,2025-09-11,Hamburg,Singapore,Sea,Textiles,12197.06,426.82,2.65,1.7,Clear,0.585,17.88,0,Medium
SC-12927,2025-09-09,Shanghai,Marseille,Sea,Perishables,14780.45,431.88,2.91,0.5,Hurricane,0.748,168.46,1,Medium
SC-12928,2024-02-10,Dubai,Marseille,Sea,Electronics,11436.6,386.49,3.29,4.0,Fog,0.832,29.28,0,Medium
SC-12929,2024-03-15,Antwerp,Los Angeles,Sea,Pharmaceuticals,6201.33,85.25,3.84,8.5,Storm,0.749,36.87,1,Medium
SC-12930,2024-07-11,Dubai,Hamburg,Road,Perishables,9064.25,411.08,2.69,7.5,Storm,0.833,21.68,1,Medium
SC-12931,2025-08-24,Busan,Los Angeles,Road,Perishables,10084.71,384.86,3.9,5.2,Rain,0.533,8.96,1,Medium
SC-12932,2025-11-18,Singapore,Los Angeles,Road,Perishables,1637.61,298.76,2.96,5.7,Storm,0.938,3.25,1,Medium
SC-12933,2025-07-26,Singapore,Rotterdam,Road,Pharmaceuticals,8395.21,169.26,2.32,1.3,Rain,0.97,6.05,0,Medium
SC-12934,2024-08-10,Rotterdam,Hamburg,Air,Electronics,10785.15,131.99,3.37,8.4,Hurricane,0.809,6.23,1,Medium
SC-12935,2025-05-05,Busan,Shanghai,Air,Textiles,2926.16,61.82,3.57,7.9,Rain,0.941,0.5,0,Medium
SC-12936,2024-08-01,Rotterdam,Los Angeles,Sea,Electronics,11819.16,255.37,3.04,6.6,Fog,0.566,32.32,1,Medium
SC-12937,2024-12-06,Singapore,Dubai,Air,Textiles,8964.71,293.05,1.39,4.7,Hurricane,0.899,4.64,1,Low
SC-12938,2024-11-06,Antwerp,Busan,Rail,Pharmaceuticals,14307.22,180.31,1.76,9.6,Rain,0.56,17.78,0,Low
SC-12939,2024-01-16,Los Angeles,Busan,Road,Electronics,1115.12,238.2,2.14,8.8,Hurricane,0.704,6.93,1,Medium
SC-12940,2024-08-04,Hamburg,Singapore,Sea,Pharmaceuticals,4347.23,182.39,2.13,6.4,Storm,0.662,24.15,1,Medium
SC-12941,2024-07-13,Dubai,Los Angeles,Rail,Textiles,9222.53,320.86,3.42,3.7,Storm,0.793,22.59,0,Medium
SC-12942,2024-04-30,Shanghai,Los Angeles,Road,Electronics,4800.12,450.73,1.26,6.2,Clear,0.651,4.1,1,Low
SC-12943,2025-05-05,Shanghai,Dubai,Air,Perishables,10859.15,82.8,3.69,5.8,Fog,0.819,1.48,1,Medium
SC-12944,2024-09-05,Rotterdam,Singapore,Road,Electronics,11505.58,191.32,2.08,3.9,Storm,0.684,24.32,1,Medium
SC-12945,2025-12-13,Los Angeles,Antwerp,Rail,Pharmaceuticals,1986.48,71.29,2.22,3.1,Rain,0.93,2.22,0,Medium
SC-12946,2025-09-10,Rotterdam,Shanghai,Air,Perishables,7950.89,312.85,2.94,4.1,Storm,0.817,1.08,0,Medium
SC-12947,2025-12-21,Antwerp,Dubai,Road,Pharmaceuticals,7878.91,364.71,1.91,5.7,Clear,0.608,6.7,0,Low
SC-12948,2024-07-28,Dubai,Shanghai,Sea,Automotive,5854.57,466.02,4.12,4.3,Hurricane,0.668,78.58,1,High
SC-12949,2025-02-10,Busan,Hamburg,Air,Automotive,14027.41,140.16,1.48,2.6,Storm,0.924,2.66,1,Low
SC-12950,2024-09-02,Busan,Shanghai,Sea,Automotive,12498.84,475.16,2.67,7.6,Rain,0.693,28.66,1,Medium
SC-12951,2025-07-19,Rotterdam,Singapore,Air,Pharmaceuticals,10609.54,32.57,4.0,5.3,Hurricane,0.768,5.09,1,Medium
SC-12952,2024-11-25,Hamburg,Busan,Sea,Automotive,10857.74,301.9,3.23,0.7,Hurricane,0.824,125.17,1,Medium
SC-12953,2024-10-16,Rotterdam,Los Angeles,Air,Textiles,7194.88,29.51,2.16,3.7,Hurricane,0.674,3.24,1,Medium
SC-12954,2025-01-24,Dubai,Los Angeles,Rail,Perishables,13854.42,446.99,2.59,8.8,Storm,0.647,40.78,1,Medium
SC-12955,2025-04-22,Hamburg,Marseille,Air,Pharmaceuticals,10571.63,265.37,3.53,7.6,Hurricane,0.738,4.63,1,Medium
SC-12956,2025-06-30,Los Angeles,Rotterdam,Road,Automotive,11070.23,335.0,4.41,3.2,Storm,0.607,22.53,1,High
SC-12957,2025-10-26,Shanghai,Los Angeles,Rail,Automotive,12994.52,415.96,4.15,9.4,Fog,0.642,20.57,1,High
SC-12958,2025-01-02,Antwerp,Los Angeles,Air,Textiles,4474.04,76.01,2.33,0.8,Clear,0.531,0.87,0,Medium
SC-12959,2024-11-11,Dubai,Busan,Road,Perishables,12202.53,20.26,4.49,9.6,Rain,0.652,12.55,0,High
SC-12960,2024-09-24,Rotterdam,Marseille,Rail,Electronics,3330.99,439.56,1.21,2.5,Hurricane,0.66,20.59,1,Low
SC-12961,2025-01-03,Antwerp,Singapore,Road,Electronics,5507.46,158.15,1.29,0.1,Fog,0.981,4.71,0,Low
SC-12962,2025-06-09,Antwerp,Hamburg,Sea,Pharmaceuticals,5366.35,65.36,3.92,4.3,Hurricane,0.795,71.89,1,Medium
SC-12963,2025-05-24,Los Angeles,Hamburg,Road,Electronics,14688.62,234.76,1.86,3.6,Fog,0.894,14.99,0,Low
SC-12964,2025-04-22,Singapore,Shanghai,Rail,Automotive,12919.79,299.55,1.4,5.4,Storm,0.523,34.66,1,Low
SC-12965,2024-04-10,Singapore,Los Angeles,Air,Pharmaceuticals,10666.96,16.45,1.98,8.0,Storm,0.553,2.58,1,Low
SC-12966,2025-04-25,Los Angeles,Shanghai,Rail,Automotive,11042.32,138.17,2.61,8.4,Rain,0.907,13.21,0,Medium
SC-12967,2024-11-23,Shanghai,Rotterdam,Rail,Pharmaceuticals,8650.06,17.37,3.61,4.0,Storm,0.812,20.97,0,Medium
SC-12968,2024-07-27,Busan,Hamburg,Air,Automotive,14232.81,210.75,3.26,4.3,Hurricane,0.595,7.26,1,Medium
SC-12969,2025-01-14,Los Angeles,Singapore,Rail,Pharmaceuticals,7695.75,447.65,1.98,1.5,Clear,0.702,4.59,0,Low
SC-12970,2024-11-16,Hamburg,Los Angeles,Air,Perishables,6017.51,491.34,2.86,0.5,Fog,0.769,0.9,0,Medium
SC-12971,2025-02-27,Rotterdam,Los Angeles,Sea,Textiles,2864.01,318.89,4.26,6.4,Fog,0.922,8.01,0,High
SC-12972,2024-02-16,Singapore,Los Angeles,Air,Electronics,11899.98,81.66,3.89,0.6,Storm,0.53,1.25,1,Medium
SC-12973,2025-07-30,Antwerp,Busan,Rail,Textiles,11149.44,453.02,2.27,7.3,Clear,0.798,11.39,0,Medium
SC-12974,2024-08-14,Antwerp,Busan,Rail,Electronics,6073.15,258.61,4.44,5.4,Storm,0.859,15.16,1,High
SC-12975,2024-05-29,Hamburg,Shanghai,Rail,Pharmaceuticals,865.3,77.72,3.54,2.0,Fog,0.989,1.26,0,Medium
SC-12976,2024-01-17,Rotterdam,Singapore,Rail,Pharmaceuticals,12665.46,460.94,1.41,5.4,Clear,0.904,11.45,0,Low
SC-12977,2024-09-24,Shanghai,Dubai,Sea,Perishables,665.56,378.98,1.32,1.8,Hurricane,0.638,7.45,1,Low
SC-12978,2025-07-20,Dubai,Shanghai,Sea,Automotive,10703.65,366.12,1.76,4.4,Hurricane,0.855,145.0,1,Low
SC-12979,2025-08-21,Rotterdam,Los Angeles,Road,Pharmaceuticals,14568.73,354.88,3.6,8.0,Rain,0.882,13.75,1,Medium
SC-12980,2025-08-16,Shanghai,Busan,Rail,Electronics,6846.09,100.97,1.81,4.6,Clear,0.865,4.43,0,Low
SC-12981,2025-03-03,Singapore,Shanghai,Rail,Pharmaceuticals,3907.11,106.29,2.89,1.5,Clear,0.91,2.38,0,Medium
SC-12982,2024-10-29,Antwerp,Busan,Rail,Textiles,10720.63,344.46,1.51,7.2,Hurricane,0.952,80.81,1,Low
SC-12983,2024-06-05,Busan,Shanghai,Rail,Automotive,12348.36,110.64,4.24,1.9,Hurricane,0.549,75.33,1,High
SC-12984,2024-07-19,Busan,Marseille,Road,Textiles,8423.24,219.9,2.34,7.4,Storm,0.552,20.63,1,Medium
SC-12985,2024-12-03,Shanghai,Los Angeles,Rail,Perishables,14522.01,391.22,4.2,4.8,Storm,0.898,37.55,1,High
SC-12986,2024-08-23,Los Angeles,Shanghai,Air,Perishables,1249.2,392.19,4.32,4.5,Rain,0.626,0.5,0,High
SC-12987,2025-01-23,Los Angeles,Marseille,Air,Electronics,7819.54,227.18,1.22,8.5,Hurricane,0.529,4.38,1,Low
SC-12988,2025-08-06,Los Angeles,Busan,Sea,Pharmaceuticals,10917.58,396.3,2.73,7.1,Hurricane,0.701,163.82,1,Medium
SC-12989,2024-09-08,Hamburg,Marseille,Sea,Textiles,13008.29,419.47,1.28,0.3,Fog,0.91,26.93,0,Low
SC-12990,2025-05-26,Hamburg,Singapore,Air,Perishables,3099.21,327.73,4.2,3.0,Rain,0.563,0.5,0,High
SC-12991,2025-07-17,Busan,Antwerp,Air,Perishables,12100.05,114.98,2.91,8.7,Storm,0.836,2.75,0,Medium
SC-12992,2025-11-01,Antwerp,Shanghai,Air,Electronics,8514.25,137.73,1.45,0.2,Storm,0.502,1.06,1,Low
SC-12993,2025-12-02,Rotterdam,Busan,Road,Pharmaceuticals,6250.03,158.11,1.56,5.5,Hurricane,0.555,37.71,1,Low
SC-12994,2024-12-11,Antwerp,Los Angeles,Rail,Automotive,2409.87,59.29,2.47,7.3,Fog,0.675,3.77,0,Medium
SC-12995,2024-09-20,Los Angeles,Busan,Road,Pharmaceuticals,13046.79,137.31,4.3,6.2,Fog,0.542,15.02,0,High
SC-12996,2025-05-15,Los Angeles,Singapore,Sea,Perishables,2780.46,105.55,3.49,7.6,Hurricane,0.923,41.97,1,Medium
SC-12997,2025-10-19,Hamburg,Marseille,Road,Automotive,4991.92,228.21,4.06,7.3,Fog,0.932,6.36,0,High
SC-12998,2025-05-17,Los Angeles,Antwerp,Road,Pharmaceuticals,4705.66,454.31,2.41,6.9,Fog,0.878,5.79,1,Medium
SC-12999,2025-04-16,Antwerp,Hamburg,Road,Automotive,13135.5,53.14,1.34,8.2,Fog,0.621,16.71,0,Low
SC-13000,2024-06-21,Rotterdam,Busan,Air,Electronics,10254.19,360.41,4.42,6.5,Hurricane,0.762,5.96,1,High
SC-13001,2024-12-26,Antwerp,Rotterdam,Air,Automotive,12051.88,343.95,1.26,4.0,Hurricane,0.592,6.26,1,Low
SC-13002,2024-06-22,Rotterdam,Dubai,Rail,Automotive,4131.78,48.78,4.33,4.7,Hurricane,0.641,28.38,1,High
SC-13003,2024-05-23,Singapore,Busan,Air,Pharmaceuticals,9560.67,461.36,2.42,7.2,Hurricane,0.758,6.61,1,Medium
SC-13004,2025-07-13,Hamburg,Marseille,Road,Perishables,8790.32,284.67,1.23,8.8,Storm,0.868,21.93,1,Low
SC-13005,2025-05-15,Hamburg,Marseille,Air,Automotive,12576.04,182.5,3.47,2.7,Fog,0.547,0.82,0,Medium
SC-13006,2024-07-07,Los Angeles,Hamburg,Sea,Textiles,13638.26,378.51,4.44,3.4,Clear,0.648,22.67,0,High
SC-13007,2025-07-09,Busan,Los Angeles,Air,Electronics,676.27,129.43,4.39,9.3,Fog,0.963,0.5,0,High
SC-13008,2025-10-19,Los Angeles,Dubai,Road,Textiles,10273.29,347.06,1.73,5.8,Clear,0.715,8.26,1,Low
SC-13009,2024-03-01,Dubai,Hamburg,Air,Perishables,1251.62,20.82,1.8,1.8,Fog,0.969,0.5,0,Low
SC-13010,2025-06-20,Busan,Hamburg,Sea,Automotive,8458.45,419.86,3.07,6.6,Clear,0.996,16.33,0,Medium
SC-13011,2024-02-04,Shanghai,Busan,Road,Automotive,4670.67,224.64,3.3,9.9,Fog,0.763,5.73,0,Medium
SC-13012,2024-03-17,Singapore,Shanghai,Rail,Electronics,4948.26,318.71,3.64,8.2,Hurricane,0.644,39.48,1,Medium
SC-13013,2025-11-15,Busan,Rotterdam,Sea,Pharmaceuticals,5617.9,111.4,1.8,7.5,Clear,0.895,11.3,1,Low
SC-13014,2024-02-19,Rotterdam,Busan,Sea,Perishables,9508.74,338.86,4.36,2.1,Clear,0.58,13.98,1,High
SC-13015,2024-01-07,Dubai,Singapore,Sea,Automotive,5343.72,386.35,3.31,8.8,Storm,0.626,32.33,1,Medium
SC-13016,2025-02-26,Antwerp,Dubai,Road,Textiles,11124.14,237.13,4.0,5.3,Hurricane,0.892,66.88,1,Medium
SC-13017,2024-05-20,Los Angeles,Busan,Air,Textiles,6365.65,309.25,2.98,8.9,Fog,0.717,0.5,0,Medium
SC-13018,2025-10-07,Antwerp,Busan,Sea,Pharmaceuticals,1491.12,228.71,2.57,3.3,Clear,0.601,1.47,0,Medium
SC-13019,2024-08-24,Antwerp,Rotterdam,Rail,Electronics,11864.52,447.15,4.42,0.6,Clear,0.826,7.99,0,High
SC-13020,2024-03-10,Hamburg,Rotterdam,Rail,Automotive,4643.5,249.44,3.12,4.8,Clear,0.866,4.35,1,Medium
SC-13021,2025-12-25,Shanghai,Marseille,Air,Textiles,6775.12,421.06,4.06,2.7,Rain,0.563,0.89,0,High
SC-13022,2024-06-03,Shanghai,Antwerp,Sea,Perishables,10438.94,400.87,4.35,7.2,Hurricane,0.638,157.36,1,High
SC-13023,2024-01-10,Singapore,Hamburg,Road,Perishables,5320.61,205.84,3.43,9.6,Storm,0.611,14.46,1,Medium
SC-13024,2024-08-11,Singapore,Shanghai,Air,Pharmaceuticals,1320.49,115.81,3.01,6.9,Fog,0.69,0.61,0,Medium
SC-13025,2025-06-01,Dubai,Busan,Rail,Textiles,5921.86,203.63,1.21,8.9,Clear,0.882,6.01,1,Low
SC-13026,2025-04-11,Los Angeles,Dubai,Air,Automotive,14194.5,413.28,1.33,4.5,Storm,0.857,2.36,1,Low
SC-13027,2025-01-17,Busan,Rotterdam,Rail,Automotive,9805.15,114.59,1.86,7.7,Fog,0.831,14.37,1,Low
SC-13028,2024-03-02,Dubai,Los Angeles,Air,Perishables,10236.45,262.69,1.81,8.4,Fog,0.503,1.38,1,Low
SC-13029,2025-09-24,Singapore,Shanghai,Rail,Perishables,9668.09,403.24,2.04,7.1,Storm,0.571,27.64,1,Medium
SC-13030,2025-10-15,Singapore,Los Angeles,Air,Pharmaceuticals,3385.39,177.39,2.21,5.1,Fog,0.612,0.76,1,Medium
SC-13031,2025-11-13,Hamburg,Los Angeles,Rail,Pharmaceuticals,6565.84,321.46,2.39,6.3,Fog,0.636,8.3,0,Medium
SC-13032,2025-09-23,Antwerp,Hamburg,Sea,Pharmaceuticals,11388.63,123.57,2.59,7.0,Storm,0.573,63.82,0,Medium
SC-13033,2025-05-09,Hamburg,Marseille,Sea,Pharmaceuticals,1969.91,55.53,1.53,2.5,Clear,0.705,2.13,1,Low
SC-13034,2025-11-06,Antwerp,Dubai,Sea,Perishables,4528.87,397.4,1.34,8.1,Storm,0.538,26.88,1,Low
SC-13035,2025-05-14,Dubai,Busan,Sea,Electronics,4506.63,50.39,3.42,9.5,Clear,0.875,9.13,0,Medium
SC-13036,2024-01-17,Rotterdam,Shanghai,Road,Perishables,6764.27,136.42,2.97,4.7,Hurricane,0.894,39.92,1,Medium
SC-13037,2024-01-07,Singapore,Hamburg,Road,Perishables,14715.35,427.7,2.67,7.0,Hurricane,0.787,93.9,1,Medium
SC-13038,2025-06-28,Rotterdam,Los Angeles,Road,Perishables,1478.79,173.89,3.29,7.4,Fog,0.545,2.51,0,Medium
SC-13039,2025-07-18,Hamburg,Rotterdam,Rail,Textiles,8021.16,486.55,3.93,6.6,Clear,0.945,6.82,0,Medium
SC-13040,2025-02-25,Rotterdam,Dubai,Sea,Textiles,3100.79,489.89,2.61,5.5,Clear,0.983,5.87,0,Medium
SC-13041,2024-01-13,Busan,Rotterdam,Road,Textiles,14574.81,134.87,3.32,8.8,Fog,0.601,18.81,1,Medium
SC-13042,2024-01-18,Dubai,Los Angeles,Rail,Perishables,2142.9,21.45,4.35,4.5,Fog,0.852,2.64,0,High
SC-13043,2025-06-26,Busan,Antwerp,Air,Automotive,6352.21,352.83,3.97,0.6,Storm,0.921,0.89,1,Medium
SC-13044,2024-10-08,Rotterdam,Marseille,Rail,Textiles,11199.33,226.04,2.61,8.4,Storm,0.77,32.87,1,Medium
SC-13045,2025-07-02,Shanghai,Rotterdam,Rail,Electronics,10716.04,51.28,3.33,6.7,Hurricane,0.662,80.24,1,Medium
SC-13046,2024-10-20,Dubai,Rotterdam,Rail,Pharmaceuticals,6629.57,354.05,1.78,8.5,Rain,0.739,7.88,0,Low
SC-13047,2024-01-18,Antwerp,Dubai,Rail,Automotive,5524.6,16.56,3.05,1.4,Rain,0.756,4.29,0,Medium
SC-13048,2025-05-29,Rotterdam,Busan,Rail,Textiles,6265.38,435.23,4.44,0.3,Storm,0.7,13.06,0,High
SC-13049,2025-12-15,Hamburg,Antwerp,Rail,Automotive,4332.01,70.19,2.91,9.3,Rain,0.965,5.36,1,Medium
SC-13050,2025-11-21,Shanghai,Hamburg,Road,Textiles,3477.33,64.53,4.26,1.5,Storm,0.872,7.12,1,High
SC-13051,2025-03-16,Dubai,Los Angeles,Sea,Perishables,7504.08,88.66,2.54,8.1,Hurricane,0.621,116.83,1,Medium
SC-13052,2024-07-02,Singapore,Hamburg,Air,Pharmaceuticals,4393.74,480.17,4.5,8.2,Fog,0.793,0.5,1,High
SC-13053,2024-04-19,Rotterdam,Busan,Rail,Pharmaceuticals,4668.19,346.89,3.11,7.1,Hurricane,0.844,35.14,1,Medium
SC-13054,2024-04-08,Busan,Hamburg,Sea,Electronics,10022.96,400.88,1.34,1.3,Hurricane,0.57,119.11,1,Low
SC-13055,2025-06-20,Hamburg,Dubai,Road,Automotive,14543.79,199.42,3.14,6.7,Storm,0.679,33.95,1,Medium
SC-13056,2024-06-01,Dubai,Rotterdam,Air,Pharmaceuticals,9252.74,168.82,2.11,8.9,Clear,0.953,0.95,1,Medium
SC-13057,2024-09-03,Antwerp,Hamburg,Road,Textiles,1616.2,118.01,1.31,4.3,Storm,0.784,3.27,1,Low
SC-13058,2024-07-15,Hamburg,Dubai,Sea,Textiles,1595.96,240.84,3.91,4.1,Storm,0.608,7.86,1,Medium
SC-13059,2025-09-26,Hamburg,Dubai,Sea,Perishables,14295.64,276.36,2.11,4.4,Clear,0.561,25.25,0,Medium
SC-13060,2025-06-23,Hamburg,Dubai,Rail,Pharmaceuticals,4810.72,316.26,3.83,0.8,Storm,0.759,10.34,1,Medium
SC-13061,2024-09-15,Dubai,Busan,Air,Pharmaceuticals,1834.97,129.3,2.15,8.9,Fog,0.774,0.58,0,Medium
SC-13062,2024-12-28,Antwerp,Hamburg,Sea,Perishables,9186.15,474.38,1.84,8.7,Fog,0.667,27.81,1,Low
SC-13063,2024-09-30,Rotterdam,Antwerp,Air,Textiles,9542.91,85.71,4.41,10.0,Hurricane,0.815,5.37,1,High
SC-13064,2025-02-10,Dubai,Antwerp,Road,Textiles,9903.32,482.86,2.39,5.9,Rain,0.534,8.22,0,Medium
SC-13065,2024-03-21,Busan,Antwerp,Rail,Pharmaceuticals,4377.33,8.41,3.18,7.5,Fog,0.573,6.68,1,Medium
SC-13066,2025-01-17,Rotterdam,Singapore,Road,Electronics,719.1,241.08,3.21,2.0,Storm,0.773,0.87,0,Medium
SC-13067,2025-02-19,Busan,Antwerp,Road,Perishables,14492.72,167.35,3.05,6.7,Storm,0.531,33.69,1,Medium
SC-13068,2025-04-15,Singapore,Marseille,Air,Perishables,4137.95,225.11,4.22,6.5,Clear,0.94,0.8,0,High
SC-13069,2025-08-01,Los Angeles,Antwerp,Sea,Perishables,10302.38,285.76,3.43,9.0,Rain,0.571,24.4,1,Medium
SC-13070,2024-09-06,Rotterdam,Dubai,Rail,Electronics,10746.13,218.36,2.53,8.3,Storm,0.837,31.3,0,Medium
SC-13071,2025-12-14,Singapore,Rotterdam,Rail,Perishables,9345.11,208.01,4.05,9.4,Rain,0.696,12.43,1,High
SC-13072,2024-08-19,Los Angeles,Busan,Road,Textiles,5037.16,366.63,1.8,8.7,Hurricane,0.7,33.58,1,Low
SC-13073,2024-11-03,Rotterdam,Hamburg,Air,Textiles,4430.9,343.25,3.0,8.7,Fog,0.882,0.5,1,Medium
SC-13074,2025-12-01,Singapore,Marseille,Road,Perishables,9166.19,416.8,4.34,0.6,Clear,0.75,5.4,0,High
SC-13075,2024-03-23,Busan,Los Angeles,Sea,Pharmaceuticals,13058.39,125.73,3.26,8.5,Fog,0.863,38.59,0,Medium
SC-13076,2025-10-31,Hamburg,Los Angeles,Rail,Pharmaceuticals,14227.64,305.15,3.9,6.1,Hurricane,0.753,102.6,1,Medium
SC-13077,2025-10-27,Rotterdam,Hamburg,Road,Automotive,2035.63,293.01,3.36,3.8,Hurricane,0.796,10.96,1,Medium
SC-13078,2024-02-02,Busan,Hamburg,Air,Perishables,2745.01,185.5,3.97,0.6,Rain,0.88,0.93,0,Medium
SC-13079,2024-04-05,Antwerp,Dubai,Rail,Textiles,14198.68,243.54,4.32,6.8,Storm,0.804,39.74,1,High
SC-13080,2025-02-19,Shanghai,Singapore,Road,Textiles,11179.76,157.58,2.1,3.3,Fog,0.808,11.91,0,Medium
SC-13081,2025-01-23,Busan,Dubai,Air,Textiles,13303.41,71.78,1.76,4.7,Clear,0.895,0.79,0,Low
SC-13082,2025-01-21,Singapore,Antwerp,Sea,Pharmaceuticals,3438.17,107.69,2.8,6.8,Storm,0.975,19.35,1,Medium
SC-13083,2025-07-19,Busan,Antwerp,Sea,Textiles,9020.0,53.65,3.52,9.1,Clear,0.688,18.71,0,Medium
SC-13084,2025-05-02,Dubai,Marseille,Road,Textiles,10666.52,341.85,1.95,8.3,Rain,0.789,10.27,1,Low
SC-13085,2024-02-27,Busan,Los Angeles,Rail,Textiles,10361.62,330.7,1.21,4.5,Storm,0.543,26.58,1,Low
SC-13086,2025-10-14,Busan,Los Angeles,Air,Pharmaceuticals,6418.2,475.35,2.33,3.9,Clear,0.679,0.75,1,Medium
SC-13087,2024-01-10,Busan,Marseille,Rail,Pharmaceuticals,723.23,365.11,4.4,2.4,Rain,0.706,1.45,1,High
SC-13088,2025-12-20,Shanghai,Hamburg,Air,Automotive,8952.43,26.97,3.49,3.7,Hurricane,0.918,5.4,1,Medium
SC-13089,2024-06-24,Rotterdam,Shanghai,Air,Textiles,4169.97,442.24,2.52,1.1,Storm,0.757,0.72,0,Medium
SC-13090,2024-03-25,Shanghai,Marseille,Air,Perishables,7028.69,431.47,1.84,9.7,Fog,0.866,1.39,0,Low
SC-13091,2025-05-26,Dubai,Los Angeles,Road,Perishables,14384.92,222.22,2.38,5.7,Fog,0.51,15.19,0,Medium
SC-13092,2025-03-20,Shanghai,Rotterdam,Air,Textiles,6286.01,293.35,1.76,1.3,Rain,0.732,1.19,0,Low
SC-13093,2025-10-22,Los Angeles,Dubai,Air,Textiles,12677.12,488.06,1.55,3.5,Fog,0.951,0.8,1,Low
SC-13094,2024-12-05,Hamburg,Busan,Air,Perishables,3233.84,266.62,4.19,5.5,Storm,0.612,0.52,1,High
SC-13095,2025-08-02,Rotterdam,Busan,Sea,Perishables,10250.68,452.76,4.49,5.3,Hurricane,0.516,144.46,1,High
SC-13096,2024-04-07,Rotterdam,Singapore,Air,Perishables,14666.6,42.44,1.74,0.4,Clear,0.717,0.7,0,Low
SC-13097,2025-06-24,Hamburg,Antwerp,Sea,Textiles,1977.45,96.33,1.38,9.5,Fog,0.852,6.18,0,Low
SC-13098,2024-02-13,Los Angeles,Busan,Road,Pharmaceuticals,620.64,220.94,2.29,2.8,Rain,0.727,1.3,1,Medium
SC-13099,2024-08-23,Singapore,Los Angeles,Sea,Automotive,6786.95,292.79,2.72,0.2,Hurricane,0.73,75.83,1,Medium
SC-13100,2024-08-04,Rotterdam,Hamburg,Road,Perishables,1843.07,408.3,1.88,0.8,Storm,0.835,2.87,0,Low
SC-13101,2025-12-09,Antwerp,Marseille,Air,Electronics,11351.57,494.14,2.19,5.8,Hurricane,0.627,7.01,1,Medium
SC-13102,2025-08-03,Shanghai,Singapore,Air,Automotive,13760.96,195.04,1.86,1.4,Rain,0.876,1.18,0,Low
SC-13103,2025-05-01,Los Angeles,Shanghai,Air,Electronics,6793.3,24.66,3.76,0.4,Fog,0.577,1.5,0,Medium
SC-13104,2024-10-04,Busan,Singapore,Sea,Pharmaceuticals,4251.32,400.78,3.55,3.8,Hurricane,0.698,56.63,1,Medium
SC-13105,2024-02-17,Shanghai,Dubai,Air,Automotive,6798.85,302.59,3.3,6.2,Clear,0.828,0.5,0,Medium
SC-13106,2024-03-17,Dubai,Hamburg,Air,Textiles,10989.99,100.07,2.48,1.1,Fog,0.914,1.23,0,Medium
SC-13107,2025-12-01,Singapore,Dubai,Air,Pharmaceuticals,631.29,247.92,4.2,3.1,Rain,0.896,0.5,0,High
SC-13108,2024-10-14,Hamburg,Busan,Sea,Electronics,9047.08,371.41,4.4,4.2,Storm,0.861,45.57,0,High
SC-13109,2025-07-10,Shanghai,Hamburg,Sea,Textiles,9392.73,385.44,1.77,1.6,Hurricane,0.68,112.65,1,Low
SC-13110,2025-07-31,Antwerp,Shanghai,Sea,Automotive,9746.48,250.31,1.94,5.1,Storm,0.561,50.08,1,Low
SC-13111,2025-11-04,Dubai,Busan,Sea,Textiles,4009.32,153.3,2.93,0.9,Rain,0.608,6.56,0,Medium
SC-13112,2024-02-03,Shanghai,Rotterdam,Air,Pharmaceuticals,10853.76,486.9,1.5,0.5,Clear,0.932,1.68,0,Low
SC-13113,2024-07-02,Dubai,Shanghai,Air,Electronics,1825.18,332.02,2.64,5.2,Clear,0.929,0.5,0,Medium
SC-13114,2024-11-18,Rotterdam,Dubai,Air,Automotive,3389.42,204.71,3.12,2.5,Clear,0.976,0.5,0,Medium
SC-13115,2024-01-17,Singapore,Antwerp,Sea,Pharmaceuticals,13223.32,140.95,2.92,1.0,Clear,0.538,20.15,0,Medium
SC-13116,2024-07-31,Shanghai,Rotterdam,Sea,Textiles,11211.49,365.82,2.29,4.2,Rain,0.768,22.45,0,Medium
SC-13117,2025-08-24,Busan,Rotterdam,Sea,Textiles,699.31,121.85,2.99,9.2,Fog,0.824,2.08,0,Medium
SC-13118,2024-05-27,Busan,Hamburg,Road,Pharmaceuticals,4101.46,86.68,4.36,7.2,Hurricane,0.855,27.1,1,High
SC-13119,2025-12-30,Busan,Los Angeles,Road,Textiles,3608.89,265.39,1.88,8.2,Hurricane,0.822,23.99,1,Low
SC-13120,2025-02-11,Hamburg,Shanghai,Road,Electronics,4426.69,145.7,3.36,8.7,Fog,0.885,5.3,1,Medium
SC-13121,2024-03-19,Singapore,Busan,Road,Pharmaceuticals,4089.62,314.82,1.34,9.7,Hurricane,0.68,27.82,1,Low
SC-13122,2024-11-02,Dubai,Los Angeles,Sea,Pharmaceuticals,1406.63,59.85,1.42,7.6,Storm,0.59,7.63,1,Low
SC-13123,2024-06-15,Singapore,Dubai,Sea,Perishables,7154.64,327.82,3.02,6.1,Clear,0.602,12.49,0,Medium
SC-13124,2025-07-31,Busan,Hamburg,Sea,Electronics,11124.64,142.36,1.55,3.7,Hurricane,0.506,146.27,1,Low
SC-13125,2024-09-03,Dubai,Hamburg,Road,Electronics,9297.61,1.12,1.27,1.8,Rain,0.675,6.94,0,Low
SC-13126,2025-08-03,Rotterdam,Singapore,Road,Electronics,10256.64,64.34,1.77,6.9,Clear,0.546,9.28,1,Low
SC-13127,2025-02-02,Los Angeles,Rotterdam,Sea,Electronics,1676.66,466.87,3.06,9.9,Storm,0.661,9.93,1,Medium
SC-13128,2025-11-24,Singapore,Shanghai,Sea,Automotive,14296.62,433.81,3.52,4.7,Hurricane,0.814,196.67,1,Medium
SC-13129,2025-07-07,Hamburg,Dubai,Sea,Automotive,12658.13,117.57,1.87,7.2,Storm,0.947,71.94,1,Low
SC-13130,2024-12-05,Dubai,Marseille,Rail,Electronics,12173.81,389.41,3.41,5.0,Rain,0.92,13.06,0,Medium
SC-13131,2025-01-28,Singapore,Busan,Air,Perishables,12433.27,304.68,1.8,4.3,Fog,0.626,1.55,0,Low
SC-13132,2024-05-23,Shanghai,Los Angeles,Rail,Perishables,14024.3,485.48,3.22,4.1,Fog,0.567,16.5,0,Medium
SC-13133,2025-12-06,Antwerp,Rotterdam,Road,Pharmaceuticals,8391.68,187.43,2.56,5.0,Storm,0.597,18.76,1,Medium
SC-13134,2024-03-21,Shanghai,Dubai,Sea,Textiles,3404.09,341.05,3.36,3.7,Hurricane,0.985,44.63,1,Medium
SC-13135,2025-05-27,Antwerp,Busan,Rail,Electronics,9443.36,32.7,4.48,7.5,Fog,0.775,12.95,0,High
SC-13136,2024-12-20,Hamburg,Los Angeles,Sea,Automotive,11271.78,198.73,4.29,8.7,Fog,0.591,33.98,1,High
SC-13137,2024-02-24,Rotterdam,Busan,Air,Pharmaceuticals,11199.8,481.95,1.21,8.8,Clear,0.92,1.7,1,Low
SC-13138,2024-04-10,Los Angeles,Dubai,Rail,Electronics,8061.01,269.95,4.12,2.3,Rain,0.698,6.15,0,High
SC-13139,2025-03-23,Antwerp,Dubai,Rail,Automotive,1492.65,144.65,1.42,9.0,Fog,0.95,1.98,0,Low
SC-13140,2024-08-25,Shanghai,Los Angeles,Air,Textiles,5881.14,61.02,4.35,3.4,Storm,0.63,0.5,1,High
SC-13141,2024-03-18,Singapore,Hamburg,Sea,Electronics,13851.12,352.06,2.13,3.1,Fog,0.697,33.36,0,Medium
SC-13142,2024-12-14,Los Angeles,Hamburg,Sea,Pharmaceuticals,8974.51,322.78,2.46,7.3,Rain,0.752,20.23,0,Medium
SC-13143,2025-09-11,Rotterdam,Singapore,Road,Automotive,8305.81,187.6,1.5,3.0,Clear,0.946,5.39,1,Low
SC-13144,2025-09-20,Antwerp,Rotterdam,Rail,Electronics,4398.38,475.52,1.57,0.5,Rain,0.934,4.11,0,Low
SC-13145,2025-09-01,Antwerp,Shanghai,Road,Electronics,5842.51,12.08,3.6,3.7,Fog,0.787,7.01,0,Medium
SC-13146,2025-02-10,Hamburg,Antwerp,Air,Pharmaceuticals,13482.52,152.56,4.32,7.2,Rain,0.611,2.48,0,High
SC-13147,2024-11-30,Rotterdam,Antwerp,Air,Textiles,10163.71,460.61,3.22,3.3,Storm,0.702,1.48,1,Medium
SC-13148,2024-01-31,Shanghai,Antwerp,Rail,Textiles,11917.11,161.15,3.56,6.3,Storm,0.988,31.73,1,Medium
SC-13149,2025-10-11,Hamburg,Busan,Rail,Perishables,7088.01,126.87,3.71,6.6,Storm,0.804,19.92,1,Medium
SC-13150,2024-10-06,Busan,Singapore,Road,Automotive,9638.58,267.58,2.07,7.3,Rain,0.891,10.22,0,Medium
SC-13151,2025-04-06,Antwerp,Singapore,Rail,Pharmaceuticals,4101.56,412.08,1.35,9.0,Hurricane,0.725,33.41,1,Low
SC-13152,2025-05-17,Hamburg,Dubai,Sea,Textiles,10729.18,52.47,1.21,4.3,Storm,0.766,55.18,1,Low
SC-13153,2024-08-21,Rotterdam,Singapore,Sea,Perishables,6700.22,471.57,2.36,1.7,Fog,0.714,15.01,1,Medium
SC-13154,2024-12-30,Dubai,Antwerp,Sea,Pharmaceuticals,6916.91,397.74,2.0,3.2,Hurricane,0.851,88.81,1,Low
SC-13155,2025-07-20,Shanghai,Singapore,Air,Electronics,9915.17,91.44,1.41,4.3,Hurricane,0.926,5.08,1,Low
SC-13156,2025-01-19,Dubai,Marseille,Sea,Textiles,14076.07,356.29,1.79,7.1,Fog,0.754,39.63,0,Low
SC-13157,2025-03-18,Los Angeles,Busan,Road,Textiles,1428.09,193.09,1.61,0.1,Rain,0.74,1.36,0,Low
SC-13158,2024-07-09,Busan,Hamburg,Road,Textiles,12458.78,201.75,4.22,3.2,Rain,0.67,10.79,1,High
SC-13159,2025-11-27,Busan,Dubai,Air,Perishables,4739.56,391.86,1.66,7.8,Clear,0.589,0.87,0,Low
SC-13160,2025-08-22,Antwerp,Shanghai,Sea,Automotive,6936.83,481.43,2.97,6.7,Hurricane,0.97,103.18,1,Medium
SC-13161,2025-11-07,Busan,Shanghai,Rail,Perishables,817.74,64.2,3.16,7.3,Clear,0.658,0.9,1,Medium
SC-13162,2025-01-24,Hamburg,Shanghai,Rail,Automotive,4865.17,210.89,2.99,8.1,Rain,0.9,6.1,1,Medium
SC-13163,2024-03-28,Antwerp,Shanghai,Rail,Pharmaceuticals,7788.15,240.99,1.53,7.8,Rain,0.858,8.05,1,Low
SC-13164,2025-09-25,Shanghai,Rotterdam,Road,Pharmaceuticals,1314.55,188.78,2.25,6.8,Rain,0.895,1.36,0,Medium
SC-13165,2024-10-29,Antwerp,Shanghai,Road,Automotive,7620.89,182.23,1.37,4.4,Storm,0.968,16.63,1,Low
SC-13166,2024-09-09,Dubai,Busan,Sea,Electronics,13943.1,27.08,2.51,9.8,Fog,0.812,43.44,0,Medium
SC-13167,2025-12-31,Rotterdam,Los Angeles,Rail,Automotive,2028.2,343.08,1.82,5.7,Fog,0.949,2.67,1,Low
SC-13168,2024-03-16,Antwerp,Shanghai,Sea,Textiles,11584.39,218.67,3.05,2.0,Clear,0.584,17.94,0,Medium
SC-13169,2024-03-25,Antwerp,Marseille,Sea,Pharmaceuticals,6440.23,98.2,3.49,2.9,Fog,0.813,15.09,1,Medium
SC-13170,2024-10-01,Shanghai,Hamburg,Road,Electronics,10000.02,408.2,2.96,6.9,Clear,0.886,8.58,0,Medium
SC-13171,2024-06-06,Singapore,Busan,Road,Textiles,4273.43,401.48,2.63,9.2,Fog,0.636,5.82,1,Medium
SC-13172,2025-01-24,Dubai,Busan,Road,Pharmaceuticals,2812.64,243.71,2.48,1.8,Rain,0.87,2.26,0,Medium
SC-13173,2025-12-29,Busan,Rotterdam,Road,Pharmaceuticals,2826.71,149.93,3.98,0.8,Clear,0.889,1.4,0,Medium
SC-13174,2025-10-11,Los Angeles,Dubai,Rail,Automotive,1522.13,319.41,1.92,8.8,Fog,0.916,2.69,1,Low
SC-13175,2024-06-06,Rotterdam,Shanghai,Sea,Pharmaceuticals,3191.88,144.79,3.62,9.2,Storm,0.656,19.49,1,Medium
SC-13176,2025-02-02,Busan,Rotterdam,Sea,Electronics,10131.18,118.77,3.7,2.8,Storm,0.841,47.67,1,Medium
SC-13177,2024-11-20,Shanghai,Dubai,Sea,Textiles,13284.51,365.53,2.58,3.8,Storm,0.652,65.77,1,Medium
SC-13178,2025-01-04,Hamburg,Busan,Road,Perishables,12304.82,21.12,2.18,6.6,Fog,0.87,14.93,0,Medium
SC-13179,2024-04-19,Busan,Antwerp,Rail,Perishables,10434.45,48.29,2.75,3.3,Fog,0.731,12.94,1,Medium
SC-13180,2024-04-03,Antwerp,Singapore,Rail,Perishables,2101.26,4.39,1.51,8.8,Fog,0.799,3.39,1,Low
SC-13181,2024-01-06,Shanghai,Antwerp,Sea,Textiles,4693.22,77.32,1.35,1.1,Rain,0.708,8.29,0,Low
SC-13182,2024-11-11,Busan,Hamburg,Sea,Electronics,4992.2,35.43,1.57,0.4,Fog,0.581,11.11,0,Low
SC-13183,2025-03-31,Hamburg,Singapore,Air,Textiles,4124.38,497.91,1.82,2.1,Rain,0.589,0.9,0,Low
SC-13184,2025-01-03,Rotterdam,Antwerp,Rail,Automotive,7967.58,145.12,2.86,2.9,Fog,0.539,9.86,0,Medium
SC-13185,2024-10-03,Rotterdam,Singapore,Sea,Textiles,8265.53,75.48,4.0,1.1,Rain,0.809,14.26,0,Medium
SC-13186,2024-04-14,Hamburg,Singapore,Road,Textiles,5674.85,121.26,1.98,0.7,Fog,0.924,4.7,0,Low
SC-13187,2024-05-15,Los Angeles,Marseille,Rail,Perishables,5629.94,468.13,4.29,7.6,Fog,0.51,7.81,1,High
SC-13188,2024-03-30,Antwerp,Dubai,Sea,Pharmaceuticals,12514.06,260.56,4.35,1.6,Hurricane,0.533,151.44,1,High
SC-13189,2024-07-10,Hamburg,Antwerp,Road,Textiles,11944.75,183.04,4.36,9.1,Storm,0.729,31.22,1,High
SC-13190,2025-03-17,Singapore,Rotterdam,Rail,Textiles,4963.04,436.82,3.96,3.7,Clear,0.869,5.14,0,Medium
SC-13191,2025-04-04,Shanghai,Hamburg,Road,Electronics,13749.93,198.1,2.4,6.7,Hurricane,0.579,87.37,1,Medium
SC-13192,2025-07-24,Singapore,Los Angeles,Sea,Automotive,14315.82,168.17,1.44,2.3,Hurricane,0.636,176.86,1,Low
SC-13193,2025-07-22,Shanghai,Dubai,Sea,Perishables,5237.77,104.43,3.08,2.4,Hurricane,0.616,65.15,1,Medium
SC-13194,2025-06-08,Antwerp,Busan,Rail,Textiles,5639.16,189.52,3.04,5.7,Hurricane,0.7,40.29,1,Medium
SC-13195,2025-02-21,Antwerp,Los Angeles,Air,Pharmaceuticals,7831.7,159.03,4.0,5.6,Fog,0.612,0.5,1,Medium
SC-13196,2024-04-15,Shanghai,Dubai,Road,Electronics,14146.25,338.97,4.49,7.7,Fog,0.676,16.91,1,High
SC-13197,2024-01-27,Busan,Rotterdam,Road,Electronics,13206.63,145.5,2.88,7.6,Storm,0.864,32.77,1,Medium
SC-13198,2024-04-01,Hamburg,Los Angeles,Air,Perishables,1987.24,289.02,2.34,6.7,Fog,0.806,0.73,0,Medium
SC-13199,2024-12-28,Dubai,Rotterdam,Rail,Automotive,6194.6,33.88,1.81,4.5,Storm,0.541,17.03,1,Low
SC-13200,2025-07-21,Hamburg,Los Angeles,Air,Pharmaceuticals,8523.88,96.45,1.22,8.9,Hurricane,0.819,4.92,1,Low
SC-13201,2024-04-05,Shanghai,Hamburg,Road,Electronics,7795.42,204.3,2.88,6.2,Storm,0.739,18.08,1,Medium
SC-13202,2025-09-03,Singapore,Rotterdam,Road,Perishables,3311.01,468.54,3.03,9.9,Storm,0.967,8.45,1,Medium
SC-13203,2025-09-04,Shanghai,Marseille,Air,Textiles,12952.84,189.25,3.92,8.2,Rain,0.645,1.7,1,Medium
SC-13204,2024-11-28,Busan,Singapore,Road,Perishables,10315.64,332.37,2.87,0.4,Storm,0.863,19.24,1,Medium
SC-13205,2025-01-29,Rotterdam,Singapore,Road,Perishables,12649.67,128.29,4.22,3.2,Hurricane,0.865,69.45,1,High
SC-13206,2024-01-13,Rotterdam,Marseille,Sea,Electronics,12952.08,64.39,3.27,5.7,Storm,0.611,68.95,1,Medium
SC-13207,2024-10-25,Antwerp,Dubai,Air,Textiles,11351.16,30.21,3.97,7.2,Rain,0.952,1.44,0,Medium
SC-13208,2025-02-27,Singapore,Shanghai,Road,Perishables,6868.55,153.4,1.69,5.5,Hurricane,0.746,41.9,1,Low
SC-13209,2025-02-01,Shanghai,Dubai,Sea,Textiles,9352.93,79.67,4.02,7.9,Storm,0.839,54.67,1,High
SC-13210,2024-03-27,Antwerp,Dubai,Road,Automotive,2825.3,87.83,3.43,2.8,Rain,0.573,1.86,0,Medium
SC-13211,2025-07-26,Hamburg,Los Angeles,Road,Perishables,10267.86,380.62,1.76,1.8,Fog,0.629,9.07,0,Low
SC-13212,2024-09-05,Dubai,Los Angeles,Sea,Pharmaceuticals,3099.17,8.9,1.83,0.5,Fog,0.793,6.19,1,Low
SC-13213,2025-08-08,Busan,Los Angeles,Rail,Automotive,10562.27,279.35,4.26,5.7,Storm,0.66,28.66,1,High
SC-13214,2025-06-17,Busan,Hamburg,Sea,Electronics,3829.17,190.35,1.31,6.9,Clear,0.75,8.2,0,Low
SC-13215,2024-06-22,Hamburg,Rotterdam,Rail,Automotive,2204.49,253.77,2.73,3.3,Rain,0.687,1.92,0,Medium
SC-13216,2025-12-02,Dubai,Antwerp,Road,Pharmaceuticals,2896.63,281.85,2.23,6.1,Fog,0.82,4.52,0,Medium
SC-13217,2025-01-24,Rotterdam,Hamburg,Air,Automotive,528.89,157.37,3.39,0.5,Fog,0.744,0.5,0,Medium
SC-13218,2024-06-22,Los Angeles,Marseille,Rail,Perishables,10921.72,148.26,3.97,1.0,Fog,0.502,11.25,0,Medium
SC-13219,2024-05-22,Rotterdam,Los Angeles,Road,Automotive,11119.82,366.97,2.39,7.0,Fog,0.825,13.52,1,Medium
SC-13220,2024-10-02,Shanghai,Dubai,Sea,Electronics,7966.53,435.77,2.61,3.7,Hurricane,0.711,105.24,1,Medium
SC-13221,2024-11-04,Hamburg,Singapore,Road,Pharmaceuticals,2839.76,97.1,4.44,6.7,Fog,0.671,2.17,1,High
SC-13222,2024-10-01,Shanghai,Rotterdam,Road,Automotive,1711.54,49.71,3.79,8.3,Storm,0.547,4.65,1,Medium
SC-13223,2025-05-19,Antwerp,Busan,Sea,Pharmaceuticals,777.37,449.0,4.16,8.5,Clear,0.61,2.13,0,High
SC-13224,2024-05-29,Singapore,Shanghai,Air,Electronics,2903.35,175.6,2.65,1.7,Storm,0.612,0.69,1,Medium
SC-13225,2024-03-05,Singapore,Antwerp,Air,Pharmaceuticals,13417.41,276.11,1.97,4.9,Rain,0.968,1.01,1,Low
SC-13226,2024-06-20,Antwerp,Singapore,Sea,Perishables,4002.28,180.41,2.56,7.3,Clear,0.716,7.51,0,Medium
SC-13227,2025-03-21,Shanghai,Busan,Sea,Textiles,5636.93,63.78,3.56,7.7,Fog,0.521,16.17,1,Medium
SC-13228,2024-10-09,Singapore,Los Angeles,Air,Automotive,2027.51,295.08,1.56,7.8,Fog,0.569,0.5,1,Low
SC-13229,2025-03-07,Rotterdam,Antwerp,Road,Perishables,3724.24,263.05,2.09,2.3,Fog,0.54,3.36,0,Medium
SC-13230,2024-11-02,Busan,Singapore,Rail,Electronics,8028.76,102.29,1.35,1.9,Storm,0.794,18.13,0,Low
SC-13231,2025-05-10,Busan,Marseille,Road,Electronics,9312.41,226.48,2.63,5.9,Clear,0.593,7.24,0,Medium
SC-13232,2024-03-19,Antwerp,Busan,Air,Electronics,4057.61,398.68,3.93,7.4,Storm,0.749,0.59,1,Medium
SC-13233,2025-01-04,Busan,Antwerp,Road,Perishables,1337.12,295.62,1.28,3.2,Hurricane,0.685,6.95,1,Low
SC-13234,2024-09-14,Hamburg,Los Angeles,Sea,Perishables,6169.98,49.36,3.43,1.0,Fog,0.902,13.91,1,Medium
SC-13235,2024-09-09,Dubai,Los Angeles,Rail,Perishables,3895.95,274.46,4.28,7.2,Storm,0.66,11.21,1,High
SC-13236,2025-10-02,Antwerp,Marseille,Sea,Pharmaceuticals,3683.53,351.67,1.98,3.0,Rain,0.729,6.79,1,Low
SC-13237,2025-05-22,Hamburg,Shanghai,Sea,Pharmaceuticals,14418.01,396.56,3.49,1.7,Storm,0.861,65.33,1,Medium
SC-13238,2025-08-31,Shanghai,Marseille,Rail,Electronics,9436.36,314.93,4.42,1.5,Clear,0.717,6.81,1,High
SC-13239,2025-09-23,Rotterdam,Marseille,Air,Perishables,8574.74,77.18,4.38,3.1,Clear,0.897,0.55,0,High
SC-13240,2024-07-19,Rotterdam,Shanghai,Sea,Automotive,6528.74,355.38,1.98,5.9,Storm,0.831,35.75,1,Low
SC-13241,2025-04-13,Singapore,Rotterdam,Road,Electronics,6719.69,338.99,1.53,3.6,Fog,0.705,6.77,0,Low
SC-13242,2024-04-19,Los Angeles,Marseille,Rail,Pharmaceuticals,8343.12,13.19,1.69,0.2,Rain,0.752,6.44,0,Low
SC-13243,2024-05-18,Shanghai,Marseille,Rail,Perishables,10598.23,206.46,3.52,1.0,Rain,0.984,9.19,0,Medium
SC-13244,2024-11-07,Singapore,Busan,Rail,Electronics,10681.12,167.14,3.6,2.9,Clear,0.831,7.81,1,Medium
SC-13245,2024-01-07,Los Angeles,Dubai,Sea,Textiles,2989.56,335.04,3.42,6.6,Hurricane,0.952,44.04,1,Medium
SC-13246,2025-02-09,Singapore,Dubai,Road,Pharmaceuticals,7751.63,108.85,2.31,1.0,Hurricane,0.589,38.59,1,Medium
SC-13247,2024-12-06,Los Angeles,Antwerp,Road,Electronics,6473.39,295.85,1.76,5.6,Clear,0.742,3.7,0,Low
SC-13248,2025-09-27,Busan,Los Angeles,Road,Pharmaceuticals,13122.64,456.69,3.12,1.2,Clear,0.954,8.54,0,Medium
SC-13249,2025-01-24,Rotterdam,Los Angeles,Rail,Automotive,9655.57,399.1,2.8,2.1,Clear,0.661,7.32,0,Medium
SC-13250,2024-12-03,Los Angeles,Shanghai,Sea,Textiles,8221.31,460.81,3.61,1.7,Hurricane,0.984,99.8,1,Medium
SC-13251,2025-03-26,Antwerp,Dubai,Air,Textiles,2173.22,489.27,2.66,0.7,Storm,0.549,0.5,1,Medium
SC-13252,2024-12-08,Los Angeles,Busan,Road,Textiles,9281.75,6.32,2.32,6.7,Clear,0.951,7.75,1,Medium
SC-13253,2025-03-16,Shanghai,Hamburg,Rail,Electronics,2199.46,311.75,2.17,4.6,Fog,0.723,3.42,0,Medium
SC-13254,2025-10-28,Hamburg,Shanghai,Road,Textiles,5389.5,207.01,1.9,8.3,Storm,0.537,13.56,1,Low
SC-13255,2025-08-31,Busan,Marseille,Air,Pharmaceuticals,2571.21,430.07,2.08,1.0,Fog,0.94,0.5,0,Medium
SC-13256,2024-05-19,Rotterdam,Singapore,Sea,Textiles,10535.07,126.66,1.51,1.4,Storm,0.626,46.29,1,Low
SC-13257,2024-11-03,Busan,Singapore,Sea,Perishables,3490.66,490.53,2.34,3.1,Hurricane,0.511,45.35,1,Medium
SC-13258,2024-11-24,Antwerp,Marseille,Air,Pharmaceuticals,6181.96,307.24,1.32,7.7,Rain,0.568,0.5,0,Low
SC-13259,2025-09-09,Singapore,Antwerp,Rail,Pharmaceuticals,13487.28,396.98,1.82,3.1,Rain,0.83,12.45,0,Low
SC-13260,2025-12-12,Shanghai,Antwerp,Sea,Perishables,3462.59,43.71,3.66,4.1,Storm,0.989,17.74,1,Medium
SC-13261,2024-07-24,Rotterdam,Shanghai,Road,Electronics,7863.17,92.55,2.27,3.0,Storm,0.556,15.07,0,Medium
SC-13262,2025-05-05,Rotterdam,Dubai,Air,Pharmaceuticals,6579.44,379.44,3.41,0.8,Storm,0.731,0.85,0,Medium
SC-13263,2024-11-17,Busan,Dubai,Road,Automotive,762.8,11.97,3.57,9.4,Rain,0.59,1.25,1,Medium
SC-13264,2024-06-30,Busan,Hamburg,Rail,Pharmaceuticals,11994.99,408.62,3.12,5.5,Hurricane,0.873,84.7,1,Medium
SC-13265,2025-02-11,Busan,Shanghai,Air,Automotive,1501.17,7.96,4.36,7.9,Storm,0.559,0.5,1,High
SC-13266,2024-11-22,Singapore,Antwerp,Air,Automotive,7376.7,328.9,1.27,6.6,Fog,0.62,0.56,0,Low
SC-13267,2024-10-25,Busan,Hamburg,Air,Automotive,8629.84,183.18,3.64,5.1,Storm,0.598,0.69,1,Medium
SC-13268,2025-12-12,Los Angeles,Marseille,Road,Perishables,9612.18,306.14,4.36,0.9,Rain,0.776,7.53,0,High
SC-13269,2025-10-10,Los Angeles,Shanghai,Rail,Automotive,10485.16,348.32,4.05,6.4,Storm,0.937,28.8,1,High
SC-13270,2025-05-17,Hamburg,Antwerp,Sea,Textiles,4172.45,171.9,1.75,1.6,Rain,0.756,7.36,0,Low
SC-13271,2025-08-12,Antwerp,Busan,Road,Textiles,644.69,54.87,2.28,4.1,Rain,0.529,0.5,0,Medium
SC-13272,2024-09-05,Singapore,Marseille,Sea,Electronics,10989.93,35.75,1.77,6.3,Rain,0.782,24.09,1,Low
SC-13273,2024-11-29,Dubai,Hamburg,Rail,Automotive,8267.02,294.88,3.18,7.8,Fog,0.899,12.31,0,Medium
SC-13274,2025-01-20,Singapore,Dubai,Rail,Perishables,12623.71,260.81,3.55,6.9,Fog,0.566,17.63,1,Medium
SC-13275,2024-10-14,Shanghai,Singapore,Rail,Perishables,12410.13,371.36,2.25,6.7,Clear,0.536,10.83,1,Medium
SC-13276,2025-02-06,Antwerp,Rotterdam,Air,Electronics,12728.23,255.36,2.98,1.5,Clear,0.594,1.0,0,Medium
SC-13277,2025-01-08,Antwerp,Los Angeles,Sea,Perishables,7533.87,211.8,3.48,3.5,Clear,0.873,12.52,1,Medium
SC-13278,2024-04-26,Busan,Rotterdam,Rail,Textiles,5337.61,199.65,2.59,0.4,Storm,0.796,11.46,0,Medium
SC-13279,2025-07-31,Hamburg,Singapore,Rail,Perishables,11977.59,14.2,4.02,7.2,Fog,0.77,17.5,0,High
SC-13280,2024-07-23,Singapore,Rotterdam,Rail,Pharmaceuticals,7043.76,168.44,3.75,9.5,Clear,0.625,7.24,0,Medium
SC-13281,2025-08-29,Busan,Rotterdam,Road,Pharmaceuticals,3159.91,488.03,1.41,2.6,Hurricane,0.666,17.59,1,Low
SC-13282,2025-07-12,Antwerp,Rotterdam,Sea,Automotive,12897.12,436.9,3.25,0.9,Clear,0.983,19.4,1,Medium
SC-13283,2024-07-03,Busan,Marseille,Rail,Electronics,13297.12,165.36,1.98,4.8,Clear,0.62,11.72,0,Low
SC-13284,2025-11-29,Busan,Singapore,Road,Electronics,7261.49,294.31,3.04,8.6,Clear,0.951,5.8,0,Medium
SC-13285,2025-07-17,Los Angeles,Singapore,Air,Perishables,1597.65,423.8,4.36,5.5,Rain,0.79,0.5,0,High
SC-13286,2024-01-28,Singapore,Los Angeles,Sea,Perishables,6123.48,221.2,4.1,0.5,Storm,0.562,26.73,0,High
SC-13287,2025-04-17,Singapore,Hamburg,Air,Automotive,12151.3,9.96,2.53,9.7,Hurricane,0.734,6.78,1,Medium
SC-13288,2025-12-26,Antwerp,Dubai,Air,Electronics,13575.72,38.18,2.16,8.3,Storm,0.974,2.8,1,Medium
SC-13289,2024-08-02,Dubai,Antwerp,Rail,Textiles,3450.35,255.69,1.97,1.3,Fog,0.709,3.66,1,Low
SC-13290,2025-03-24,Shanghai,Rotterdam,Road,Electronics,1471.12,484.75,2.96,9.2,Clear,0.932,0.85,1,Medium
SC-13291,2024-10-25,Hamburg,Antwerp,Sea,Perishables,13221.58,346.91,1.58,4.5,Clear,0.628,22.94,1,Low
SC-13292,2025-12-10,Antwerp,Rotterdam,Sea,Electronics,6146.37,36.39,3.01,3.7,Hurricane,0.785,81.18,1,Medium
SC-13293,2024-03-11,Busan,Rotterdam,Sea,Textiles,8355.53,95.49,1.2,4.6,Hurricane,0.922,113.89,1,Low
SC-13294,2025-02-22,Shanghai,Rotterdam,Sea,Automotive,14536.95,385.89,2.27,8.3,Hurricane,0.96,229.23,1,Medium
SC-13295,2025-11-20,Busan,Rotterdam,Road,Electronics,1465.19,420.88,1.93,6.6,Hurricane,0.743,9.2,1,Low
SC-13296,2025-05-26,Dubai,Marseille,Air,Perishables,9900.61,309.23,4.41,0.6,Hurricane,0.82,3.8,1,High
SC-13297,2024-05-22,Busan,Shanghai,Rail,Pharmaceuticals,1574.53,322.57,3.6,9.6,Fog,0.501,2.07,1,Medium
SC-13298,2025-10-10,Antwerp,Rotterdam,Road,Pharmaceuticals,5944.3,15.14,2.35,1.5,Storm,0.627,11.62,1,Medium
SC-13299,2024-11-06,Singapore,Marseille,Rail,Textiles,12155.31,414.44,1.51,7.5,Clear,0.639,12.06,1,Low
SC-13300,2024-09-04,Rotterdam,Busan,Sea,Textiles,6785.35,394.35,2.91,6.4,Clear,0.547,12.18,1,Medium
SC-13301,2024-09-15,Hamburg,Los Angeles,Road,Automotive,14959.14,130.26,1.9,1.9,Hurricane,0.64,78.19,1,Low
SC-13302,2025-11-05,Los Angeles,Hamburg,Air,Electronics,8606.36,354.63,2.97,1.7,Clear,0.661,1.28,1,Medium
SC-13303,2024-06-06,Busan,Antwerp,Air,Automotive,5156.85,108.21,3.96,8.7,Storm,0.984,0.53,1,Medium
SC-13304,2025-03-09,Dubai,Marseille,Air,Automotive,3691.61,21.12,3.23,4.2,Hurricane,0.834,2.04,1,Medium
SC-13305,2025-01-21,Busan,Hamburg,Rail,Perishables,5582.55,101.37,3.29,6.5,Rain,0.713,6.59,1,Medium
SC-13306,2024-03-16,Los Angeles,Dubai,Road,Pharmaceuticals,5901.73,90.14,2.99,5.0,Fog,0.994,6.55,0,Medium
SC-13307,2025-04-04,Los Angeles,Singapore,Air,Automotive,1496.35,169.54,4.26,7.3,Storm,0.577,0.94,1,High
SC-13308,2025-09-04,Dubai,Singapore,Air,Electronics,5858.83,209.81,4.28,4.8,Fog,0.738,1.67,0,High
SC-13309,2025-05-05,Busan,Dubai,Rail,Textiles,7231.46,254.76,2.89,2.9,Fog,0.824,8.79,0,Medium
SC-13310,2025-08-19,Rotterdam,Singapore,Rail,Electronics,10979.7,238.9,2.21,3.6,Clear,0.528,8.89,1,Medium
SC-13311,2025-02-14,Hamburg,Busan,Sea,Textiles,10022.58,136.07,2.72,8.6,Storm,0.858,60.19,0,Medium
SC-13312,2025-07-01,Antwerp,Singapore,Sea,Automotive,10777.1,15.56,1.82,4.7,Storm,0.55,55.83,1,Low
SC-13313,2025-06-02,Antwerp,Rotterdam,Sea,Textiles,621.27,302.95,3.3,2.1,Fog,0.57,0.5,1,Medium
SC-13314,2025-12-09,Dubai,Antwerp,Road,Electronics,3656.18,198.48,2.85,9.3,Fog,0.58,4.79,0,Medium
SC-13315,2025-03-04,Busan,Singapore,Air,Automotive,10094.42,150.04,1.54,8.0,Fog,0.964,0.91,0,Low
SC-13316,2025-07-10,Rotterdam,Antwerp,Air,Automotive,7517.85,433.6,1.85,0.6,Clear,0.842,0.6,0,Low
SC-13317,2024-02-07,Los Angeles,Rotterdam,Rail,Textiles,577.05,373.62,2.78,10.0,Hurricane,0.828,4.71,1,Medium
SC-13318,2025-01-03,Hamburg,Rotterdam,Road,Electronics,12165.17,429.03,4.13,6.9,Fog,0.778,14.59,0,High
SC-13319,2025-12-19,Shanghai,Marseille,Air,Electronics,11705.74,248.0,3.07,1.6,Hurricane,0.646,4.84,1,Medium
SC-13320,2025-07-03,Busan,Singapore,Sea,Automotive,8452.08,66.33,3.45,2.4,Fog,0.81,20.06,0,Medium
SC-13321,2025-08-31,Rotterdam,Dubai,Air,Perishables,1463.72,348.41,2.32,6.9,Clear,0.705,0.93,1,Medium
SC-13322,2025-10-15,Rotterdam,Los Angeles,Road,Automotive,11614.47,103.83,3.09,7.8,Storm,0.573,28.4,1,Medium
SC-13323,2024-03-28,Los Angeles,Shanghai,Sea,Automotive,8963.85,221.17,2.68,2.4,Fog,0.845,20.21,1,Medium
SC-13324,2024-04-21,Rotterdam,Antwerp,Road,Textiles,11838.42,33.44,3.38,2.6,Hurricane,0.565,63.63,1,Medium
SC-13325,2024-09-11,Busan,Shanghai,Rail,Perishables,11400.33,412.83,1.37,3.1,Fog,0.595,13.68,1,Low
SC-13326,2025-11-04,Shanghai,Marseille,Sea,Automotive,12143.53,63.84,2.83,6.0,Fog,0.909,33.45,1,Medium
SC-13327,2025-11-11,Antwerp,Busan,Road,Pharmaceuticals,8011.12,451.65,2.18,1.7,Fog,0.83,7.15,1,Medium
SC-13328,2024-12-29,Busan,Marseille,Sea,Textiles,2534.71,432.25,2.28,1.0,Hurricane,0.815,29.36,1,Medium
SC-13329,2024-06-19,Hamburg,Antwerp,Sea,Electronics,10231.78,232.83,4.37,6.8,Rain,0.709,21.77,1,High
SC-13330,2025-10-24,Los Angeles,Busan,Rail,Perishables,9496.87,372.44,1.8,7.8,Hurricane,0.698,74.0,1,Low
SC-13331,2025-09-19,Los Angeles,Rotterdam,Sea,Electronics,11262.67,310.1,2.23,5.0,Clear,0.845,19.69,0,Medium
SC-13332,2024-02-15,Singapore,Marseille,Sea,Perishables,2963.27,401.73,2.88,3.6,Storm,0.87,14.36,0,Medium
SC-13333,2025-07-30,Singapore,Hamburg,Sea,Perishables,3327.14,216.47,4.05,4.3,Rain,0.755,6.08,1,High
SC-13334,2025-10-22,Dubai,Busan,Rail,Electronics,13410.94,393.12,2.58,3.9,Storm,0.985,32.75,0,Medium
SC-13335,2025-11-24,Hamburg,Busan,Sea,Electronics,11374.68,231.77,3.65,9.6,Fog,0.978,35.28,0,Medium
SC-13336,2025-10-24,Dubai,Hamburg,Air,Automotive,13669.31,470.54,4.03,7.7,Storm,0.706,2.4,1,High
SC-13337,2025-02-13,Rotterdam,Marseille,Road,Electronics,11501.37,243.7,2.22,2.1,Hurricane,0.91,60.52,1,Medium
SC-13338,2024-12-05,Rotterdam,Dubai,Sea,Textiles,9158.75,231.85,2.5,3.8,Hurricane,0.772,122.33,1,Medium
SC-13339,2025-03-16,Singapore,Dubai,Sea,Pharmaceuticals,9984.92,392.75,2.38,5.4,Storm,0.756,52.75,1,Medium
SC-13340,2024-04-18,Shanghai,Marseille,Rail,Electronics,13392.35,410.97,3.95,6.1,Clear,0.527,11.67,1,Medium
SC-13341,2024-01-11,Dubai,Busan,Air,Automotive,8892.7,277.69,1.35,4.7,Hurricane,0.787,4.76,1,Low
SC-13342,2024-04-10,Antwerp,Busan,Road,Automotive,9669.67,90.72,2.22,8.1,Hurricane,0.95,64.08,1,Medium
SC-13343,2024-09-21,Shanghai,Los Angeles,Sea,Automotive,2768.91,234.41,3.44,7.7,Clear,0.89,6.18,0,Medium
SC-13344,2024-08-15,Los Angeles,Rotterdam,Sea,Electronics,7371.86,484.07,3.07,5.1,Storm,0.893,39.18,1,Medium
SC-13345,2025-06-06,Shanghai,Los Angeles,Rail,Textiles,10887.76,376.74,2.64,8.5,Rain,0.58,12.87,1,Medium
SC-13346,2025-06-15,Los Angeles,Rotterdam,Air,Automotive,4428.67,405.77,2.98,7.5,Rain,0.679,0.5,1,Medium
SC-13347,2025-07-25,Busan,Rotterdam,Road,Electronics,3432.69,17.38,1.85,7.8,Rain,0.617,3.19,1,Low
SC-13348,2025-08-17,Hamburg,Los Angeles,Sea,Pharmaceuticals,5050.49,234.46,2.62,9.6,Clear,0.658,10.22,1,Medium
SC-13349,2025-12-05,Dubai,Shanghai,Air,Textiles,4001.76,323.66,2.86,2.7,Rain,0.79,0.5,1,Medium
SC-13350,2025-08-12,Dubai,Shanghai,Air,Textiles,3616.23,415.19,4.17,2.7,Hurricane,0.682,2.23,1,High
SC-13351,2024-08-14,Singapore,Antwerp,Sea,Pharmaceuticals,6660.34,25.59,2.06,8.9,Rain,0.78,15.52,1,Medium
SC-13352,2025-04-01,Hamburg,Marseille,Sea,Pharmaceuticals,13663.66,426.37,4.06,7.7,Fog,0.719,39.96,1,High
SC-13353,2025-01-18,Rotterdam,Shanghai,Road,Electronics,7852.36,274.65,3.33,9.3,Fog,0.643,10.57,1,Medium
SC-13354,2025-02-04,Shanghai,Los Angeles,Sea,Textiles,3224.85,99.46,1.27,0.6,Storm,0.548,13.61,1,Low
SC-13355,2025-04-19,Singapore,Los Angeles,Road,Electronics,1616.09,159.31,3.59,6.3,Clear,0.946,0.72,0,Medium
SC-13356,2025-11-26,Busan,Hamburg,Rail,Pharmaceuticals,10594.26,141.68,1.32,1.4,Storm,0.506,23.73,1,Low
SC-13357,2025-08-25,Busan,Rotterdam,Sea,Textiles,6050.58,265.9,4.49,5.0,Storm,0.501,31.03,1,High
SC-13358,2025-12-08,Shanghai,Hamburg,Sea,Perishables,12416.55,26.79,4.08,1.6,Fog,0.913,28.39,0,High
SC-13359,2025-05-27,Shanghai,Dubai,Road,Perishables,10062.91,80.11,2.18,1.3,Rain,0.998,7.09,0,Medium
SC-13360,2024-06-03,Shanghai,Busan,Rail,Pharmaceuticals,12045.5,406.53,2.05,0.1,Hurricane,0.864,67.6,1,Medium
SC-13361,2024-12-19,Singapore,Hamburg,Sea,Electronics,4443.22,67.17,2.46,6.3,Hurricane,0.508,64.89,1,Medium
SC-13362,2024-01-26,Shanghai,Rotterdam,Rail,Pharmaceuticals,10539.2,117.46,2.38,3.6,Fog,0.613,12.67,1,Medium
SC-13363,2025-05-09,Rotterdam,Dubai,Rail,Textiles,4328.9,227.23,2.43,1.1,Rain,0.986,3.75,1,Medium
SC-13364,2024-04-17,Shanghai,Antwerp,Rail,Automotive,14116.49,259.04,2.25,3.2,Rain,0.904,14.2,0,Medium
SC-13365,2024-10-29,Los Angeles,Dubai,Air,Textiles,9727.43,382.04,3.25,1.7,Clear,0.783,0.5,1,Medium
SC-13366,2025-03-01,Dubai,Rotterdam,Air,Textiles,5205.42,224.22,1.74,9.4,Storm,0.618,0.99,1,Low
SC-13367,2024-03-28,Rotterdam,Singapore,Road,Perishables,4407.92,395.14,3.99,3.2,Clear,0.507,2.67,0,Medium
SC-13368,2024-04-28,Hamburg,Antwerp,Road,Automotive,3268.44,309.55,3.88,3.3,Storm,0.51,6.79,0,Medium
SC-13369,2024-05-25,Busan,Singapore,Air,Electronics,10572.29,57.44,2.77,8.4,Clear,0.806,0.5,1,Medium
SC-13370,2024-12-22,Busan,Los Angeles,Road,Perishables,3671.38,79.01,4.01,6.5,Rain,0.511,2.59,1,High
SC-13371,2024-11-15,Shanghai,Rotterdam,Rail,Textiles,9131.9,219.08,2.02,7.1,Clear,0.997,8.07,1,Medium
SC-13372,2024-12-17,Rotterdam,Singapore,Air,Textiles,4337.21,199.05,1.26,6.4,Hurricane,0.592,3.2,1,Low
SC-13373,2025-04-11,Dubai,Rotterdam,Rail,Electronics,10098.55,372.03,3.24,9.5,Fog,0.855,15.62,1,Medium
SC-13374,2024-07-30,Dubai,Singapore,Rail,Pharmaceuticals,12316.63,290.79,2.71,2.1,Fog,0.578,14.26,1,Medium
SC-13375,2025-06-17,Rotterdam,Los Angeles,Road,Perishables,11781.37,194.68,3.07,9.9,Clear,0.77,10.34,0,Medium
SC-13376,2025-05-09,Shanghai,Rotterdam,Sea,Automotive,11532.34,86.21,4.17,8.3,Storm,0.54,67.99,1,High
SC-13377,2024-12-22,Los Angeles,Antwerp,Road,Pharmaceuticals,3221.97,114.19,4.4,5.9,Fog,0.883,3.51,0,High
SC-13378,2025-05-02,Busan,Dubai,Sea,Textiles,1781.58,288.18,3.29,6.6,Storm,0.792,10.15,1,Medium
SC-13379,2024-04-09,Antwerp,Singapore,Air,Automotive,10634.76,212.3,3.72,6.5,Fog,0.543,1.15,0,Medium
SC-13380,2025-03-24,Singapore,Busan,Road,Electronics,5841.03,257.95,1.48,0.6,Rain,0.924,3.71,0,Low
SC-13381,2025-12-14,Los Angeles,Busan,Air,Perishables,6769.02,86.17,1.73,2.2,Rain,0.774,0.6,0,Low
SC-13382,2025-04-08,Busan,Dubai,Rail,Automotive,951.66,331.79,3.62,9.6,Hurricane,0.961,6.6,1,Medium
SC-13383,2024-11-22,Dubai,Los Angeles,Sea,Perishables,4263.86,426.42,2.62,5.3,Hurricane,0.958,60.24,1,Medium
SC-13384,2024-03-09,Hamburg,Antwerp,Air,Textiles,988.31,129.71,2.67,3.8,Clear,0.96,0.5,0,Medium
SC-13385,2024-11-03,Rotterdam,Busan,Sea,Pharmaceuticals,13248.19,246.27,2.22,7.6,Storm,0.539,76.19,1,Medium
SC-13386,2024-02-15,Shanghai,Los Angeles,Sea,Pharmaceuticals,4029.25,487.79,3.2,5.2,Fog,0.56,10.0,0,Medium
SC-13387,2025-12-28,Hamburg,Busan,Rail,Pharmaceuticals,8581.39,167.29,1.81,0.1,Hurricane,0.994,47.99,1,Low
SC-13388,2024-04-27,Dubai,Hamburg,Rail,Automotive,1065.2,297.93,3.27,7.4,Storm,0.744,3.33,1,Medium
SC-13389,2024-01-24,Antwerp,Busan,Sea,Perishables,10169.29,46.01,1.77,7.3,Rain,0.619,23.91,1,Low
SC-13390,2024-12-17,Dubai,Shanghai,Air,Pharmaceuticals,5183.9,303.4,1.41,1.7,Storm,0.885,0.5,1,Low
SC-13391,2025-10-25,Los Angeles,Hamburg,Rail,Pharmaceuticals,13519.83,45.73,2.29,9.6,Fog,0.632,21.31,0,Medium
SC-13392,2024-04-21,Rotterdam,Dubai,Road,Electronics,13377.71,479.66,1.96,2.2,Storm,0.864,26.63,0,Low
SC-13393,2025-11-24,Antwerp,Dubai,Air,Pharmaceuticals,5216.71,358.12,4.13,4.6,Storm,0.919,0.78,0,High
SC-13394,2024-06-17,Los Angeles,Rotterdam,Air,Textiles,13563.93,394.29,1.38,1.1,Rain,0.892,1.28,0,Low
SC-13395,2024-09-06,Rotterdam,Hamburg,Sea,Perishables,14944.29,352.35,1.78,6.0,Clear,0.637,26.9,0,Low
SC-13396,2025-06-12,Antwerp,Dubai,Road,Automotive,12468.53,295.27,3.01,3.8,Rain,0.701,10.94,0,Medium
SC-13397,2024-06-27,Antwerp,Busan,Rail,Automotive,12750.63,225.51,2.79,3.5,Storm,0.707,30.76,1,Medium
SC-13398,2025-07-19,Antwerp,Busan,Air,Electronics,4110.63,429.33,1.35,8.3,Hurricane,0.746,2.1,1,Low
SC-13399,2024-06-12,Busan,Shanghai,Rail,Textiles,8862.18,478.46,1.22,0.1,Storm,0.584,19.02,1,Low
SC-13400,2024-12-04,Dubai,Marseille,Road,Textiles,1475.21,250.02,4.46,8.0,Storm,0.726,4.43,1,High
SC-13401,2025-07-27,Singapore,Hamburg,Rail,Electronics,1876.31,465.84,3.37,5.7,Clear,0.755,1.66,0,Medium
SC-13402,2025-03-12,Busan,Shanghai,Air,Perishables,14983.94,292.08,2.41,9.9,Clear,0.766,0.5,1,Medium
SC-13403,2025-04-18,Rotterdam,Dubai,Rail,Perishables,5236.27,269.65,2.75,5.9,Rain,0.91,5.55,0,Medium
SC-13404,2024-08-25,Singapore,Antwerp,Air,Electronics,11348.67,227.79,2.08,0.6,Rain,0.759,0.75,0,Medium
SC-13405,2025-02-18,Shanghai,Singapore,Road,Textiles,12196.64,105.43,2.34,0.5,Hurricane,0.615,59.43,1,Medium
SC-13406,2025-10-06,Shanghai,Rotterdam,Sea,Textiles,12941.34,2.86,3.34,8.8,Fog,0.832,39.03,1,Medium
SC-13407,2024-07-07,Dubai,Shanghai,Road,Textiles,14965.61,121.51,4.11,8.4,Rain,0.899,14.95,0,High
SC-13408,2024-07-09,Dubai,Los Angeles,Rail,Perishables,4001.7,255.35,1.81,3.5,Storm,0.66,10.2,1,Low
SC-13409,2025-10-17,Antwerp,Busan,Road,Electronics,1085.09,190.6,3.97,6.2,Clear,0.823,0.5,0,Medium
SC-13410,2025-11-04,Rotterdam,Shanghai,Sea,Textiles,6462.28,224.79,1.6,4.9,Hurricane,0.573,90.0,1,Low
SC-13411,2025-03-18,Antwerp,Shanghai,Road,Pharmaceuticals,2386.17,490.34,1.91,9.7,Fog,0.671,3.94,0,Low
SC-13412,2025-02-09,Singapore,Hamburg,Road,Electronics,825.18,175.79,1.32,9.5,Fog,0.955,0.63,1,Low
SC-13413,2024-01-30,Antwerp,Rotterdam,Air,Electronics,5726.19,226.64,1.66,9.8,Storm,0.956,0.88,1,Low
SC-13414,2025-09-20,Singapore,Dubai,Air,Textiles,11864.2,67.62,4.23,8.7,Fog,0.788,1.53,1,High
SC-13415,2024-07-21,Rotterdam,Hamburg,Rail,Textiles,8709.62,24.93,2.72,9.1,Fog,0.851,12.6,0,Medium
SC-13416,2025-04-05,Singapore,Busan,Rail,Electronics,5035.28,387.93,1.46,2.2,Storm,0.927,11.38,0,Low
SC-13417,2025-08-29,Hamburg,Antwerp,Air,Textiles,9987.96,285.77,4.37,8.3,Clear,0.979,1.29,0,High
SC-13418,2025-03-15,Antwerp,Shanghai,Rail,Automotive,3864.26,380.59,4.1,7.1,Rain,0.745,4.73,0,High
SC-13419,2025-02-02,Antwerp,Rotterdam,Air,Pharmaceuticals,708.53,75.78,3.69,9.6,Clear,0.781,1.04,0,Medium
SC-13420,2024-01-05,Hamburg,Antwerp,Rail,Electronics,11583.12,286.34,4.28,5.7,Rain,0.708,12.5,0,High
SC-13421,2025-12-22,Dubai,Los Angeles,Air,Electronics,9544.27,127.57,1.93,0.9,Storm,0.536,1.25,0,Low
SC-13422,2024-08-07,Dubai,Rotterdam,Road,Pharmaceuticals,11553.39,114.8,3.96,6.0,Clear,0.711,8.96,0,Medium
SC-13423,2024-07-29,Singapore,Los Angeles,Rail,Pharmaceuticals,1064.6,6.75,3.48,6.9,Hurricane,0.895,7.87,1,Medium
SC-13424,2024-10-12,Hamburg,Singapore,Road,Perishables,12638.23,66.04,4.07,2.2,Rain,0.902,9.95,1,High
SC-13425,2025-12-21,Rotterdam,Los Angeles,Air,Perishables,9483.13,155.32,3.83,3.9,Clear,0.946,0.58,0,Medium
SC-13426,2024-03-05,Antwerp,Dubai,Sea,Electronics,8669.23,59.32,2.34,6.0,Rain,0.526,18.31,0,Medium
SC-13427,2025-08-14,Busan,Rotterdam,Rail,Electronics,9556.9,492.94,3.76,3.7,Storm,0.764,23.78,1,Medium
SC-13428,2024-04-14,Los Angeles,Singapore,Rail,Automotive,13034.28,155.01,2.07,3.7,Hurricane,0.554,85.28,1,Medium
SC-13429,2025-07-03,Busan,Dubai,Sea,Textiles,9010.58,66.03,2.28,1.3,Storm,0.6,39.68,1,Medium
SC-13430,2024-07-10,Dubai,Los Angeles,Road,Automotive,8923.78,100.34,1.56,9.4,Rain,0.95,9.31,0,Low
SC-13431,2025-01-09,Antwerp,Rotterdam,Road,Textiles,14864.85,294.26,4.29,7.5,Storm,0.748,35.38,1,High
SC-13432,2024-11-29,Los Angeles,Dubai,Rail,Automotive,11472.59,32.96,2.16,0.0,Fog,0.879,12.34,0,Medium
SC-13433,2024-07-20,Hamburg,Rotterdam,Sea,Textiles,6913.26,431.35,2.92,7.7,Storm,0.532,38.81,1,Medium
SC-13434,2025-04-13,Shanghai,Marseille,Road,Electronics,10757.26,480.79,2.49,7.4,Hurricane,0.708,70.51,1,Medium
SC-13435,2024-04-26,Singapore,Rotterdam,Rail,Automotive,6143.84,124.13,4.37,0.1,Clear,0.837,3.64,0,High
SC-13436,2024-09-25,Dubai,Los Angeles,Road,Pharmaceuticals,3818.69,225.6,2.31,3.7,Storm,0.567,7.88,1,Medium
SC-13437,2025-11-17,Antwerp,Rotterdam,Rail,Perishables,9154.35,12.05,3.77,6.1,Rain,0.663,10.2,0,Medium
SC-13438,2025-05-16,Rotterdam,Antwerp,Rail,Pharmaceuticals,13958.64,320.71,4.02,4.5,Hurricane,0.532,96.2,1,High
SC-13439,2025-06-24,Hamburg,Los Angeles,Sea,Pharmaceuticals,13972.52,207.55,2.64,7.8,Hurricane,0.826,215.7,1,Medium
SC-13440,2025-10-16,Los Angeles,Hamburg,Rail,Electronics,5457.63,135.76,2.45,4.3,Hurricane,0.985,35.78,1,Medium
SC-13441,2024-11-16,Shanghai,Singapore,Road,Electronics,8151.32,104.21,3.67,1.5,Storm,0.914,16.15,1,Medium
SC-13442,2025-09-03,Hamburg,Antwerp,Air,Textiles,3568.72,327.36,4.21,9.8,Rain,0.987,0.5,1,High
SC-13443,2025-02-01,Dubai,Hamburg,Air,Perishables,14936.65,208.69,3.69,2.4,Clear,0.923,0.91,0,Medium
SC-13444,2025-09-17,Rotterdam,Antwerp,Air,Electronics,14726.21,90.65,1.95,7.2,Fog,0.928,1.84,0,Low
SC-13445,2025-02-05,Singapore,Antwerp,Sea,Automotive,9917.88,344.87,4.13,1.4,Hurricane,0.789,116.97,1,High
SC-13446,2025-08-24,Singapore,Busan,Sea,Perishables,12164.0,282.97,2.48,3.3,Hurricane,0.759,157.39,1,Medium
SC-13447,2024-04-26,Hamburg,Busan,Rail,Pharmaceuticals,10868.95,429.48,3.1,4.4,Storm,0.703,27.44,1,Medium
SC-13448,2024-12-22,Los Angeles,Dubai,Rail,Pharmaceuticals,9100.79,59.62,3.94,1.9,Storm,0.909,21.39,0,Medium
SC-13449,2024-12-26,Hamburg,Rotterdam,Sea,Electronics,1273.55,393.05,1.82,4.5,Hurricane,0.591,17.7,1,Low
SC-13450,2025-04-13,Antwerp,Hamburg,Sea,Automotive,7094.08,337.08,3.79,1.6,Hurricane,0.528,84.2,1,Medium
SC-13451,2025-09-24,Shanghai,Singapore,Road,Pharmaceuticals,10284.4,58.39,3.17,5.6,Clear,0.974,8.46,0,Medium
SC-13452,2024-06-25,Singapore,Shanghai,Rail,Textiles,10324.21,347.72,4.15,6.6,Hurricane,0.502,76.62,1,High
SC-13453,2025-11-20,Dubai,Hamburg,Sea,Perishables,5910.28,221.33,1.77,0.6,Hurricane,0.988,66.95,1,Low
SC-13454,2025-12-23,Hamburg,Marseille,Sea,Electronics,14154.53,472.55,2.59,8.7,Storm,0.864,84.69,1,Medium
SC-13455,2024-10-31,Dubai,Los Angeles,Air,Perishables,2926.68,71.66,3.95,1.9,Clear,0.664,0.68,0,Medium
SC-13456,2025-09-21,Shanghai,Marseille,Sea,Perishables,7755.21,321.77,1.26,2.3,Rain,0.849,13.77,0,Low
SC-13457,2025-08-27,Singapore,Marseille,Sea,Automotive,10517.82,191.61,1.57,6.6,Hurricane,0.909,156.2,1,Low
SC-13458,2024-03-27,Shanghai,Antwerp,Sea,Automotive,10608.47,478.45,4.47,4.7,Fog,0.623,26.52,1,High
SC-13459,2025-11-19,Busan,Rotterdam,Road,Automotive,9905.26,165.66,2.13,5.0,Storm,0.885,21.71,0,Medium
SC-13460,2024-05-17,Hamburg,Rotterdam,Road,Automotive,4491.68,481.13,4.42,1.3,Storm,0.902,8.06,1,High
SC-13461,2024-11-16,Singapore,Busan,Sea,Perishables,2765.0,450.84,1.8,8.1,Hurricane,0.625,43.79,1,Low
SC-13462,2024-04-30,Busan,Rotterdam,Sea,Electronics,9721.13,135.92,2.39,6.2,Clear,0.521,17.42,1,Medium
SC-13463,2024-09-01,Dubai,Los Angeles,Air,Textiles,9189.88,401.97,3.68,1.4,Fog,0.602,0.5,1,Medium
SC-13464,2024-11-08,Los Angeles,Antwerp,Rail,Pharmaceuticals,3100.66,497.81,3.37,3.7,Fog,0.6,4.06,1,Medium
SC-13465,2024-04-29,Los Angeles,Rotterdam,Rail,Pharmaceuticals,10724.52,127.08,3.12,8.1,Storm,0.533,31.73,1,Medium
SC-13466,2024-07-06,Dubai,Antwerp,Road,Electronics,7099.99,218.95,2.95,5.7,Hurricane,0.863,43.75,1,Medium
SC-13467,2025-01-17,Hamburg,Antwerp,Road,Perishables,10182.53,260.57,3.98,1.1,Rain,0.69,7.53,0,Medium
SC-13468,2025-12-11,Hamburg,Los Angeles,Sea,Electronics,12641.82,148.17,1.98,3.7,Rain,0.942,25.12,0,Low
SC-13469,2024-05-24,Rotterdam,Los Angeles,Air,Automotive,2961.06,8.62,2.66,2.4,Hurricane,0.626,1.06,1,Medium
SC-13470,2025-06-07,Antwerp,Dubai,Air,Perishables,777.6,110.84,1.71,5.2,Rain,0.727,0.9,0,Low
SC-13471,2025-02-01,Los Angeles,Shanghai,Sea,Electronics,11796.99,141.69,3.17,8.4,Clear,0.82,23.87,1,Medium
SC-13472,2025-03-04,Shanghai,Los Angeles,Road,Textiles,9340.61,222.36,2.03,4.4,Hurricane,0.939,54.72,1,Medium
SC-13473,2025-09-02,Dubai,Hamburg,Rail,Textiles,10644.77,86.38,2.3,4.3,Rain,0.762,11.19,0,Medium
SC-13474,2024-05-21,Los Angeles,Rotterdam,Air,Automotive,12653.25,436.75,2.76,9.1,Storm,0.687,3.13,1,Medium
SC-13475,2025-08-11,Dubai,Antwerp,Rail,Pharmaceuticals,12140.76,352.75,1.29,5.8,Hurricane,0.934,86.26,1,Low
SC-13476,2025-01-27,Busan,Shanghai,Rail,Textiles,14433.34,43.52,1.5,5.7,Hurricane,0.655,103.2,1,Low
SC-13477,2025-03-09,Shanghai,Rotterdam,Sea,Automotive,8271.06,325.4,3.46,2.6,Clear,0.54,13.05,0,Medium
SC-13478,2024-07-09,Rotterdam,Los Angeles,Air,Perishables,7583.19,327.17,2.62,6.1,Hurricane,0.723,4.75,1,Medium
SC-13479,2025-05-13,Antwerp,Busan,Sea,Perishables,6327.36,478.15,4.05,5.8,Clear,0.893,11.72,0,High
SC-13480,2025-10-12,Antwerp,Rotterdam,Sea,Perishables,2728.52,2.51,3.49,4.0,Clear,0.515,4.82,0,Medium
SC-13481,2025-07-04,Shanghai,Hamburg,Air,Perishables,8802.8,124.72,1.23,9.9,Rain,0.793,0.5,1,Low
SC-13482,2025-12-11,Shanghai,Dubai,Air,Pharmaceuticals,4516.68,463.97,3.24,8.8,Hurricane,0.797,2.67,1,Medium
SC-13483,2025-10-22,Singapore,Marseille,Road,Perishables,13858.96,466.13,1.51,7.5,Clear,0.964,11.06,1,Low
SC-13484,2024-06-26,Antwerp,Shanghai,Rail,Pharmaceuticals,8956.27,360.57,3.78,5.4,Storm,0.643,23.8,1,Medium
SC-13485,2025-07-22,Rotterdam,Hamburg,Rail,Pharmaceuticals,9096.18,383.12,4.47,4.6,Fog,0.639,11.46,1,High
SC-13486,2024-06-19,Busan,Shanghai,Sea,Automotive,5646.41,46.65,2.95,1.8,Rain,0.72,10.14,1,Medium
SC-13487,2025-05-16,Los Angeles,Busan,Sea,Textiles,1253.85,257.42,3.45,3.1,Storm,0.678,6.25,1,Medium
SC-13488,2024-10-22,Busan,Los Angeles,Air,Perishables,960.28,116.56,1.98,7.7,Rain,0.868,0.5,0,Low
SC-13489,2024-05-23,Shanghai,Busan,Road,Electronics,6638.36,91.43,2.64,4.5,Hurricane,0.821,38.84,1,Medium
SC-13490,2024-07-10,Dubai,Hamburg,Sea,Automotive,1726.2,405.34,4.03,8.8,Rain,0.879,3.39,0,High
SC-13491,2024-11-18,Antwerp,Shanghai,Sea,Pharmaceuticals,9299.28,68.38,1.75,1.5,Storm,0.91,41.2,1,Low
SC-13492,2025-04-06,Antwerp,Busan,Rail,Electronics,13274.11,234.86,2.08,5.1,Rain,0.961,14.2,0,Medium
SC-13493,2025-09-26,Hamburg,Rotterdam,Sea,Pharmaceuticals,13302.26,469.35,2.67,6.5,Clear,0.715,23.84,0,Medium
SC-13494,2024-02-24,Busan,Shanghai,Rail,Perishables,10056.16,93.73,3.55,5.2,Hurricane,0.992,70.93,1,Medium
SC-13495,2025-01-02,Antwerp,Dubai,Air,Electronics,3562.86,489.02,2.44,8.9,Storm,0.608,1.29,1,Medium
SC-13496,2024-01-10,Busan,Hamburg,Air,Textiles,13013.45,497.15,4.26,9.9,Hurricane,0.857,7.97,1,High
SC-13497,2025-05-11,Busan,Singapore,Rail,Automotive,13348.35,278.25,1.51,1.2,Fog,0.767,16.21,0,Low
SC-13498,2024-05-19,Antwerp,Marseille,Rail,Electronics,3351.48,85.9,2.42,1.3,Rain,0.908,3.6,0,Medium
SC-13499,2024-07-18,Rotterdam,Hamburg,Road,Pharmaceuticals,11192.68,158.74,3.54,1.3,Clear,0.738,6.62,0,Medium
SC-13500,2025-01-28,Rotterdam,Shanghai,Rail,Automotive,4654.53,212.82,1.95,6.8,Hurricane,0.892,35.04,1,Low
SC-13501,2025-07-29,Rotterdam,Busan,Sea,Perishables,12138.28,155.35,3.37,3.7,Clear,0.965,20.03,0,Medium
SC-13502,2025-06-01,Busan,Antwerp,Road,Textiles,14959.95,141.04,1.74,7.3,Rain,0.866,14.22,0,Low
SC-13503,2025-10-30,Busan,Rotterdam,Rail,Perishables,935.38,486.14,1.38,4.1,Clear,0.888,0.5,0,Low
SC-13504,2025-05-21,Rotterdam,Busan,Sea,Electronics,13511.81,77.53,1.6,6.3,Hurricane,0.534,197.74,1,Low
SC-13505,2025-02-22,Shanghai,Hamburg,Road,Pharmaceuticals,9528.14,366.93,4.27,7.7,Storm,0.602,23.26,1,High
SC-13506,2025-12-02,Los Angeles,Marseille,Sea,Perishables,14614.05,1.2,3.02,5.5,Rain,0.987,30.98,0,Medium
SC-13507,2025-05-18,Busan,Shanghai,Road,Textiles,7242.64,298.5,3.83,5.4,Fog,0.847,7.75,1,Medium
SC-13508,2025-03-01,Busan,Shanghai,Air,Perishables,12787.12,458.06,2.3,0.9,Rain,0.781,0.5,0,Medium
SC-13509,2025-12-28,Singapore,Dubai,Air,Electronics,1404.71,144.68,3.16,4.1,Storm,0.683,0.5,1,Medium
SC-13510,2025-03-30,Rotterdam,Los Angeles,Road,Automotive,5361.55,93.58,2.83,5.5,Clear,0.522,4.26,0,Medium
SC-13511,2025-05-15,Dubai,Busan,Sea,Electronics,1471.74,326.19,4.32,4.6,Clear,0.685,1.22,1,High
SC-13512,2024-06-20,Shanghai,Antwerp,Rail,Perishables,14642.48,356.59,3.67,9.0,Storm,0.749,44.25,1,Medium
SC-13513,2024-03-25,Antwerp,Marseille,Rail,Pharmaceuticals,12346.12,344.33,3.61,9.1,Fog,0.606,18.32,0,Medium
SC-13514,2025-08-01,Shanghai,Singapore,Sea,Electronics,12861.94,160.34,1.35,8.2,Clear,0.587,25.91,1,Low
SC-13515,2024-02-01,Shanghai,Marseille,Air,Perishables,14100.5,126.85,3.01,3.8,Rain,0.754,2.52,0,Medium
SC-13516,2024-08-13,Dubai,Hamburg,Sea,Perishables,1734.0,478.0,2.74,7.2,Rain,0.793,3.75,0,Medium
SC-13517,2024-10-26,Hamburg,Marseille,Sea,Pharmaceuticals,6091.17,461.73,4.26,4.0,Clear,0.62,9.27,0,High
SC-13518,2024-02-03,Singapore,Hamburg,Sea,Perishables,1530.01,229.2,2.05,2.3,Storm,0.794,7.17,1,Medium
SC-13519,2024-10-08,Rotterdam,Dubai,Road,Electronics,3556.5,423.25,2.09,3.4,Storm,0.95,7.34,0,Medium
SC-13520,2024-08-18,Shanghai,Antwerp,Rail,Automotive,3825.8,226.71,2.56,0.7,Storm,0.737,9.24,1,Medium
SC-13521,2025-07-04,Dubai,Hamburg,Air,Electronics,7302.05,212.77,2.0,3.3,Rain,0.929,1.37,0,Low
SC-13522,2024-10-22,Hamburg,Dubai,Rail,Pharmaceuticals,4394.15,79.22,1.63,4.6,Clear,0.964,4.19,0,Low
SC-13523,2024-06-21,Dubai,Shanghai,Sea,Textiles,1964.18,213.78,4.03,9.6,Clear,0.546,3.74,0,High
SC-13524,2025-04-13,Hamburg,Singapore,Air,Electronics,2928.62,269.17,3.04,3.1,Storm,0.548,0.87,1,Medium
SC-13525,2025-08-02,Hamburg,Shanghai,Sea,Perishables,2635.5,12.23,4.04,9.0,Rain,0.738,6.51,0,High
SC-13526,2025-05-22,Busan,Marseille,Sea,Automotive,14609.61,222.61,3.94,2.3,Clear,0.794,22.73,0,Medium
SC-13527,2025-07-16,Singapore,Los Angeles,Rail,Electronics,11509.74,390.9,2.13,1.9,Rain,0.713,9.73,0,Medium
SC-13528,2025-06-07,Rotterdam,Busan,Rail,Textiles,14532.54,340.34,3.01,5.2,Clear,0.663,13.24,1,Medium
SC-13529,2024-04-25,Rotterdam,Los Angeles,Air,Textiles,6876.24,317.94,1.47,6.7,Storm,0.82,1.49,0,Low
SC-13530,2025-08-09,Antwerp,Marseille,Sea,Textiles,4536.34,454.87,4.22,0.4,Storm,0.501,19.27,0,High
SC-13531,2024-04-26,Singapore,Hamburg,Air,Electronics,12075.25,10.0,2.53,2.2,Clear,0.984,0.5,0,Medium
SC-13532,2024-10-01,Hamburg,Shanghai,Road,Electronics,5230.68,278.97,2.5,4.6,Fog,0.616,5.34,0,Medium
SC-13533,2025-07-10,Hamburg,Busan,Sea,Pharmaceuticals,4841.06,393.89,2.2,3.3,Fog,0.959,11.91,0,Medium
SC-13534,2025-01-10,Los Angeles,Antwerp,Rail,Textiles,3871.34,271.13,2.72,7.1,Hurricane,0.555,28.3,1,Medium
SC-13535,2025-07-09,Rotterdam,Antwerp,Sea,Electronics,2380.35,162.62,2.03,5.1,Clear,0.619,4.55,1,Medium
SC-13536,2024-02-12,Busan,Singapore,Sea,Textiles,4218.71,68.99,2.44,1.6,Clear,0.617,5.8,0,Medium
SC-13537,2025-03-27,Singapore,Shanghai,Rail,Electronics,5652.14,443.89,3.84,8.9,Clear,0.998,4.65,1,Medium
SC-13538,2025-07-13,Shanghai,Marseille,Sea,Pharmaceuticals,10272.92,235.91,3.95,2.9,Hurricane,0.502,131.77,1,Medium
SC-13539,2024-08-11,Dubai,Shanghai,Air,Electronics,1407.19,439.18,2.2,7.3,Fog,0.82,0.5,0,Medium
SC-13540,2025-03-11,Shanghai,Marseille,Rail,Pharmaceuticals,3552.35,293.34,2.75,7.8,Storm,0.935,9.93,1,Medium
SC-13541,2024-04-14,Singapore,Los Angeles,Air,Electronics,12230.84,337.42,4.08,9.6,Hurricane,0.836,8.12,1,High
SC-13542,2025-10-31,Antwerp,Dubai,Rail,Pharmaceuticals,2630.37,402.33,1.37,5.0,Hurricane,0.681,19.18,1,Low
SC-13543,2024-09-10,Busan,Antwerp,Rail,Automotive,5468.35,329.92,4.13,6.2,Storm,0.979,14.13,1,High
SC-13544,2024-10-31,Hamburg,Antwerp,Air,Pharmaceuticals,13037.55,199.63,1.92,3.3,Storm,0.947,1.9,1,Low
SC-13545,2024-02-03,Busan,Singapore,Rail,Electronics,2746.42,257.3,3.44,6.8,Storm,0.717,7.22,1,Medium
SC-13546,2025-04-05,Dubai,Marseille,Rail,Textiles,1699.68,401.72,3.12,4.6,Fog,0.787,2.65,1,Medium
SC-13547,2024-09-26,Antwerp,Busan,Air,Automotive,7525.8,187.45,3.02,4.4,Fog,0.984,1.54,0,Medium
SC-13548,2024-12-22,Busan,Marseille,Sea,Automotive,4885.08,194.67,4.04,8.6,Fog,0.991,13.99,1,High
SC-13549,2024-03-30,Rotterdam,Singapore,Rail,Pharmaceuticals,8669.42,48.75,1.54,0.5,Rain,0.725,8.11,0,Low
SC-13550,2025-03-25,Rotterdam,Antwerp,Road,Pharmaceuticals,12155.17,457.38,2.35,8.8,Storm,0.924,30.92,1,Medium
SC-13551,2024-04-30,Busan,Antwerp,Sea,Perishables,2488.65,46.43,2.98,8.5,Storm,0.651,14.96,1,Medium
SC-13552,2024-08-30,Busan,Singapore,Sea,Automotive,8920.14,324.46,3.88,5.1,Storm,0.686,45.94,1,Medium
SC-13553,2024-08-02,Busan,Los Angeles,Sea,Textiles,7829.88,207.18,1.91,4.9,Clear,0.582,13.48,0,Low
SC-13554,2025-08-25,Rotterdam,Marseille,Road,Perishables,2589.14,203.4,3.85,3.6,Hurricane,0.605,14.5,1,Medium
SC-13555,2025-12-06,Dubai,Singapore,Road,Textiles,9547.98,340.1,2.52,9.9,Rain,0.828,10.05,1,Medium
SC-13556,2024-12-25,Shanghai,Dubai,Sea,Automotive,4467.79,34.48,1.82,1.1,Hurricane,0.755,52.59,1,Low
SC-13557,2025-12-28,Antwerp,Shanghai,Sea,Pharmaceuticals,7573.6,297.26,3.7,5.9,Hurricane,0.616,108.48,1,Medium
SC-13558,2025-09-16,Antwerp,Hamburg,Road,Electronics,1692.95,386.24,1.5,6.8,Clear,0.701,0.91,1,Low
SC-13559,2025-10-09,Los Angeles,Antwerp,Road,Textiles,7163.97,414.28,2.9,9.3,Rain,0.687,7.73,1,Medium
SC-13560,2025-03-14,Antwerp,Singapore,Sea,Pharmaceuticals,4943.72,86.09,1.41,7.8,Fog,0.994,14.99,1,Low
SC-13561,2024-06-18,Dubai,Busan,Sea,Perishables,12424.53,448.81,2.38,6.4,Hurricane,0.927,182.48,1,Medium
SC-13562,2025-09-22,Singapore,Hamburg,Road,Electronics,1326.19,328.42,3.18,1.2,Hurricane,0.694,6.94,1,Medium
SC-13563,2024-05-22,Busan,Dubai,Road,Electronics,6569.81,441.05,3.04,3.7,Storm,0.957,14.3,1,Medium
SC-13564,2024-07-30,Hamburg,Dubai,Road,Textiles,7147.26,243.16,2.54,1.4,Storm,0.671,14.06,0,Medium
SC-13565,2024-07-30,Shanghai,Dubai,Rail,Textiles,11012.59,271.47,2.62,8.8,Rain,0.834,12.74,0,Medium
SC-13566,2024-03-01,Rotterdam,Los Angeles,Sea,Perishables,8827.17,459.6,1.95,7.5,Clear,0.983,16.47,0,Low
SC-13567,2025-08-06,Singapore,Hamburg,Air,Electronics,10174.58,450.05,2.7,7.6,Fog,0.695,0.75,1,Medium
SC-13568,2024-12-25,Hamburg,Busan,Road,Pharmaceuticals,11767.21,224.63,4.35,6.5,Storm,0.84,28.83,1,High
SC-13569,2025-06-29,Shanghai,Singapore,Rail,Perishables,13001.94,137.93,4.01,5.1,Clear,0.648,11.57,1,High
SC-13570,2024-10-14,Shanghai,Dubai,Air,Automotive,5051.19,197.19,1.68,1.5,Hurricane,0.633,2.49,1,Low
SC-13571,2025-09-03,Los Angeles,Busan,Air,Perishables,8301.33,194.49,1.3,3.3,Clear,0.787,0.69,0,Low
SC-13572,2025-07-05,Singapore,Hamburg,Air,Automotive,12681.57,144.15,4.28,1.4,Clear,0.99,0.5,0,High
SC-13573,2024-06-21,Los Angeles,Rotterdam,Rail,Automotive,14847.04,135.02,2.94,7.2,Fog,0.727,22.04,0,Medium
SC-13574,2024-11-27,Busan,Los Angeles,Rail,Automotive,13398.03,430.67,2.97,1.6,Clear,0.969,10.29,0,Medium
SC-13575,2025-12-21,Singapore,Dubai,Rail,Automotive,5886.28,35.86,3.78,7.0,Fog,0.957,8.65,1,Medium
SC-13576,2024-10-26,Shanghai,Antwerp,Air,Textiles,3329.91,339.13,2.24,6.9,Fog,0.627,0.5,1,Medium
SC-13577,2024-10-23,Rotterdam,Dubai,Sea,Pharmaceuticals,7596.19,87.24,2.79,4.6,Hurricane,0.701,104.18,1,Medium
SC-13578,2025-08-09,Singapore,Rotterdam,Sea,Electronics,11253.8,172.91,4.4,1.4,Clear,0.822,16.51,0,High
SC-13579,2024-09-30,Hamburg,Busan,Road,Automotive,7642.25,31.71,3.42,3.1,Clear,0.759,4.6,1,Medium
SC-13580,2025-06-10,Los Angeles,Shanghai,Road,Automotive,7506.12,135.72,1.71,3.2,Clear,0.548,4.71,0,Low
SC-13581,2025-11-26,Los Angeles,Dubai,Road,Textiles,12654.34,384.44,1.64,7.0,Hurricane,0.997,80.73,1,Low
SC-13582,2024-04-07,Busan,Dubai,Road,Textiles,5740.35,442.62,1.87,1.1,Rain,0.876,3.69,0,Low
SC-13583,2024-05-18,Shanghai,Los Angeles,Air,Automotive,12967.02,111.54,3.73,8.3,Rain,0.719,1.18,1,Medium
SC-13584,2025-02-25,Dubai,Marseille,Rail,Automotive,6398.67,232.31,2.17,7.6,Storm,0.809,18.21,1,Medium
SC-13585,2024-03-01,Antwerp,Hamburg,Rail,Automotive,5259.38,235.69,1.27,1.9,Rain,0.544,4.96,0,Low
SC-13586,2024-10-10,Singapore,Shanghai,Sea,Pharmaceuticals,7082.85,436.91,4.32,7.2,Clear,0.748,14.21,1,High
SC-13587,2025-11-02,Busan,Shanghai,Air,Textiles,11555.48,381.64,1.76,6.7,Fog,0.965,1.14,1,Low
SC-13588,2024-05-09,Singapore,Antwerp,Air,Electronics,2327.03,257.03,1.23,7.5,Hurricane,0.948,0.5,1,Low
SC-13589,2025-12-19,Dubai,Marseille,Rail,Electronics,3348.08,335.7,1.98,1.9,Rain,0.669,2.93,0,Low
SC-13590,2024-05-15,Antwerp,Busan,Sea,Textiles,14295.95,423.83,1.98,1.6,Fog,0.766,32.73,1,Low
SC-13591,2024-09-12,Rotterdam,Marseille,Sea,Electronics,3044.63,5.76,2.59,2.4,Hurricane,0.849,37.79,1,Medium
SC-13592,2024-05-29,Antwerp,Marseille,Road,Textiles,8732.05,202.04,4.24,3.7,Rain,0.67,8.14,0,High
SC-13593,2025-12-29,Singapore,Los Angeles,Air,Electronics,8900.06,453.71,4.1,7.9,Rain,0.532,1.0,0,High
SC-13594,2024-11-25,Dubai,Hamburg,Road,Textiles,7599.55,370.42,2.71,7.4,Clear,0.753,5.27,1,Medium
SC-13595,2024-09-10,Antwerp,Busan,Rail,Textiles,9848.81,271.88,2.56,9.3,Fog,0.801,15.06,0,Medium
SC-13596,2025-11-23,Hamburg,Dubai,Rail,Perishables,3832.49,265.29,3.03,0.6,Storm,0.503,8.37,0,Medium
SC-13597,2025-02-06,Shanghai,Dubai,Air,Automotive,8513.6,174.54,2.0,0.1,Fog,0.548,1.21,0,Low
SC-13598,2025-05-16,Shanghai,Busan,Road,Automotive,5896.51,260.74,1.37,7.0,Rain,0.604,6.59,0,Low
SC-13599,2024-05-25,Shanghai,Dubai,Air,Textiles,10094.18,328.04,4.3,2.8,Fog,0.674,1.35,1,High
SC-13600,2025-08-14,Rotterdam,Marseille,Rail,Pharmaceuticals,2547.74,209.76,1.82,3.3,Hurricane,0.771,16.74,1,Low
SC-13601,2025-10-09,Hamburg,Rotterdam,Sea,Automotive,8777.72,357.36,1.85,5.5,Hurricane,0.647,124.53,1,Low
SC-13602,2024-10-02,Rotterdam,Dubai,Road,Automotive,3186.42,430.75,2.76,1.0,Fog,0.638,2.91,1,Medium
SC-13603,2025-10-04,Rotterdam,Singapore,Rail,Automotive,4540.32,78.19,2.82,6.4,Rain,0.935,4.27,1,Medium
SC-13604,2025-02-28,Hamburg,Shanghai,Air,Perishables,3671.29,226.32,1.26,3.3,Clear,0.573,0.5,1,Low
SC-13605,2025-01-19,Shanghai,Los Angeles,Sea,Perishables,3151.15,204.6,1.69,6.3,Hurricane,0.748,46.27,1,Low
SC-13606,2025-04-07,Rotterdam,Hamburg,Air,Pharmaceuticals,12472.81,344.04,2.45,8.3,Rain,0.976,0.5,0,Medium
SC-13607,2024-03-18,Hamburg,Marseille,Air,Pharmaceuticals,4642.76,125.68,3.46,1.7,Storm,0.813,1.45,0,Medium
SC-13608,2025-10-10,Antwerp,Rotterdam,Air,Textiles,13943.29,320.49,1.95,9.3,Fog,0.859,2.1,0,Low
SC-13609,2024-04-05,Rotterdam,Antwerp,Air,Automotive,14563.93,438.87,2.6,5.3,Hurricane,0.716,6.99,1,Medium
SC-13610,2025-02-16,Singapore,Shanghai,Rail,Pharmaceuticals,8783.28,209.65,3.04,9.2,Clear,0.51,9.6,1,Medium
SC-13611,2025-06-11,Dubai,Los Angeles,Rail,Electronics,2573.52,455.6,4.13,2.1,Clear,0.823,1.82,1,High
SC-13612,2024-10-11,Rotterdam,Shanghai,Sea,Perishables,5930.95,496.59,2.28,6.0,Clear,0.816,10.34,1,Medium
SC-13613,2025-12-12,Singapore,Shanghai,Sea,Textiles,12067.12,53.94,1.64,4.0,Storm,0.555,60.97,1,Low
SC-13614,2025-01-12,Singapore,Antwerp,Sea,Perishables,5827.17,117.29,2.81,7.7,Hurricane,0.731,89.78,1,Medium
SC-13615,2025-04-10,Hamburg,Marseille,Sea,Electronics,1761.75,475.24,3.66,6.1,Rain,0.958,4.78,1,Medium
SC-13616,2025-05-14,Antwerp,Rotterdam,Sea,Automotive,8573.38,479.21,1.56,4.9,Rain,0.603,17.4,1,Low
SC-13617,2024-12-01,Shanghai,Dubai,Road,Perishables,12754.25,49.76,2.6,9.1,Storm,0.731,32.31,1,Medium
SC-13618,2025-08-18,Dubai,Marseille,Sea,Perishables,12040.93,8.48,1.26,3.8,Fog,0.731,29.68,0,Low
SC-13619,2024-01-03,Rotterdam,Antwerp,Rail,Electronics,3039.29,81.39,1.31,2.2,Rain,0.905,3.21,0,Low
SC-13620,2024-04-05,Antwerp,Rotterdam,Air,Pharmaceuticals,10255.09,498.01,2.79,6.1,Rain,0.912,0.5,1,Medium
SC-13621,2025-04-14,Dubai,Antwerp,Sea,Perishables,3697.31,90.82,2.18,6.2,Hurricane,0.88,53.23,1,Medium
SC-13622,2025-10-12,Hamburg,Shanghai,Road,Electronics,3664.01,251.77,3.99,4.4,Fog,0.683,4.1,1,Medium
SC-13623,2025-11-11,Antwerp,Hamburg,Rail,Perishables,13174.04,424.36,3.19,4.9,Clear,0.536,10.64,1,Medium
SC-13624,2025-12-15,Shanghai,Marseille,Air,Pharmaceuticals,4120.2,11.18,2.7,9.6,Rain,0.675,0.53,1,Medium
SC-13625,2025-01-01,Singapore,Dubai,Sea,Automotive,4317.09,302.64,2.55,7.3,Rain,0.84,9.66,0,Medium
SC-13626,2024-03-05,Los Angeles,Marseille,Air,Textiles,509.47,139.24,2.84,1.1,Rain,0.851,0.5,0,Medium
SC-13627,2025-07-01,Los Angeles,Busan,Sea,Perishables,13124.7,431.31,1.33,2.1,Clear,0.983,19.47,0,Low
SC-13628,2025-02-11,Los Angeles,Singapore,Sea,Electronics,11992.62,142.45,4.15,9.8,Clear,0.727,25.43,1,High
SC-13629,2024-08-11,Busan,Los Angeles,Road,Perishables,9596.27,343.69,4.49,7.3,Fog,0.816,11.59,0,High
SC-13630,2025-03-15,Antwerp,Rotterdam,Road,Electronics,11378.85,337.44,1.8,9.2,Storm,0.77,30.0,1,Low
SC-13631,2024-08-04,Shanghai,Hamburg,Road,Automotive,2704.7,111.53,1.6,3.0,Hurricane,0.575,15.32,1,Low
SC-13632,2025-05-21,Hamburg,Singapore,Air,Perishables,7145.69,18.36,1.67,7.4,Storm,0.731,0.95,1,Low
SC-13633,2024-10-01,Singapore,Busan,Air,Pharmaceuticals,5592.68,205.22,3.38,7.1,Hurricane,0.772,3.6,1,Medium
SC-13634,2024-11-26,Dubai,Los Angeles,Sea,Perishables,1859.76,145.31,3.38,2.9,Fog,0.975,3.73,1,Medium
SC-13635,2024-10-17,Busan,Los Angeles,Rail,Perishables,7548.89,404.68,4.0,5.5,Rain,0.683,7.34,0,Medium
SC-13636,2024-12-11,Antwerp,Los Angeles,Rail,Electronics,13850.72,400.38,3.68,6.3,Storm,0.99,38.89,1,Medium
SC-13637,2025-07-14,Shanghai,Los Angeles,Road,Pharmaceuticals,1080.86,229.05,2.68,4.8,Rain,0.771,1.51,0,Medium
SC-13638,2025-08-14,Busan,Marseille,Rail,Pharmaceuticals,4726.18,303.65,3.22,8.3,Hurricane,0.621,38.15,1,Medium
SC-13639,2024-05-13,Singapore,Los Angeles,Road,Automotive,3509.34,302.53,3.47,8.3,Fog,0.596,4.25,0,Medium
SC-13640,2025-08-02,Antwerp,Rotterdam,Rail,Electronics,3953.13,413.75,2.89,8.5,Clear,0.571,3.96,1,Medium
SC-13641,2025-05-11,Los Angeles,Singapore,Air,Automotive,13672.3,213.08,2.77,8.0,Rain,0.726,1.46,1,Medium
SC-13642,2024-12-17,Singapore,Hamburg,Sea,Textiles,7287.0,138.45,3.33,4.9,Hurricane,0.511,100.72,1,Medium
SC-13643,2025-11-29,Hamburg,Los Angeles,Air,Automotive,7261.34,133.25,3.04,3.8,Storm,0.723,0.98,1,Medium
SC-13644,2024-02-19,Shanghai,Singapore,Road,Electronics,11528.35,268.56,3.33,8.3,Clear,0.994,9.27,1,Medium
SC-13645,2024-02-17,Los Angeles,Busan,Rail,Electronics,2740.14,225.12,3.22,4.9,Storm,0.835,7.21,1,Medium
SC-13646,2024-04-11,Rotterdam,Busan,Air,Automotive,7565.35,220.62,3.57,2.5,Storm,0.88,0.79,1,Medium
SC-13647,2025-10-03,Hamburg,Antwerp,Road,Pharmaceuticals,6734.79,46.48,3.32,5.1,Rain,0.56,5.48,1,Medium
SC-13648,2025-04-15,Antwerp,Los Angeles,Sea,Electronics,9155.21,359.58,2.92,1.4,Clear,0.737,13.81,0,Medium
SC-13649,2024-01-17,Busan,Antwerp,Air,Electronics,14993.59,107.65,3.45,6.9,Storm,0.643,3.11,1,Medium
SC-13650,2024-05-07,Shanghai,Rotterdam,Air,Perishables,11657.01,99.28,2.68,3.4,Hurricane,0.947,6.14,1,Medium
SC-13651,2024-06-10,Los Angeles,Antwerp,Road,Pharmaceuticals,6269.05,206.97,2.0,2.6,Clear,0.591,4.01,0,Low
SC-13652,2025-03-27,Rotterdam,Antwerp,Air,Electronics,12499.52,114.66,1.2,9.6,Rain,0.729,0.86,1,Low
SC-13653,2025-04-12,Dubai,Hamburg,Sea,Perishables,2975.27,292.35,3.05,7.8,Hurricane,0.794,46.11,1,Medium
SC-13654,2024-01-01,Rotterdam,Dubai,Air,Perishables,941.72,186.36,3.15,7.9,Fog,0.757,0.5,0,Medium
SC-13655,2025-03-14,Los Angeles,Hamburg,Road,Electronics,3464.5,225.01,4.41,6.2,Clear,0.915,2.38,1,High
SC-13656,2024-07-26,Antwerp,Marseille,Rail,Automotive,5435.97,269.05,2.39,8.4,Fog,0.616,7.73,0,Medium
SC-13657,2025-12-06,Busan,Dubai,Rail,Perishables,7903.42,102.56,2.5,7.6,Clear,0.689,7.47,1,Medium
SC-13658,2024-05-15,Singapore,Dubai,Air,Electronics,9419.37,78.72,1.87,6.0,Storm,0.896,2.8,1,Low
SC-13659,2025-10-27,Singapore,Los Angeles,Sea,Automotive,13703.78,440.33,1.43,9.6,Hurricane,0.764,224.75,1,Low
SC-13660,2024-11-05,Busan,Dubai,Rail,Textiles,7892.88,217.43,3.75,1.9,Clear,0.701,6.65,0,Medium
SC-13661,2024-06-11,Hamburg,Dubai,Road,Perishables,7768.5,206.63,2.02,9.4,Rain,0.515,8.54,1,Medium
SC-13662,2024-10-07,Rotterdam,Shanghai,Road,Textiles,1228.52,18.77,3.21,4.0,Rain,0.877,1.84,0,Medium
SC-13663,2024-04-05,Singapore,Rotterdam,Sea,Electronics,1006.22,249.49,3.47,5.3,Storm,0.986,6.87,1,Medium
SC-13664,2025-11-01,Singapore,Dubai,Air,Automotive,8491.82,277.53,2.76,1.2,Clear,0.81,1.19,0,Medium
SC-13665,2025-01-04,Busan,Los Angeles,Sea,Pharmaceuticals,6853.59,279.86,4.09,5.4,Fog,0.928,18.6,0,High
SC-13666,2024-09-13,Hamburg,Rotterdam,Road,Pharmaceuticals,12668.12,353.81,2.66,6.1,Storm,0.758,28.88,1,Medium
SC-13667,2024-03-25,Hamburg,Shanghai,Sea,Automotive,2829.85,89.56,2.14,10.0,Storm,0.616,17.08,1,Medium
SC-13668,2025-01-15,Antwerp,Busan,Sea,Automotive,862.09,126.86,4.16,9.8,Fog,0.507,2.85,1,High
SC-13669,2025-11-11,Dubai,Marseille,Rail,Electronics,7011.06,405.55,4.04,9.7,Storm,0.827,20.82,1,High
SC-13670,2025-10-26,Los Angeles,Shanghai,Air,Pharmaceuticals,3943.44,473.64,1.74,3.5,Fog,0.747,0.67,1,Low
SC-13671,2024-06-18,Hamburg,Los Angeles,Air,Pharmaceuticals,1219.41,68.83,1.29,9.9,Fog,0.891,0.5,1,Low
SC-13672,2024-02-23,Singapore,Dubai,Sea,Textiles,11006.68,249.33,1.5,4.6,Hurricane,0.847,150.72,1,Low
SC-13673,2025-02-09,Rotterdam,Los Angeles,Air,Automotive,2118.1,107.87,2.15,8.5,Storm,0.994,0.5,1,Medium
SC-13674,2025-10-02,Shanghai,Busan,Air,Automotive,9320.63,30.98,4.41,2.2,Clear,0.755,0.6,0,High
SC-13675,2024-11-08,Hamburg,Marseille,Road,Perishables,4575.22,163.43,3.04,5.1,Hurricane,0.714,26.92,1,Medium
SC-13676,2025-12-17,Shanghai,Singapore,Air,Textiles,3015.69,72.7,2.43,9.7,Clear,0.643,0.5,1,Medium
SC-13677,2024-08-27,Antwerp,Busan,Sea,Automotive,6006.4,355.26,4.13,9.5,Storm,0.738,37.49,1,High
SC-13678,2025-03-15,Shanghai,Busan,Air,Electronics,12120.96,267.33,2.7,6.8,Clear,0.936,1.51,1,Medium
SC-13679,2025-11-02,Rotterdam,Busan,Sea,Perishables,6185.36,72.77,2.24,8.0,Hurricane,0.521,95.97,1,Medium
SC-13680,2024-04-03,Hamburg,Antwerp,Rail,Automotive,11386.16,5.61,4.31,1.8,Hurricane,0.989,69.17,1,High
SC-13681,2025-12-21,Antwerp,Shanghai,Sea,Automotive,2319.55,404.27,4.0,7.2,Hurricane,0.997,34.88,1,Medium
SC-13682,2024-04-07,Los Angeles,Rotterdam,Road,Pharmaceuticals,11705.19,88.92,3.98,6.2,Storm,0.799,27.51,1,Medium
SC-13683,2024-01-02,Dubai,Singapore,Sea,Electronics,3935.53,303.5,2.89,0.9,Fog,0.666,8.95,1,Medium
SC-13684,2024-08-06,Dubai,Busan,Rail,Automotive,10322.2,169.12,3.81,1.1,Fog,0.612,11.64,1,Medium
SC-13685,2025-05-03,Hamburg,Singapore,Sea,Perishables,8703.83,293.16,1.79,1.1,Storm,0.638,38.9,1,Low
SC-13686,2024-03-20,Busan,Dubai,Road,Textiles,13972.6,158.51,3.09,7.2,Rain,0.525,13.85,0,Medium
SC-13687,2024-05-15,Hamburg,Busan,Sea,Electronics,6116.18,44.38,4.45,1.4,Clear,0.738,9.11,0,High
SC-13688,2025-08-30,Los Angeles,Rotterdam,Sea,Automotive,1459.4,112.25,2.16,4.7,Clear,0.529,2.12,0,Medium
SC-13689,2024-08-19,Dubai,Shanghai,Road,Perishables,777.75,94.84,3.82,3.6,Fog,0.859,0.58,1,Medium
SC-13690,2025-06-15,Dubai,Marseille,Air,Electronics,12489.45,214.58,2.82,5.5,Storm,0.686,2.89,0,Medium
SC-13691,2025-11-27,Los Angeles,Shanghai,Rail,Textiles,8108.67,329.48,1.33,7.1,Storm,0.6,22.11,1,Low
SC-13692,2025-03-31,Busan,Hamburg,Rail,Electronics,11741.04,132.64,3.72,6.8,Fog,0.772,16.97,1,Medium
SC-13693,2024-01-10,Dubai,Hamburg,Sea,Textiles,3899.17,7.02,1.76,5.2,Rain,0.987,8.03,1,Low
SC-13694,2024-01-09,Singapore,Marseille,Rail,Textiles,5503.71,259.95,3.28,4.6,Rain,0.848,5.24,1,Medium
SC-13695,2025-12-13,Rotterdam,Busan,Road,Textiles,936.51,303.27,1.48,4.0,Hurricane,0.746,4.8,1,Low
SC-13696,2024-12-17,Singapore,Antwerp,Road,Perishables,14441.64,481.47,4.32,8.6,Hurricane,0.888,98.74,1,High
SC-13697,2024-05-03,Busan,Rotterdam,Air,Perishables,10184.08,295.15,2.16,3.3,Fog,0.869,0.92,1,Medium
SC-13698,2025-03-08,Singapore,Antwerp,Sea,Automotive,14031.47,236.12,1.95,2.6,Hurricane,0.946,176.92,1,Low
SC-13699,2025-12-11,Singapore,Los Angeles,Road,Perishables,4349.7,287.13,1.63,7.4,Hurricane,0.602,27.78,1,Low
SC-13700,2024-05-15,Rotterdam,Busan,Sea,Textiles,9366.22,464.02,4.32,3.6,Hurricane,0.929,122.5,1,High
SC-13701,2025-05-04,Antwerp,Hamburg,Sea,Pharmaceuticals,10338.25,414.36,3.55,8.5,Fog,0.651,30.61,1,Medium
SC-13702,2024-03-13,Busan,Hamburg,Rail,Perishables,5104.47,162.17,3.65,3.3,Fog,0.97,5.81,0,Medium
SC-13703,2024-08-22,Antwerp,Dubai,Air,Automotive,12797.58,119.39,2.85,7.0,Storm,0.641,2.7,1,Medium
SC-13704,2025-01-27,Shanghai,Los Angeles,Road,Perishables,14233.84,132.05,2.77,0.5,Fog,0.963,13.16,0,Medium
SC-13705,2024-04-01,Shanghai,Antwerp,Air,Electronics,13330.4,252.71,1.56,3.9,Hurricane,0.982,6.87,1,Low
SC-13706,2024-04-14,Singapore,Rotterdam,Sea,Textiles,11216.47,372.28,3.05,3.4,Hurricane,0.573,146.77,1,Medium
SC-13707,2024-04-15,Busan,Dubai,Road,Pharmaceuticals,4523.24,252.11,2.01,8.2,Rain,0.987,3.9,0,Medium
SC-13708,2024-11-16,Shanghai,Singapore,Air,Pharmaceuticals,4583.43,34.83,4.42,9.7,Clear,0.543,0.52,1,High
SC-13709,2025-01-11,Dubai,Singapore,Road,Automotive,14468.72,362.07,3.83,4.6,Rain,0.609,12.39,1,Medium
SC-13710,2024-11-02,Antwerp,Dubai,Air,Textiles,649.13,403.18,2.56,8.2,Fog,0.722,0.5,0,Medium
SC-13711,2024-05-20,Dubai,Shanghai,Rail,Perishables,10882.72,145.46,1.7,7.0,Clear,0.997,10.42,0,Low
SC-13712,2025-01-26,Antwerp,Shanghai,Rail,Automotive,10740.57,332.4,3.79,9.7,Fog,0.744,16.11,1,Medium
SC-13713,2024-05-16,Rotterdam,Shanghai,Rail,Textiles,9529.0,213.87,1.6,8.1,Rain,0.775,10.71,0,Low
SC-13714,2025-10-18,Singapore,Antwerp,Sea,Perishables,14856.58,444.67,1.82,0.8,Rain,0.847,25.98,0,Low
SC-13715,2025-11-24,Shanghai,Rotterdam,Sea,Perishables,5022.25,422.77,1.9,7.1,Hurricane,0.984,75.72,1,Low
SC-13716,2024-05-26,Busan,Los Angeles,Air,Textiles,5429.59,263.19,3.04,5.4,Clear,0.892,0.5,0,Medium
SC-13717,2024-03-11,Dubai,Los Angeles,Air,Electronics,1644.62,346.06,3.8,0.2,Clear,0.612,0.5,0,Medium
SC-13718,2025-06-27,Los Angeles,Rotterdam,Road,Automotive,6920.57,441.79,2.24,2.5,Clear,0.651,5.0,0,Medium
SC-13719,2025-07-30,Busan,Rotterdam,Air,Perishables,4285.2,248.36,1.48,9.2,Rain,0.549,0.5,1,Low
SC-13720,2024-01-09,Singapore,Marseille,Sea,Electronics,5479.11,157.31,2.73,9.3,Hurricane,0.822,88.64,1,Medium
SC-13721,2025-09-16,Los Angeles,Busan,Sea,Pharmaceuticals,12601.29,377.08,3.67,8.0,Fog,0.59,36.11,1,Medium
SC-13722,2025-10-27,Singapore,Shanghai,Air,Pharmaceuticals,14064.53,110.81,1.93,9.8,Clear,0.629,1.11,0,Low
SC-13723,2024-06-17,Hamburg,Dubai,Air,Perishables,3193.13,194.88,1.93,8.1,Storm,0.944,0.5,1,Low
SC-13724,2025-03-26,Dubai,Shanghai,Rail,Perishables,5901.38,433.0,4.33,0.1,Fog,0.663,6.23,0,High
SC-13725,2024-12-25,Los Angeles,Shanghai,Air,Electronics,13965.14,362.49,4.35,2.9,Hurricane,0.783,7.26,1,High
SC-13726,2024-08-06,Shanghai,Antwerp,Air,Textiles,1396.22,202.5,4.47,0.3,Storm,0.699,0.5,1,High
SC-13727,2025-10-05,Hamburg,Antwerp,Air,Automotive,1839.23,108.16,3.87,0.9,Fog,0.537,0.5,0,Medium
SC-13728,2024-06-04,Los Angeles,Antwerp,Air,Pharmaceuticals,2860.47,178.63,1.82,2.2,Clear,0.681,1.16,1,Low
SC-13729,2025-02-25,Los Angeles,Antwerp,Sea,Electronics,9130.59,142.77,1.9,5.0,Hurricane,0.704,127.75,1,Low
SC-13730,2025-09-22,Busan,Marseille,Rail,Electronics,2681.85,88.87,2.32,8.5,Hurricane,0.948,20.83,1,Medium
SC-13731,2025-12-04,Dubai,Rotterdam,Sea,Textiles,14537.11,371.92,2.25,8.6,Clear,0.662,28.96,0,Medium
SC-13732,2025-03-29,Singapore,Dubai,Rail,Pharmaceuticals,6977.36,126.78,4.36,6.2,Rain,0.69,7.77,1,High
SC-13733,2024-08-10,Hamburg,Rotterdam,Rail,Pharmaceuticals,7772.01,227.63,3.8,9.3,Hurricane,0.891,63.32,1,Medium
SC-13734,2024-03-29,Busan,Shanghai,Road,Electronics,4076.55,193.54,3.59,5.0,Clear,0.879,3.94,1,Medium
SC-13735,2024-04-12,Los Angeles,Hamburg,Rail,Textiles,7328.92,491.06,1.81,8.9,Rain,0.899,8.87,0,Low
SC-13736,2024-05-23,Singapore,Dubai,Air,Automotive,10097.75,196.16,4.2,4.5,Storm,0.977,2.05,1,High
SC-13737,2024-05-06,Los Angeles,Rotterdam,Air,Perishables,11392.07,40.91,3.93,2.8,Clear,0.898,1.02,1,Medium
SC-13738,2025-08-26,Antwerp,Marseille,Sea,Perishables,11431.09,45.82,1.74,9.2,Storm,0.704,70.05,1,Low
SC-13739,2025-01-28,Shanghai,Hamburg,Sea,Pharmaceuticals,8879.42,295.79,4.07,3.9,Hurricane,0.911,118.27,1,High
SC-13740,2024-12-25,Hamburg,Busan,Road,Pharmaceuticals,13613.22,300.08,2.1,5.0,Hurricane,0.754,81.41,1,Medium
SC-13741,2025-03-15,Busan,Shanghai,Rail,Pharmaceuticals,12352.41,209.96,1.47,3.3,Storm,0.639,29.19,0,Low
SC-13742,2024-11-18,Rotterdam,Marseille,Air,Pharmaceuticals,11477.2,216.49,3.37,6.6,Rain,0.651,0.71,1,Medium
SC-13743,2024-05-23,Los Angeles,Hamburg,Sea,Textiles,1306.28,27.91,3.36,10.0,Hurricane,0.612,22.14,1,Medium
SC-13744,2024-09-10,Rotterdam,Antwerp,Air,Perishables,599.73,258.76,1.51,0.3,Rain,0.572,0.5,0,Low
SC-13745,2024-10-10,Shanghai,Los Angeles,Sea,Pharmaceuticals,3580.49,252.86,2.25,9.0,Hurricane,0.592,58.1,1,Medium
SC-13746,2025-10-22,Rotterdam,Los Angeles,Air,Pharmaceuticals,10121.09,75.63,4.48,0.0,Storm,0.532,2.53,0,High
SC-13747,2024-03-27,Shanghai,Dubai,Sea,Pharmaceuticals,6462.36,52.82,3.44,3.6,Storm,0.944,31.24,0,Medium
SC-13748,2024-09-11,Rotterdam,Shanghai,Air,Textiles,6334.89,62.66,3.61,1.7,Clear,0.966,0.93,0,Medium
SC-13749,2025-07-20,Hamburg,Dubai,Sea,Perishables,13326.51,51.41,1.9,7.6,Hurricane,0.793,203.98,1,Low
SC-13750,2025-09-07,Los Angeles,Busan,Rail,Automotive,13485.66,305.24,1.46,0.5,Clear,0.92,10.07,0,Low
SC-13751,2025-09-06,Hamburg,Shanghai,Air,Automotive,13683.04,99.04,2.11,5.5,Storm,0.592,2.71,1,Medium
SC-13752,2025-09-14,Los Angeles,Hamburg,Air,Electronics,5051.23,126.46,2.02,2.9,Fog,0.951,1.52,0,Medium
SC-13753,2024-10-18,Singapore,Marseille,Air,Pharmaceuticals,10520.31,87.61,1.97,1.3,Hurricane,0.753,4.74,1,Low
SC-13754,2025-12-08,Hamburg,Singapore,Air,Textiles,4438.68,478.96,1.84,7.7,Clear,0.534,0.5,0,Low
SC-13755,2024-01-28,Busan,Singapore,Road,Pharmaceuticals,3263.84,427.45,3.1,2.2,Storm,0.571,6.67,1,Medium
SC-13756,2025-11-05,Singapore,Dubai,Road,Automotive,3177.17,116.02,2.28,2.2,Rain,0.654,2.69,0,Medium
SC-13757,2024-11-04,Antwerp,Shanghai,Rail,Pharmaceuticals,5460.56,164.46,3.91,2.8,Storm,0.522,13.51,1,Medium
SC-13758,2024-07-29,Singapore,Rotterdam,Air,Pharmaceuticals,6734.39,105.74,1.81,5.9,Fog,0.655,0.9,1,Low
SC-13759,2025-06-14,Dubai,Singapore,Sea,Perishables,12548.76,246.45,2.73,6.6,Rain,0.53,29.05,1,Medium
SC-13760,2025-09-13,Antwerp,Singapore,Air,Perishables,2238.42,10.79,1.25,0.2,Hurricane,0.618,0.89,1,Low
SC-13761,2025-06-05,Antwerp,Singapore,Rail,Perishables,11156.42,336.01,2.79,2.4,Rain,0.633,10.37,0,Medium
SC-13762,2024-07-12,Hamburg,Dubai,Air,Textiles,8206.1,262.06,1.38,4.3,Hurricane,0.997,3.85,1,Low
SC-13763,2025-02-05,Shanghai,Antwerp,Sea,Textiles,4675.21,449.42,4.43,3.3,Storm,0.618,22.76,1,High
SC-13764,2024-10-29,Busan,Hamburg,Air,Pharmaceuticals,7645.88,83.03,3.81,8.8,Clear,0.62,0.69,1,Medium
SC-13765,2025-10-23,Busan,Singapore,Sea,Automotive,4849.16,402.25,2.82,7.9,Fog,0.843,14.22,0,Medium
SC-13766,2024-02-25,Dubai,Marseille,Road,Pharmaceuticals,9143.19,396.19,1.49,6.3,Fog,0.93,10.75,0,Low
SC-13767,2024-09-02,Singapore,Shanghai,Rail,Perishables,6790.74,64.46,3.16,3.4,Rain,0.694,6.31,0,Medium
SC-13768,2025-05-21,Los Angeles,Rotterdam,Sea,Perishables,2883.88,199.88,3.7,7.0,Clear,0.938,4.97,0,Medium
SC-13769,2025-01-30,Singapore,Los Angeles,Road,Pharmaceuticals,2190.45,85.91,1.83,8.4,Hurricane,0.67,14.64,1,Low
SC-13770,2024-04-25,Hamburg,Busan,Rail,Textiles,8427.09,128.11,3.08,5.9,Storm,0.599,23.35,1,Medium
SC-13771,2024-09-03,Antwerp,Rotterdam,Road,Pharmaceuticals,13584.99,132.36,3.89,7.8,Rain,0.665,14.19,1,Medium
SC-13772,2025-05-26,Busan,Los Angeles,Air,Pharmaceuticals,5487.39,278.56,3.74,7.5,Rain,0.805,0.5,0,Medium
SC-13773,2025-10-15,Dubai,Marseille,Sea,Textiles,11128.5,206.29,3.85,5.7,Fog,0.684,29.34,1,Medium
SC-13774,2025-08-31,Singapore,Shanghai,Sea,Automotive,10050.59,473.92,4.1,3.1,Fog,0.836,24.17,0,High
SC-13775,2024-03-13,Antwerp,Rotterdam,Rail,Pharmaceuticals,14007.55,64.06,4.29,7.5,Clear,0.618,14.4,0,High
SC-13776,2025-06-24,Los Angeles,Dubai,Air,Electronics,12404.22,486.87,2.54,2.1,Hurricane,0.85,6.2,1,Medium
SC-13777,2024-01-13,Dubai,Rotterdam,Road,Pharmaceuticals,8715.78,116.09,3.08,7.8,Storm,0.674,21.91,0,Medium
SC-13778,2025-01-04,Shanghai,Busan,Road,Pharmaceuticals,10026.94,386.66,3.81,8.0,Hurricane,0.728,67.44,1,Medium
SC-13779,2024-11-20,Singapore,Rotterdam,Road,Pharmaceuticals,13526.6,170.15,3.5,8.2,Hurricane,0.779,91.66,1,Medium
SC-13780,2024-05-15,Los Angeles,Rotterdam,Rail,Electronics,6293.02,72.4,4.49,4.7,Fog,0.843,7.53,1,High
SC-13781,2025-01-31,Antwerp,Busan,Road,Textiles,5238.52,429.09,1.25,1.9,Hurricane,0.619,27.15,1,Low
SC-13782,2025-08-05,Shanghai,Singapore,Sea,Electronics,656.76,155.12,2.37,1.0,Fog,0.918,1.17,0,Medium
SC-13783,2025-03-06,Los Angeles,Singapore,Air,Automotive,12484.99,329.77,2.13,7.4,Storm,0.861,2.97,1,Medium
SC-13784,2025-01-09,Los Angeles,Shanghai,Air,Electronics,12114.22,283.66,2.07,8.9,Fog,0.617,1.45,0,Medium
SC-13785,2025-07-13,Rotterdam,Hamburg,Sea,Electronics,2014.59,236.41,1.93,6.5,Rain,0.987,4.83,0,Low
SC-13786,2025-11-30,Dubai,Hamburg,Sea,Perishables,8864.43,248.41,3.54,1.4,Hurricane,0.832,105.34,1,Medium
SC-13787,2024-06-25,Hamburg,Shanghai,Air,Textiles,7227.73,366.39,1.48,9.3,Rain,0.726,1.35,0,Low
SC-13788,2025-04-27,Shanghai,Dubai,Sea,Pharmaceuticals,2221.28,44.8,3.65,9.9,Storm,0.579,13.8,1,Medium
SC-13789,2024-03-15,Shanghai,Rotterdam,Road,Pharmaceuticals,14718.24,334.42,3.49,4.3,Hurricane,0.767,85.62,1,Medium
SC-13790,2024-01-18,Singapore,Rotterdam,Sea,Pharmaceuticals,3613.09,448.01,2.03,5.9,Rain,0.582,8.41,0,Medium
SC-13791,2025-08-24,Busan,Shanghai,Road,Textiles,1474.9,29.84,2.03,7.8,Rain,0.715,2.02,1,Medium
SC-13792,2024-03-10,Antwerp,Busan,Rail,Automotive,9125.29,71.19,3.28,7.4,Hurricane,0.704,69.54,1,Medium
SC-13793,2024-01-15,Singapore,Los Angeles,Road,Automotive,11213.57,358.6,3.72,9.7,Rain,0.86,12.3,1,Medium
SC-13794,2024-09-25,Dubai,Rotterdam,Sea,Pharmaceuticals,970.43,219.2,4.09,1.1,Hurricane,0.596,12.27,1,High
SC-13795,2024-08-08,Hamburg,Dubai,Air,Pharmaceuticals,10051.41,202.37,4.01,5.8,Clear,0.911,0.93,1,High
SC-13796,2024-02-10,Los Angeles,Busan,Air,Automotive,8218.23,69.35,4.38,6.9,Clear,0.663,0.5,1,High
SC-13797,2024-03-02,Shanghai,Antwerp,Sea,Perishables,1997.34,253.88,3.12,8.9,Hurricane,0.722,32.36,1,Medium
SC-13798,2025-02-11,Busan,Marseille,Sea,Electronics,3001.6,64.15,4.2,8.7,Rain,0.886,7.17,1,High
SC-13799,2025-06-02,Los Angeles,Shanghai,Rail,Textiles,8735.63,238.83,3.87,9.8,Rain,0.813,9.67,1,Medium
SC-13800,2024-10-20,Dubai,Shanghai,Air,Textiles,4797.19,382.04,4.15,5.1,Rain,0.654,0.61,1,High
SC-13801,2025-10-05,Singapore,Dubai,Rail,Textiles,14105.58,129.87,1.24,8.3,Storm,0.693,41.65,1,Low
SC-13802,2025-12-30,Dubai,Los Angeles,Sea,Pharmaceuticals,12371.73,240.91,4.39,4.3,Rain,0.653,25.6,0,High
SC-13803,2025-05-28,Los Angeles,Dubai,Road,Textiles,14761.72,496.02,2.76,4.2,Clear,0.797,10.27,1,Medium
SC-13804,2025-03-01,Shanghai,Rotterdam,Road,Electronics,4265.23,343.64,3.83,2.5,Fog,0.666,3.54,0,Medium
SC-13805,2025-03-09,Busan,Los Angeles,Air,Perishables,14560.99,420.84,1.62,8.2,Hurricane,0.863,8.63,1,Low
SC-13806,2025-12-19,Shanghai,Busan,Air,Automotive,6752.89,208.01,2.51,9.9,Hurricane,0.79,4.39,1,Medium
SC-13807,2025-02-15,Busan,Los Angeles,Sea,Automotive,5539.02,384.16,2.1,2.6,Storm,0.573,26.08,1,Medium
SC-13808,2024-03-25,Shanghai,Antwerp,Air,Electronics,1230.07,21.21,2.16,0.6,Fog,0.655,0.5,0,Medium
SC-13809,2025-10-17,Shanghai,Singapore,Sea,Automotive,1265.1,62.33,1.61,8.2,Hurricane,0.611,19.25,1,Low
SC-13810,2025-07-03,Singapore,Dubai,Road,Automotive,10534.16,102.33,3.86,6.2,Storm,0.695,24.58,1,Medium
SC-13811,2025-07-04,Singapore,Marseille,Road,Automotive,7139.97,201.57,1.23,9.6,Fog,0.758,9.26,0,Low
SC-13812,2025-09-22,Antwerp,Busan,Sea,Pharmaceuticals,3784.56,423.03,2.23,2.5,Fog,0.753,9.42,1,Medium
SC-13813,2024-06-05,Dubai,Shanghai,Sea,Perishables,9402.57,173.79,1.78,0.7,Fog,0.877,20.47,0,Low
SC-13814,2024-10-11,Shanghai,Marseille,Rail,Electronics,4166.44,327.66,3.14,4.9,Fog,0.595,5.27,0,Medium
SC-13815,2024-03-26,Rotterdam,Dubai,Road,Perishables,8875.66,354.95,2.04,0.9,Hurricane,0.973,44.93,1,Medium
SC-13816,2024-11-13,Singapore,Antwerp,Rail,Automotive,5708.53,293.5,2.05,2.6,Clear,0.671,4.35,1,Medium
SC-13817,2024-03-21,Busan,Los Angeles,Road,Perishables,12441.51,179.26,2.81,1.3,Hurricane,0.65,63.26,1,Medium
SC-13818,2025-06-07,Singapore,Hamburg,Road,Textiles,12400.09,288.95,3.35,2.2,Fog,0.843,12.23,1,Medium
SC-13819,2024-07-27,Hamburg,Dubai,Road,Textiles,7421.58,171.79,1.6,1.1,Storm,0.903,14.77,1,Low
SC-13820,2024-06-08,Antwerp,Rotterdam,Sea,Textiles,5586.88,42.85,1.78,9.5,Storm,0.689,34.42,1,Low
SC-13821,2025-07-03,Shanghai,Busan,Road,Electronics,5757.12,496.41,2.02,2.8,Hurricane,0.873,31.29,1,Medium
SC-13822,2024-11-30,Shanghai,Los Angeles,Air,Pharmaceuticals,12182.86,64.46,4.41,4.4,Rain,0.942,0.86,1,High
SC-13823,2025-02-04,Singapore,Hamburg,Road,Textiles,5258.6,37.1,2.51,9.0,Fog,0.883,6.9,1,Medium
SC-13824,2025-08-23,Singapore,Antwerp,Air,Pharmaceuticals,3531.36,439.39,3.18,6.8,Storm,0.517,1.34,1,Medium
SC-13825,2025-10-11,Hamburg,Antwerp,Sea,Electronics,1727.98,151.62,2.0,6.2,Storm,0.914,9.85,1,Low
SC-13826,2025-10-27,Antwerp,Marseille,Road,Electronics,7267.05,325.5,2.82,7.1,Hurricane,0.887,46.83,1,Medium
SC-13827,2025-11-28,Antwerp,Marseille,Rail,Electronics,7490.92,165.17,1.44,8.3,Storm,0.835,22.92,1,Low
SC-13828,2025-10-20,Shanghai,Marseille,Rail,Perishables,12693.18,196.34,1.31,8.8,Hurricane,0.88,101.9,1,Low
SC-13829,2024-03-08,Antwerp,Busan,Sea,Automotive,3707.96,131.79,2.75,6.4,Fog,0.99,9.99,0,Medium
SC-13830,2024-11-13,Los Angeles,Singapore,Rail,Pharmaceuticals,6024.37,172.18,2.52,8.9,Storm,0.716,17.45,1,Medium
SC-13831,2025-12-16,Singapore,Busan,Rail,Pharmaceuticals,12221.88,205.94,1.65,5.4,Rain,0.534,12.7,0,Low
SC-13832,2025-03-23,Busan,Shanghai,Rail,Pharmaceuticals,12442.54,360.49,3.47,2.8,Clear,0.73,10.05,0,Medium
SC-13833,2024-09-01,Antwerp,Dubai,Rail,Pharmaceuticals,6076.86,256.26,4.48,8.8,Rain,0.523,7.59,1,High
SC-13834,2024-02-29,Busan,Marseille,Sea,Perishables,7157.3,471.84,2.51,5.4,Storm,0.647,38.58,1,Medium
SC-13835,2024-09-07,Antwerp,Marseille,Road,Pharmaceuticals,4897.65,21.9,3.26,9.1,Rain,0.793,4.54,1,Medium
SC-13836,2024-03-29,Shanghai,Hamburg,Road,Pharmaceuticals,14022.05,252.03,4.38,0.4,Clear,0.655,8.29,1,High
SC-13837,2025-03-20,Dubai,Busan,Road,Perishables,2220.33,292.53,3.94,4.0,Fog,0.843,1.79,1,Medium
SC-13838,2024-04-28,Singapore,Hamburg,Air,Perishables,14039.37,460.18,2.73,9.5,Storm,0.911,2.56,1,Medium
SC-13839,2025-04-09,Busan,Singapore,Rail,Perishables,10416.06,25.53,3.63,2.5,Storm,0.71,24.09,0,Medium
SC-13840,2025-09-18,Dubai,Singapore,Air,Perishables,8207.8,287.18,1.62,9.4,Storm,0.95,2.07,1,Low
SC-13841,2025-09-15,Los Angeles,Marseille,Air,Pharmaceuticals,973.56,426.96,2.89,9.5,Hurricane,0.54,0.98,1,Medium
SC-13842,2024-02-26,Shanghai,Marseille,Road,Pharmaceuticals,7396.14,121.72,2.12,8.8,Rain,0.92,7.14,1,Medium
SC-13843,2024-11-12,Shanghai,Hamburg,Rail,Electronics,6412.35,438.27,1.73,5.6,Hurricane,0.914,45.26,1,Low
SC-13844,2025-11-13,Singapore,Rotterdam,Sea,Perishables,2837.67,10.5,2.61,6.5,Hurricane,0.661,40.84,1,Medium
SC-13845,2025-11-04,Shanghai,Dubai,Rail,Textiles,10017.94,366.49,1.63,8.7,Fog,0.649,15.08,0,Low
SC-13846,2024-06-28,Los Angeles,Singapore,Road,Electronics,14581.69,466.62,3.51,7.8,Storm,0.653,35.77,1,Medium
SC-13847,2024-05-02,Rotterdam,Singapore,Air,Perishables,8651.74,328.94,2.71,6.3,Hurricane,0.906,5.57,1,Medium
SC-13848,2024-01-13,Hamburg,Singapore,Road,Perishables,10863.92,220.08,2.95,9.8,Fog,0.916,14.67,1,Medium
SC-13849,2025-12-25,Dubai,Hamburg,Air,Automotive,1492.53,23.4,1.68,6.9,Storm,0.665,0.5,0,Low
SC-13850,2024-05-20,Antwerp,Marseille,Air,Perishables,6556.17,460.14,1.66,9.8,Clear,0.796,0.5,1,Low
SC-13851,2025-12-19,Busan,Los Angeles,Air,Electronics,2187.2,235.68,3.13,0.6,Clear,0.569,0.5,0,Medium
SC-13852,2024-01-12,Busan,Dubai,Road,Perishables,9385.54,15.47,4.45,1.4,Storm,0.734,17.24,1,High
SC-13853,2024-06-16,Rotterdam,Singapore,Air,Electronics,14107.99,345.22,1.52,4.5,Hurricane,0.999,6.89,1,Low
SC-13854,2025-05-23,Los Angeles,Antwerp,Road,Pharmaceuticals,10095.78,241.44,2.14,3.8,Fog,0.579,10.4,0,Medium
SC-13855,2024-12-21,Rotterdam,Marseille,Sea,Textiles,1613.64,63.05,4.07,7.8,Rain,0.974,3.24,1,High
SC-13856,2025-06-19,Singapore,Dubai,Sea,Automotive,5642.66,107.92,1.44,1.6,Fog,0.912,12.89,0,Low
SC-13857,2025-06-13,Singapore,Marseille,Rail,Electronics,8484.62,33.18,4.09,9.8,Fog,0.986,13.41,1,High
SC-13858,2024-09-22,Rotterdam,Los Angeles,Air,Pharmaceuticals,6346.51,287.57,2.93,3.2,Storm,0.59,0.92,1,Medium
SC-13859,2024-06-19,Hamburg,Shanghai,Rail,Perishables,12587.84,311.39,2.55,4.3,Clear,0.607,11.58,0,Medium
SC-13860,2025-01-15,Antwerp,Busan,Air,Electronics,12312.73,253.37,2.22,2.7,Clear,0.508,0.5,1,Medium
SC-13861,2024-05-09,Dubai,Rotterdam,Road,Automotive,9371.55,408.73,2.18,5.8,Hurricane,0.862,57.58,1,Medium
SC-13862,2024-10-02,Hamburg,Los Angeles,Air,Textiles,5915.14,430.64,2.21,0.6,Hurricane,0.822,2.43,1,Medium
SC-13863,2024-04-30,Rotterdam,Dubai,Rail,Automotive,4202.38,308.2,4.12,1.5,Fog,0.589,4.43,1,High
SC-13864,2024-01-31,Rotterdam,Shanghai,Rail,Pharmaceuticals,2035.18,7.37,3.59,7.5,Fog,0.896,2.56,0,Medium
SC-13865,2024-12-09,Busan,Los Angeles,Rail,Textiles,5646.02,347.92,3.41,1.9,Storm,0.65,12.86,1,Medium
SC-13866,2025-03-15,Hamburg,Busan,Air,Textiles,6491.0,209.58,3.84,2.4,Storm,0.567,1.02,1,Medium
SC-13867,2024-10-05,Dubai,Los Angeles,Sea,Automotive,10299.43,283.21,2.05,7.9,Rain,0.711,23.78,0,Medium
SC-13868,2025-06-20,Hamburg,Singapore,Sea,Pharmaceuticals,10043.32,324.89,3.24,0.9,Storm,0.545,43.15,0,Medium
SC-13869,2024-03-06,Dubai,Singapore,Road,Automotive,1516.57,175.77,2.72,4.4,Hurricane,0.632,7.99,1,Medium
SC-13870,2024-09-26,Singapore,Antwerp,Sea,Electronics,6231.26,458.63,3.78,0.2,Fog,0.686,12.99,0,Medium
SC-13871,2025-12-30,Rotterdam,Los Angeles,Road,Electronics,3135.79,67.85,2.22,3.5,Storm,0.926,6.37,1,Medium
SC-13872,2025-08-13,Singapore,Shanghai,Air,Perishables,2773.78,336.08,3.32,7.0,Storm,0.896,0.5,0,Medium
SC-13873,2025-10-04,Los Angeles,Hamburg,Air,Automotive,12495.88,3.18,4.11,0.9,Clear,0.721,0.63,0,High
SC-13874,2024-03-19,Singapore,Marseille,Rail,Electronics,1107.77,462.4,2.53,8.9,Storm,0.862,3.07,1,Medium
SC-13875,2025-05-23,Antwerp,Los Angeles,Sea,Pharmaceuticals,6578.15,57.14,1.42,9.1,Fog,0.784,19.83,0,Low
SC-13876,2025-04-11,Dubai,Marseille,Road,Perishables,2938.95,48.35,2.9,1.0,Storm,0.67,5.1,1,Medium
SC-13877,2025-06-07,Los Angeles,Rotterdam,Rail,Automotive,13250.29,167.17,2.34,9.9,Clear,0.863,14.52,1,Medium
SC-13878,2025-01-03,Los Angeles,Antwerp,Air,Electronics,8577.09,187.41,3.42,3.0,Hurricane,0.842,3.71,1,Medium
SC-13879,2024-02-26,Los Angeles,Marseille,Air,Perishables,3855.02,107.94,4.34,0.8,Fog,0.81,0.5,0,High
SC-13880,2025-05-26,Shanghai,Dubai,Rail,Perishables,7785.2,292.98,2.8,0.1,Fog,0.809,7.77,0,Medium
SC-13881,2025-08-03,Dubai,Antwerp,Air,Automotive,11106.55,222.01,2.74,4.1,Hurricane,0.841,5.2,1,Medium
SC-13882,2024-06-19,Los Angeles,Singapore,Air,Textiles,14392.71,18.05,3.36,6.3,Hurricane,0.692,7.9,1,Medium
SC-13883,2025-01-11,Busan,Rotterdam,Rail,Pharmaceuticals,3696.47,160.51,1.54,3.3,Fog,0.935,4.44,0,Low
SC-13884,2024-06-10,Busan,Rotterdam,Road,Perishables,13349.64,405.41,2.04,8.4,Rain,0.581,13.29,0,Medium
SC-13885,2024-09-18,Dubai,Los Angeles,Air,Perishables,14047.41,345.16,4.23,7.2,Clear,0.942,0.85,1,High
SC-13886,2024-04-15,Dubai,Hamburg,Rail,Perishables,13788.1,362.71,3.41,3.5,Clear,0.671,10.89,1,Medium
SC-13887,2025-08-10,Hamburg,Antwerp,Sea,Pharmaceuticals,9713.51,349.36,1.24,7.3,Hurricane,0.563,147.75,1,Low
SC-13888,2025-11-21,Antwerp,Hamburg,Rail,Automotive,9632.4,156.18,1.88,9.4,Rain,0.8,12.83,1,Low
SC-13889,2024-04-28,Dubai,Los Angeles,Air,Textiles,6346.55,50.73,3.45,0.9,Storm,0.688,0.6,1,Medium
SC-13890,2024-08-21,Rotterdam,Hamburg,Air,Electronics,11409.77,136.96,3.72,3.1,Hurricane,0.908,5.68,1,Medium
SC-13891,2025-06-05,Shanghai,Antwerp,Air,Perishables,8203.76,416.06,3.97,4.6,Rain,0.715,0.65,1,Medium
SC-13892,2024-01-03,Busan,Singapore,Rail,Pharmaceuticals,10322.85,490.25,2.16,5.0,Clear,0.834,9.29,1,Medium
SC-13893,2024-02-15,Singapore,Antwerp,Air,Electronics,6712.64,247.43,4.27,5.4,Clear,0.654,0.79,0,High
SC-13894,2024-01-13,Busan,Antwerp,Sea,Electronics,11106.7,5.84,3.02,3.0,Fog,0.605,26.72,1,Medium
SC-13895,2024-09-07,Los Angeles,Antwerp,Air,Pharmaceuticals,12454.84,70.88,3.5,6.7,Rain,0.694,1.02,1,Medium
SC-13896,2024-02-17,Singapore,Hamburg,Sea,Perishables,2623.33,161.72,3.17,6.5,Clear,0.803,4.6,0,Medium
SC-13897,2025-04-28,Los Angeles,Marseille,Sea,Pharmaceuticals,12577.48,289.71,1.61,5.8,Clear,0.828,22.13,0,Low
SC-13898,2025-01-07,Los Angeles,Busan,Rail,Textiles,8334.3,38.47,4.38,1.1,Storm,0.789,18.3,1,High
SC-13899,2025-01-27,Busan,Hamburg,Road,Automotive,12747.66,471.74,1.61,4.8,Hurricane,0.994,74.54,1,Low
SC-13900,2024-06-02,Los Angeles,Singapore,Road,Perishables,6753.87,183.18,2.04,3.6,Fog,0.846,6.81,0,Medium
SC-13901,2024-07-02,Los Angeles,Antwerp,Sea,Automotive,5996.09,456.38,3.88,4.9,Rain,0.966,13.0,0,Medium
SC-13902,2024-02-06,Busan,Singapore,Rail,Perishables,13768.38,390.48,3.24,9.2,Rain,0.559,16.81,0,Medium
SC-13903,2025-07-20,Dubai,Busan,Rail,Electronics,4141.95,377.96,3.97,4.8,Storm,0.531,11.15,1,Medium
SC-13904,2025-11-02,Antwerp,Rotterdam,Rail,Automotive,12741.08,303.75,2.9,0.1,Rain,0.655,11.43,0,Medium
SC-13905,2025-03-05,Los Angeles,Marseille,Road,Textiles,7518.3,313.77,2.44,4.4,Rain,0.568,6.46,1,Medium
SC-13906,2024-08-17,Antwerp,Shanghai,Road,Perishables,7954.38,319.36,4.24,8.2,Hurricane,0.763,53.52,1,High
SC-13907,2024-11-25,Rotterdam,Shanghai,Rail,Automotive,4972.79,314.73,1.32,7.8,Storm,0.759,14.25,1,Low
SC-13908,2024-09-11,Singapore,Shanghai,Road,Automotive,8809.11,277.31,4.03,5.1,Hurricane,0.788,52.31,1,High
SC-13909,2025-03-02,Dubai,Rotterdam,Rail,Textiles,5215.56,493.22,1.96,2.5,Rain,0.873,4.41,1,Low
SC-13910,2024-11-23,Singapore,Busan,Road,Perishables,1069.41,366.41,4.0,4.7,Storm,0.986,2.78,1,Medium
SC-13911,2024-10-04,Shanghai,Marseille,Road,Textiles,4443.98,388.7,1.66,5.6,Hurricane,0.939,27.23,1,Low
SC-13912,2024-03-20,Dubai,Rotterdam,Rail,Pharmaceuticals,592.5,436.36,3.11,10.0,Rain,0.559,1.66,1,Medium
SC-13913,2025-08-08,Singapore,Dubai,Rail,Electronics,14686.14,108.6,4.13,6.4,Fog,0.669,20.71,1,High
SC-13914,2025-01-16,Shanghai,Rotterdam,Air,Textiles,14503.33,42.82,2.76,6.9,Fog,0.628,1.16,1,Medium
SC-13915,2024-05-02,Rotterdam,Hamburg,Rail,Pharmaceuticals,6229.75,241.96,3.66,4.9,Fog,0.588,8.5,1,Medium
SC-13916,2025-05-29,Hamburg,Antwerp,Air,Textiles,11061.38,257.53,3.86,3.5,Hurricane,0.772,5.27,1,Medium
SC-13917,2025-11-20,Busan,Hamburg,Road,Textiles,5514.19,414.76,3.63,8.1,Clear,0.777,5.22,1,Medium
SC-13918,2024-02-23,Los Angeles,Hamburg,Rail,Perishables,10230.85,222.45,4.25,4.9,Hurricane,0.614,70.66,1,High
SC-13919,2024-07-02,Dubai,Hamburg,Road,Textiles,12178.74,285.86,2.67,9.9,Hurricane,0.856,86.31,1,Medium
SC-13920,2024-08-16,Singapore,Hamburg,Rail,Textiles,14227.97,264.01,1.77,4.6,Storm,0.866,36.02,1,Low
SC-13921,2025-06-12,Singapore,Shanghai,Road,Automotive,6303.08,20.06,1.36,0.7,Fog,0.51,5.45,0,Low
SC-13922,2024-02-17,Los Angeles,Shanghai,Road,Textiles,11857.82,307.99,2.01,6.8,Clear,0.698,9.05,0,Medium
SC-13923,2025-02-14,Los Angeles,Antwerp,Road,Electronics,4355.96,414.19,1.67,0.5,Clear,0.945,2.37,0,Low
SC-13924,2024-03-11,Hamburg,Los Angeles,Sea,Automotive,14859.82,79.59,3.04,2.5,Hurricane,0.76,186.22,1,Medium
SC-13925,2025-04-21,Rotterdam,Shanghai,Road,Textiles,873.66,297.57,1.81,3.5,Clear,0.674,1.51,0,Low
SC-13926,2024-10-16,Los Angeles,Busan,Air,Textiles,9251.17,297.21,1.33,7.4,Storm,0.627,1.31,1,Low
SC-13927,2024-11-14,Hamburg,Los Angeles,Rail,Perishables,10062.84,82.93,1.32,4.9,Clear,0.622,9.35,1,Low
SC-13928,2024-12-01,Rotterdam,Marseille,Air,Electronics,10476.66,62.61,3.94,0.3,Rain,0.55,0.5,0,Medium
SC-13929,2024-03-29,Dubai,Singapore,Sea,Textiles,2245.62,490.05,3.15,6.2,Rain,0.909,5.07,1,Medium
SC-13930,2025-07-20,Los Angeles,Busan,Air,Textiles,14108.68,197.47,2.38,4.1,Storm,0.543,1.83,1,Medium
SC-13931,2025-04-12,Rotterdam,Busan,Rail,Automotive,3127.16,114.48,4.15,9.2,Hurricane,0.646,25.64,1,High
SC-13932,2024-01-09,Los Angeles,Shanghai,Rail,Automotive,9529.92,86.49,1.43,5.0,Clear,0.523,7.27,0,Low
SC-13933,2025-01-12,Singapore,Shanghai,Rail,Electronics,3728.8,334.13,4.44,7.1,Clear,0.891,3.66,1,High
SC-13934,2024-07-24,Rotterdam,Los Angeles,Sea,Automotive,4954.64,305.11,3.23,2.2,Storm,0.52,23.03,0,Medium
SC-13935,2024-10-25,Hamburg,Singapore,Sea,Textiles,8423.65,322.13,1.81,7.6,Rain,0.654,19.48,0,Low
SC-13936,2025-07-31,Shanghai,Antwerp,Rail,Pharmaceuticals,6549.3,44.92,3.44,7.2,Fog,0.787,8.91,1,Medium
SC-13937,2024-11-07,Singapore,Rotterdam,Rail,Pharmaceuticals,2823.27,446.87,3.72,9.0,Rain,0.705,3.69,1,Medium
SC-13938,2025-09-29,Rotterdam,Shanghai,Sea,Perishables,2978.58,195.24,2.62,0.3,Storm,0.641,12.82,1,Medium
SC-13939,2024-09-05,Antwerp,Shanghai,Rail,Perishables,6563.1,157.37,4.04,4.5,Hurricane,0.638,44.51,1,High
SC-13940,2025-04-20,Shanghai,Los Angeles,Air,Automotive,11480.6,231.72,1.7,6.8,Fog,0.899,1.54,0,Low
SC-13941,2025-01-12,Dubai,Antwerp,Road,Pharmaceuticals,13520.49,195.64,2.12,1.0,Fog,0.987,12.6,1,Medium
SC-13942,2025-08-28,Los Angeles,Dubai,Air,Pharmaceuticals,1719.85,431.92,1.51,4.1,Fog,0.674,0.5,0,Low
SC-13943,2025-05-20,Hamburg,Busan,Rail,Pharmaceuticals,6200.01,464.7,1.9,9.4,Clear,0.52,6.27,0,Low
SC-13944,2024-07-19,Busan,Rotterdam,Rail,Pharmaceuticals,1953.56,152.42,1.99,4.4,Storm,0.518,5.07,1,Low
SC-13945,2025-07-13,Los Angeles,Busan,Road,Textiles,740.59,432.1,4.23,9.9,Storm,0.88,2.26,1,High
SC-13946,2024-09-08,Dubai,Singapore,Road,Automotive,10094.92,390.98,1.46,0.6,Storm,0.776,18.34,0,Low
SC-13947,2024-06-03,Dubai,Los Angeles,Rail,Perishables,9235.52,465.47,2.61,7.2,Storm,0.892,25.53,1,Medium
SC-13948,2024-01-07,Rotterdam,Los Angeles,Road,Electronics,2863.78,123.63,2.96,5.8,Fog,0.849,3.44,1,Medium
SC-13949,2025-02-23,Antwerp,Dubai,Air,Pharmaceuticals,3890.29,288.9,4.17,5.0,Clear,0.954,0.85,0,High
SC-13950,2024-01-25,Shanghai,Singapore,Sea,Electronics,843.76,138.0,4.49,9.7,Storm,0.943,5.37,1,High
SC-13951,2024-08-26,Shanghai,Singapore,Air,Pharmaceuticals,12606.73,412.22,3.69,1.3,Rain,0.894,1.0,0,Medium
SC-13952,2025-07-08,Rotterdam,Marseille,Sea,Textiles,14633.01,3.66,4.4,9.0,Hurricane,0.738,235.41,1,High
SC-13953,2024-12-20,Rotterdam,Dubai,Road,Textiles,2464.16,282.84,3.8,6.9,Rain,0.654,2.74,1,Medium
SC-13954,2025-10-13,Los Angeles,Hamburg,Rail,Textiles,3856.39,170.26,4.38,2.6,Fog,0.754,4.44,0,High
SC-13955,2025-12-11,Los Angeles,Rotterdam,Air,Electronics,13091.94,162.02,3.53,9.0,Clear,0.751,0.76,0,Medium
SC-13956,2024-01-10,Antwerp,Dubai,Air,Electronics,13933.73,322.81,1.46,4.3,Hurricane,0.805,7.6,1,Low
SC-13957,2024-12-09,Dubai,Busan,Rail,Automotive,6584.6,425.89,2.53,8.1,Fog,0.593,9.39,1,Medium
SC-13958,2024-01-02,Dubai,Los Angeles,Sea,Textiles,1234.03,304.99,3.33,3.9,Fog,0.828,3.52,1,Medium
SC-13959,2025-11-04,Antwerp,Singapore,Rail,Automotive,1071.18,426.73,2.36,8.5,Storm,0.728,3.73,1,Medium
SC-13960,2025-01-20,Los Angeles,Antwerp,Air,Textiles,8822.27,133.03,2.1,6.4,Fog,0.81,1.19,1,Medium
SC-13961,2024-11-10,Singapore,Antwerp,Road,Automotive,6196.98,260.23,3.11,1.4,Rain,0.62,4.11,0,Medium
SC-13962,2024-04-16,Los Angeles,Rotterdam,Sea,Pharmaceuticals,915.46,225.82,4.28,6.5,Fog,0.717,2.54,0,High
SC-13963,2024-07-29,Hamburg,Marseille,Rail,Automotive,8957.16,6.81,1.32,1.9,Rain,0.605,8.08,0,Low
SC-13964,2025-06-26,Rotterdam,Shanghai,Sea,Electronics,663.89,278.85,3.74,4.1,Clear,0.938,0.86,0,Medium
SC-13965,2024-08-31,Dubai,Los Angeles,Rail,Electronics,11916.89,331.1,3.59,1.7,Storm,0.744,27.01,1,Medium
SC-13966,2025-03-05,Los Angeles,Rotterdam,Air,Electronics,4943.28,296.37,4.38,0.2,Rain,0.612,0.7,0,High
SC-13967,2025-05-18,Singapore,Los Angeles,Air,Pharmaceuticals,1083.74,368.4,4.27,2.1,Fog,0.521,0.5,0,High
SC-13968,2024-03-02,Hamburg,Dubai,Air,Perishables,9031.11,286.1,3.72,5.4,Storm,0.838,1.7,0,Medium
SC-13969,2024-05-25,Rotterdam,Busan,Road,Perishables,6266.42,34.31,2.92,4.8,Hurricane,0.607,36.9,1,Medium
SC-13970,2025-12-29,Busan,Singapore,Sea,Pharmaceuticals,14620.11,59.11,1.87,5.0,Hurricane,0.995,203.76,1,Low
SC-13971,2024-10-13,Los Angeles,Busan,Rail,Pharmaceuticals,8390.88,298.64,3.0,2.5,Clear,0.767,6.42,0,Medium
SC-13972,2024-04-05,Shanghai,Marseille,Rail,Pharmaceuticals,4490.97,138.21,3.73,6.9,Clear,0.644,3.57,1,Medium
SC-13973,2024-02-14,Busan,Los Angeles,Rail,Textiles,10786.86,40.74,4.16,7.0,Hurricane,0.829,80.24,1,High
SC-13974,2024-08-25,Shanghai,Hamburg,Air,Textiles,4436.63,215.37,3.81,3.6,Rain,0.638,0.51,0,Medium
SC-13975,2025-06-16,Rotterdam,Marseille,Sea,Automotive,13611.53,277.61,1.84,8.8,Hurricane,0.91,217.49,1,Low
SC-13976,2025-02-26,Antwerp,Rotterdam,Road,Perishables,5933.47,165.04,3.18,6.4,Storm,0.654,14.34,1,Medium
SC-13977,2025-12-18,Dubai,Marseille,Road,Automotive,8473.09,360.5,2.3,7.1,Fog,0.994,9.6,1,Medium
SC-13978,2025-01-16,Busan,Singapore,Air,Pharmaceuticals,1233.31,322.24,1.23,2.8,Fog,0.803,0.5,0,Low
SC-13979,2025-04-14,Busan,Shanghai,Road,Pharmaceuticals,6678.76,167.08,1.86,0.0,Rain,0.922,4.11,0,Low
SC-13980,2024-03-27,Rotterdam,Shanghai,Air,Automotive,12569.27,377.68,1.57,8.7,Hurricane,0.536,7.72,1,Low
SC-13981,2025-08-17,Dubai,Antwerp,Sea,Perishables,12181.91,324.7,3.98,8.2,Storm,0.674,71.95,0,Medium
SC-13982,2024-04-07,Dubai,Singapore,Sea,Perishables,3752.62,319.09,2.05,1.2,Clear,0.869,5.7,0,Medium
SC-13983,2025-06-01,Busan,Rotterdam,Sea,Textiles,3778.15,277.16,2.14,3.7,Rain,0.828,6.93,0,Medium
SC-13984,2024-05-16,Busan,Dubai,Sea,Perishables,12350.93,6.68,4.37,6.6,Clear,0.597,22.45,0,High
SC-13985,2025-10-14,Busan,Dubai,Road,Electronics,13990.78,348.56,2.45,6.5,Storm,0.678,33.25,1,Medium
SC-13986,2025-02-07,Hamburg,Singapore,Rail,Textiles,1882.73,188.64,1.23,8.6,Storm,0.632,4.77,1,Low
SC-13987,2024-03-17,Antwerp,Rotterdam,Air,Textiles,7025.85,471.36,2.14,1.4,Rain,0.807,0.5,0,Medium
SC-13988,2025-08-29,Singapore,Shanghai,Air,Textiles,5393.09,409.17,1.59,4.3,Hurricane,0.672,3.49,1,Low
SC-13989,2025-08-04,Los Angeles,Marseille,Sea,Pharmaceuticals,13124.98,294.26,1.54,1.0,Rain,0.655,22.85,0,Low
SC-13990,2024-03-04,Los Angeles,Singapore,Sea,Pharmaceuticals,1711.11,126.84,1.46,3.9,Clear,0.604,2.1,1,Low
SC-13991,2025-03-21,Los Angeles,Antwerp,Rail,Pharmaceuticals,3561.33,102.65,3.16,0.2,Fog,0.705,3.43,0,Medium
SC-13992,2025-11-09,Busan,Singapore,Road,Perishables,11410.79,170.85,1.82,9.0,Fog,0.598,14.45,1,Low
SC-13993,2024-05-13,Los Angeles,Singapore,Sea,Textiles,1243.76,238.81,2.39,5.3,Storm,0.981,7.62,1,Medium
SC-13994,2024-08-30,Antwerp,Marseille,Rail,Textiles,7641.76,148.74,4.04,8.5,Storm,0.577,23.52,1,High
SC-13995,2024-10-25,Los Angeles,Shanghai,Rail,Perishables,6910.55,257.95,2.6,0.6,Hurricane,0.957,39.91,1,Medium
SC-13996,2024-09-24,Hamburg,Los Angeles,Air,Electronics,5348.82,83.52,4.22,2.3,Rain,0.714,0.5,1,High
SC-13997,2024-11-18,Antwerp,Singapore,Air,Automotive,6221.3,488.88,2.84,2.6,Clear,0.689,0.97,1,Medium
SC-13998,2025-02-06,Antwerp,Shanghai,Rail,Textiles,8184.14,54.85,2.52,3.9,Rain,0.616,7.57,1,Medium
SC-13999,2025-12-18,Rotterdam,Singapore,Rail,Automotive,2839.83,466.04,3.68,8.0,Fog,0.818,4.68,1,Medium
SC-14000,2024-11-30,Dubai,Busan,Air,Electronics,8793.94,456.88,1.44,3.9,Rain,0.843,1.12,0,Low
SC-14001,2024-11-21,Hamburg,Antwerp,Road,Perishables,12178.77,263.15,1.5,2.0,Fog,0.734,11.91,0,Low
SC-14002,2025-04-08,Shanghai,Hamburg,Road,Textiles,11522.33,362.73,3.35,0.6,Storm,0.528,21.81,0,Medium
SC-14003,2024-10-05,Rotterdam,Antwerp,Rail,Electronics,2731.55,218.59,2.81,0.8,Rain,0.959,2.14,0,Medium
SC-14004,2024-08-27,Shanghai,Busan,Rail,Perishables,2664.12,315.39,3.81,7.6,Hurricane,0.99,19.79,1,Medium
SC-14005,2024-03-17,Hamburg,Los Angeles,Road,Electronics,4388.53,170.95,4.22,4.4,Storm,0.716,10.07,0,High
SC-14006,2024-07-26,Busan,Marseille,Sea,Pharmaceuticals,5735.58,151.28,2.48,7.3,Fog,0.807,16.25,1,Medium
SC-14007,2024-05-19,Dubai,Hamburg,Sea,Automotive,6422.61,289.54,3.17,6.8,Fog,0.725,18.25,1,Medium
SC-14008,2025-08-21,Los Angeles,Dubai,Road,Textiles,10355.61,249.57,2.85,1.4,Hurricane,0.661,53.56,1,Medium
SC-14009,2024-04-21,Singapore,Busan,Air,Automotive,1321.87,290.19,4.44,1.4,Storm,0.539,0.5,0,High
SC-14010,2024-06-08,Busan,Marseille,Air,Perishables,1002.75,144.04,3.94,7.6,Storm,0.728,0.5,1,Medium
SC-14011,2024-04-18,Dubai,Rotterdam,Sea,Automotive,6182.7,184.11,4.21,7.2,Fog,0.909,18.31,1,High
SC-14012,2024-06-17,Antwerp,Busan,Road,Perishables,10608.87,42.87,2.04,3.8,Clear,0.509,7.84,1,Medium
SC-14013,2025-04-05,Busan,Dubai,Rail,Textiles,3304.81,27.09,3.75,0.8,Fog,0.791,3.23,1,Medium
SC-14014,2025-04-22,Busan,Los Angeles,Air,Textiles,9801.81,127.48,2.08,0.1,Hurricane,0.94,3.63,1,Medium
SC-14015,2024-11-17,Antwerp,Rotterdam,Air,Textiles,4267.51,38.05,1.89,2.9,Hurricane,0.609,1.77,1,Low
SC-14016,2025-02-20,Antwerp,Hamburg,Road,Automotive,13348.25,52.78,4.32,0.1,Clear,0.592,7.61,0,High
SC-14017,2024-05-03,Dubai,Rotterdam,Road,Perishables,13487.5,406.65,1.26,2.3,Fog,0.886,13.55,0,Low
SC-14018,2025-07-02,Busan,Antwerp,Road,Electronics,4810.66,20.4,4.39,4.2,Storm,0.628,10.43,0,High
SC-14019,2025-01-01,Dubai,Hamburg,Air,Automotive,3834.91,329.81,1.69,1.2,Clear,0.596,0.5,0,Low
SC-14020,2024-07-31,Hamburg,Rotterdam,Road,Textiles,6463.91,137.01,3.9,1.0,Hurricane,0.689,31.96,1,Medium
SC-14021,2025-04-07,Antwerp,Dubai,Road,Perishables,3987.71,435.9,2.11,9.0,Hurricane,0.696,27.46,1,Medium
SC-14022,2024-11-11,Singapore,Marseille,Rail,Perishables,10249.57,243.01,2.36,5.9,Clear,0.937,8.17,1,Medium
SC-14023,2025-04-19,Rotterdam,Antwerp,Road,Textiles,12477.94,153.48,1.92,9.3,Hurricane,0.809,87.25,1,Low
SC-14024,2024-09-28,Busan,Hamburg,Air,Automotive,10259.84,259.3,3.13,3.5,Hurricane,0.703,5.6,1,Medium
SC-14025,2024-05-02,Los Angeles,Rotterdam,Air,Textiles,12453.08,191.6,2.35,6.8,Clear,0.767,0.5,0,Medium
SC-14026,2024-04-02,Hamburg,Singapore,Road,Perishables,6256.39,282.59,3.37,2.0,Fog,0.977,6.4,1,Medium
SC-14027,2024-06-10,Shanghai,Busan,Sea,Pharmaceuticals,2766.6,58.15,1.25,6.2,Fog,0.557,7.24,1,Low
SC-14028,2025-12-03,Dubai,Antwerp,Sea,Textiles,11200.29,498.5,1.41,1.3,Storm,0.604,50.09,0,Low
SC-14029,2024-11-07,Shanghai,Los Angeles,Rail,Pharmaceuticals,5726.88,213.35,1.53,0.0,Storm,0.981,12.02,0,Low
SC-14030,2025-12-22,Hamburg,Antwerp,Sea,Electronics,10233.43,174.77,2.58,9.3,Clear,0.979,21.04,0,Medium
SC-14031,2025-12-14,Shanghai,Rotterdam,Sea,Textiles,4424.34,355.39,3.89,5.5,Rain,0.589,9.45,1,Medium
SC-14032,2025-09-09,Hamburg,Dubai,Rail,Perishables,1677.83,182.59,4.13,9.3,Hurricane,0.573,14.31,1,High
SC-14033,2024-02-11,Los Angeles,Marseille,Air,Pharmaceuticals,14892.44,416.8,2.01,3.3,Storm,0.711,2.89,1,Medium
SC-14034,2024-08-08,Shanghai,Antwerp,Road,Pharmaceuticals,2764.92,227.68,3.1,3.3,Storm,0.525,5.39,0,Medium
SC-14035,2024-12-01,Shanghai,Antwerp,Sea,Perishables,14832.1,360.06,3.74,4.0,Clear,0.827,24.78,0,Medium
SC-14036,2024-05-31,Shanghai,Antwerp,Sea,Electronics,14670.56,54.62,2.15,7.1,Storm,0.539,82.52,1,Medium
SC-14037,2024-04-03,Dubai,Busan,Rail,Electronics,12010.36,423.21,2.55,5.7,Hurricane,0.529,85.68,1,Medium
SC-14038,2025-12-29,Singapore,Busan,Rail,Textiles,10061.63,368.12,2.93,9.3,Rain,0.743,12.05,0,Medium
SC-14039,2024-09-11,Los Angeles,Busan,Sea,Electronics,8878.2,106.65,1.65,0.3,Storm,0.979,37.12,1,Low
SC-14040,2024-12-30,Dubai,Antwerp,Sea,Textiles,13058.47,73.5,1.29,7.1,Rain,0.713,29.57,0,Low
SC-14041,2025-02-09,Los Angeles,Busan,Sea,Pharmaceuticals,4696.87,158.83,1.7,3.3,Clear,0.678,7.63,0,Low
SC-14042,2025-06-09,Dubai,Marseille,Air,Perishables,7281.38,488.06,3.27,1.8,Fog,0.999,1.15,0,Medium
SC-14043,2024-02-20,Hamburg,Dubai,Road,Electronics,9481.15,129.16,1.44,5.1,Storm,0.766,21.04,1,Low
SC-14044,2025-11-24,Hamburg,Dubai,Air,Perishables,6462.26,228.61,1.83,5.1,Hurricane,0.688,2.38,1,Low
SC-14045,2024-11-02,Hamburg,Antwerp,Air,Perishables,6698.55,15.98,2.31,1.4,Hurricane,0.693,2.8,1,Medium
SC-14046,2024-09-23,Los Angeles,Rotterdam,Sea,Pharmaceuticals,5289.13,199.22,1.46,2.0,Rain,0.597,8.89,1,Low
SC-14047,2024-06-27,Rotterdam,Los Angeles,Rail,Electronics,8681.36,286.09,1.83,4.1,Hurricane,0.756,58.28,1,Low
SC-14048,2024-02-01,Hamburg,Los Angeles,Air,Electronics,12833.33,476.61,4.21,4.1,Rain,0.719,0.5,0,High
SC-14049,2025-02-18,Singapore,Los Angeles,Rail,Perishables,3422.16,258.85,1.26,3.2,Hurricane,0.635,21.54,1,Low
SC-14050,2025-04-08,Hamburg,Los Angeles,Road,Automotive,14049.28,409.73,3.36,1.5,Storm,0.58,26.77,0,Medium
SC-14051,2025-07-23,Hamburg,Los Angeles,Air,Automotive,10491.77,274.02,2.47,0.0,Hurricane,0.656,5.15,1,Medium
SC-14052,2025-07-17,Dubai,Marseille,Sea,Automotive,12437.46,21.35,3.42,9.7,Fog,0.754,37.94,1,Medium
SC-14053,2024-09-12,Antwerp,Busan,Road,Perishables,8564.77,158.19,3.14,9.4,Storm,0.529,22.52,1,Medium
SC-14054,2024-04-06,Antwerp,Marseille,Sea,Textiles,11802.99,288.2,1.94,4.8,Fog,0.577,30.83,0,Low
SC-14055,2025-04-18,Singapore,Dubai,Rail,Perishables,734.91,475.35,4.0,10.0,Fog,0.974,1.89,0,Medium
SC-14056,2024-04-14,Busan,Hamburg,Air,Automotive,12366.52,429.71,2.82,6.7,Fog,0.771,1.68,0,Medium
SC-14057,2024-05-23,Rotterdam,Los Angeles,Sea,Automotive,1082.01,114.95,3.91,0.7,Storm,0.532,5.21,1,Medium
SC-14058,2024-05-04,Antwerp,Marseille,Air,Perishables,13403.74,110.83,2.54,1.2,Fog,0.847,1.54,0,Medium
SC-14059,2024-01-13,Los Angeles,Rotterdam,Road,Textiles,14883.46,101.39,4.45,9.2,Storm,0.531,38.15,1,High
SC-14060,2024-03-04,Los Angeles,Busan,Sea,Perishables,4763.98,461.33,3.74,6.3,Hurricane,0.869,69.79,1,Medium
SC-14061,2024-08-15,Los Angeles,Shanghai,Road,Automotive,3549.62,426.48,4.39,8.4,Clear,0.875,3.43,0,High
SC-14062,2024-05-13,Busan,Marseille,Air,Automotive,11597.77,387.67,2.9,9.0,Fog,0.826,0.83,0,Medium
SC-14063,2024-07-21,Los Angeles,Hamburg,Sea,Automotive,4168.88,196.97,2.76,4.5,Clear,0.866,6.8,1,Medium
SC-14064,2025-02-14,Busan,Antwerp,Air,Perishables,13050.65,252.69,3.69,0.5,Storm,0.544,1.69,0,Medium
SC-14065,2025-01-16,Busan,Singapore,Sea,Automotive,1991.22,232.7,4.1,1.9,Storm,0.863,9.46,1,High
SC-14066,2025-12-03,Dubai,Los Angeles,Air,Electronics,2326.35,127.45,4.38,0.7,Storm,0.568,0.5,1,High
SC-14067,2025-10-07,Shanghai,Los Angeles,Road,Pharmaceuticals,14697.7,253.01,2.27,1.9,Hurricane,0.67,76.43,1,Medium
SC-14068,2025-10-22,Dubai,Marseille,Rail,Automotive,10270.66,16.22,3.84,4.1,Storm,0.971,25.15,0,Medium
SC-14069,2024-03-27,Los Angeles,Rotterdam,Rail,Perishables,12779.86,66.77,1.9,1.2,Rain,0.751,11.25,0,Low
SC-14070,2025-08-19,Antwerp,Marseille,Air,Perishables,5202.78,443.41,3.0,1.7,Storm,0.984,0.6,0,Medium
SC-14071,2025-08-23,Antwerp,Marseille,Road,Automotive,10309.01,376.09,1.79,4.5,Rain,0.544,9.13,1,Low
SC-14072,2024-09-22,Los Angeles,Rotterdam,Air,Electronics,9116.51,212.01,2.35,3.4,Fog,0.739,0.5,0,Medium
SC-14073,2024-03-17,Busan,Marseille,Sea,Electronics,9245.68,259.06,4.27,4.7,Hurricane,0.531,126.84,1,High
SC-14074,2024-01-23,Busan,Singapore,Air,Electronics,10396.72,185.63,1.68,4.3,Fog,0.815,0.77,0,Low
SC-14075,2024-03-07,Singapore,Los Angeles,Road,Perishables,8842.71,370.65,3.29,6.4,Fog,0.539,9.81,1,Medium
SC-14076,2024-07-21,Dubai,Antwerp,Air,Textiles,6721.4,392.31,3.16,9.4,Clear,0.588,0.5,0,Medium
SC-14077,2025-10-23,Rotterdam,Marseille,Rail,Perishables,4500.88,381.88,1.6,1.1,Storm,0.629,9.29,1,Low
SC-14078,2025-03-30,Rotterdam,Hamburg,Air,Automotive,11644.43,361.58,2.28,1.0,Fog,0.874,0.85,0,Medium
SC-14079,2024-05-11,Hamburg,Rotterdam,Rail,Textiles,3780.95,103.05,3.06,8.5,Hurricane,0.582,30.02,1,Medium
SC-14080,2024-04-04,Singapore,Antwerp,Rail,Perishables,10539.14,169.65,1.82,5.1,Rain,0.923,11.14,0,Low
SC-14081,2024-12-05,Busan,Los Angeles,Air,Textiles,3883.33,235.45,3.84,7.7,Rain,0.566,0.5,0,Medium
SC-14082,2024-05-05,Dubai,Rotterdam,Air,Pharmaceuticals,9567.29,166.07,4.41,2.2,Clear,0.518,0.5,0,High
SC-14083,2024-02-13,Dubai,Antwerp,Air,Automotive,11332.63,377.72,1.91,8.3,Hurricane,0.698,7.21,1,Low
SC-14084,2025-04-17,Los Angeles,Dubai,Air,Electronics,3671.35,165.35,1.82,9.2,Storm,0.99,0.62,1,Low
SC-14085,2024-02-21,Antwerp,Busan,Air,Automotive,1369.18,69.98,2.7,6.4,Hurricane,0.555,0.98,1,Medium
SC-14086,2024-06-21,Antwerp,Los Angeles,Road,Electronics,2399.12,200.12,3.67,1.1,Clear,0.551,1.42,0,Medium
SC-14087,2025-08-10,Antwerp,Rotterdam,Air,Perishables,9286.96,489.98,2.13,9.0,Fog,0.876,1.24,1,Medium
SC-14088,2025-03-19,Hamburg,Busan,Air,Perishables,12816.97,113.71,1.27,7.9,Fog,0.656,1.29,1,Low
SC-14089,2025-02-08,Dubai,Marseille,Air,Automotive,1152.45,306.47,2.99,7.5,Rain,0.859,0.5,0,Medium
SC-14090,2025-05-23,Singapore,Marseille,Sea,Automotive,11145.19,217.05,4.36,0.4,Storm,0.6,47.29,1,High
SC-14091,2024-01-31,Singapore,Shanghai,Rail,Automotive,5449.12,36.44,2.49,8.0,Clear,0.73,5.7,1,Medium
SC-14092,2025-01-26,Rotterdam,Shanghai,Rail,Electronics,7438.66,244.45,2.59,1.4,Storm,0.633,16.16,1,Medium
SC-14093,2025-11-30,Rotterdam,Shanghai,Road,Pharmaceuticals,13968.46,351.38,4.4,2.2,Rain,0.726,10.2,1,High
SC-14094,2025-03-12,Dubai,Singapore,Air,Pharmaceuticals,5313.59,257.1,3.49,5.8,Storm,0.885,0.58,1,Medium
SC-14095,2024-06-25,Antwerp,Singapore,Rail,Automotive,7247.39,436.18,3.57,2.6,Hurricane,0.881,46.13,1,Medium
SC-14096,2024-12-28,Antwerp,Singapore,Air,Automotive,698.4,145.18,3.06,6.6,Fog,0.758,0.5,0,Medium
SC-14097,2024-08-07,Los Angeles,Dubai,Air,Automotive,1683.18,44.04,4.42,6.1,Fog,0.964,0.5,0,High
SC-14098,2024-07-10,Antwerp,Shanghai,Air,Electronics,4249.58,468.35,3.47,1.1,Clear,0.632,0.5,0,Medium
SC-14099,2024-10-08,Shanghai,Dubai,Road,Textiles,903.86,189.72,4.15,6.6,Clear,0.62,0.75,1,High
SC-14100,2024-10-13,Antwerp,Dubai,Road,Textiles,9654.94,288.63,3.51,9.2,Clear,0.807,7.89,1,Medium
SC-14101,2025-04-01,Los Angeles,Marseille,Sea,Textiles,6682.78,396.21,3.63,1.6,Clear,0.811,9.59,0,Medium
SC-14102,2024-06-01,Busan,Rotterdam,Rail,Perishables,8448.11,162.83,2.16,6.0,Clear,0.523,7.42,1,Medium
SC-14103,2024-02-05,Shanghai,Los Angeles,Sea,Automotive,3032.38,358.37,2.2,3.4,Storm,0.804,15.02,1,Medium
SC-14104,2025-09-20,Dubai,Hamburg,Road,Electronics,4791.01,68.57,3.78,4.6,Storm,0.687,10.8,0,Medium
SC-14105,2025-09-26,Busan,Shanghai,Road,Pharmaceuticals,10125.45,146.36,2.18,2.9,Fog,0.874,10.63,1,Medium
SC-14106,2025-09-23,Hamburg,Dubai,Sea,Pharmaceuticals,14496.89,73.21,3.06,3.5,Fog,0.904,34.76,0,Medium
SC-14107,2024-09-08,Shanghai,Dubai,Sea,Pharmaceuticals,1231.04,405.8,2.02,0.3,Rain,0.776,2.08,0,Medium
SC-14108,2025-10-24,Rotterdam,Busan,Road,Textiles,13410.57,112.1,3.9,9.8,Storm,0.501,35.6,1,Medium
SC-14109,2024-10-29,Shanghai,Busan,Sea,Perishables,8864.78,358.98,1.56,6.2,Hurricane,0.818,128.5,1,Low
SC-14110,2025-05-25,Rotterdam,Dubai,Air,Textiles,8676.83,471.71,3.94,5.0,Storm,0.874,1.7,1,Medium
SC-14111,2025-02-25,Singapore,Rotterdam,Road,Perishables,7754.04,264.36,3.19,3.8,Rain,0.624,6.48,1,Medium
SC-14112,2025-07-17,Busan,Hamburg,Road,Electronics,1506.21,270.47,1.82,5.4,Clear,0.732,1.39,0,Low
SC-14113,2025-05-05,Singapore,Hamburg,Sea,Textiles,1803.21,231.06,2.99,3.8,Storm,0.983,8.98,0,Medium
SC-14114,2024-03-03,Rotterdam,Shanghai,Air,Pharmaceuticals,9213.22,163.62,2.13,3.6,Hurricane,0.649,4.25,1,Medium
SC-14115,2024-03-30,Los Angeles,Rotterdam,Air,Automotive,5443.9,238.35,2.27,4.6,Fog,0.612,0.99,0,Medium
SC-14116,2024-10-13,Shanghai,Rotterdam,Road,Perishables,13800.39,301.8,2.36,2.8,Rain,0.605,10.11,0,Medium
SC-14117,2025-01-27,Antwerp,Rotterdam,Sea,Electronics,6395.56,493.01,1.41,1.8,Rain,0.779,11.59,0,Low
SC-14118,2024-05-20,Hamburg,Antwerp,Sea,Electronics,2577.58,468.94,4.45,5.6,Storm,0.975,12.85,1,High
SC-14119,2025-03-05,Los Angeles,Shanghai,Sea,Perishables,10863.42,431.21,1.3,8.4,Storm,0.804,63.88,1,Low
SC-14120,2024-07-23,Los Angeles,Antwerp,Road,Electronics,4753.62,444.68,3.39,1.5,Fog,0.652,4.83,1,Medium
SC-14121,2025-10-20,Hamburg,Rotterdam,Sea,Pharmaceuticals,8119.32,234.46,2.43,0.3,Hurricane,0.819,91.05,1,Medium
SC-14122,2025-06-22,Shanghai,Busan,Air,Perishables,10618.58,329.06,3.33,2.5,Storm,0.812,1.15,1,Medium
SC-14123,2024-09-12,Busan,Hamburg,Road,Pharmaceuticals,13553.83,447.64,2.38,9.8,Fog,0.798,19.22,0,Medium
SC-14124,2025-10-07,Singapore,Los Angeles,Sea,Electronics,11986.77,197.08,3.42,8.3,Storm,0.58,69.96,1,Medium
SC-14125,2025-07-10,Dubai,Shanghai,Rail,Textiles,10307.24,480.92,3.61,6.0,Clear,0.817,10.12,0,Medium
SC-14126,2024-01-20,Singapore,Rotterdam,Air,Automotive,10354.68,208.48,3.48,9.3,Rain,0.715,0.86,0,Medium
SC-14127,2025-01-26,Rotterdam,Busan,Air,Automotive,14215.91,300.94,1.58,4.5,Storm,0.509,2.45,1,Low
SC-14128,2025-12-31,Dubai,Shanghai,Sea,Pharmaceuticals,4789.45,355.19,3.37,9.8,Storm,0.77,30.05,1,Medium
SC-14129,2025-01-02,Antwerp,Singapore,Road,Pharmaceuticals,516.13,475.35,2.12,3.0,Fog,0.995,1.2,1,Medium
SC-14130,2025-05-06,Antwerp,Rotterdam,Road,Textiles,4443.34,123.06,1.3,2.4,Storm,0.675,8.31,0,Low
SC-14131,2025-07-11,Rotterdam,Antwerp,Rail,Perishables,3659.43,373.32,2.57,6.4,Clear,0.983,3.1,1,Medium
SC-14132,2025-05-11,Shanghai,Busan,Rail,Electronics,10096.6,260.89,2.63,3.8,Fog,0.548,12.93,0,Medium
SC-14133,2024-12-18,Rotterdam,Antwerp,Road,Pharmaceuticals,9688.82,135.01,2.74,6.3,Hurricane,0.866,60.73,1,Medium
SC-14134,2025-08-02,Antwerp,Busan,Road,Electronics,9105.19,388.53,3.53,3.0,Storm,0.557,19.29,1,Medium
SC-14135,2025-05-29,Busan,Rotterdam,Air,Automotive,735.53,276.56,2.22,6.2,Storm,0.637,0.5,1,Medium
SC-14136,2024-11-25,Shanghai,Singapore,Rail,Electronics,11067.28,330.83,2.24,2.8,Fog,0.785,14.02,0,Medium
SC-14137,2025-02-01,Antwerp,Dubai,Road,Textiles,5191.19,162.13,1.4,0.5,Rain,0.796,3.89,1,Low
SC-14138,2024-10-03,Los Angeles,Busan,Rail,Textiles,10143.31,241.16,3.47,9.1,Hurricane,0.888,82.16,1,Medium
SC-14139,2024-07-03,Rotterdam,Marseille,Air,Textiles,8570.39,309.06,3.07,8.8,Storm,0.808,2.09,1,Medium
SC-14140,2024-01-27,Los Angeles,Busan,Air,Pharmaceuticals,5469.6,203.05,2.35,9.7,Rain,0.797,0.5,0,Medium
SC-14141,2024-11-22,Hamburg,Singapore,Air,Electronics,2451.36,99.99,3.53,7.2,Rain,0.956,0.63,0,Medium
SC-14142,2025-09-03,Antwerp,Busan,Air,Textiles,1869.07,480.86,2.97,6.8,Rain,0.726,0.5,0,Medium
SC-14143,2024-08-12,Busan,Dubai,Air,Automotive,12557.02,256.22,2.75,5.6,Hurricane,0.613,7.09,1,Medium
SC-14144,2024-01-31,Rotterdam,Dubai,Air,Electronics,13816.76,367.23,2.89,1.3,Storm,0.581,2.77,0,Medium
SC-14145,2024-10-14,Hamburg,Shanghai,Air,Pharmaceuticals,9921.93,206.11,3.3,1.9,Storm,0.7,1.91,1,Medium
SC-14146,2024-02-29,Los Angeles,Dubai,Sea,Automotive,1999.79,178.21,3.38,2.9,Storm,0.856,9.79,0,Medium
SC-14147,2025-04-28,Busan,Shanghai,Sea,Textiles,6329.39,204.17,2.15,8.9,Hurricane,0.521,101.12,1,Medium
SC-14148,2025-06-26,Hamburg,Rotterdam,Rail,Electronics,11069.62,205.19,1.66,1.7,Clear,0.565,8.08,0,Low
SC-14149,2025-01-01,Los Angeles,Rotterdam,Rail,Textiles,11807.4,272.55,1.72,9.2,Hurricane,0.553,96.29,1,Low
SC-14150,2025-08-21,Singapore,Hamburg,Air,Perishables,2214.17,272.19,3.31,5.2,Storm,0.793,1.15,1,Medium
SC-14151,2024-08-26,Rotterdam,Antwerp,Rail,Electronics,500.45,249.08,4.08,7.2,Fog,0.621,0.5,1,High
SC-14152,2024-06-12,Busan,Rotterdam,Air,Textiles,10825.99,68.26,2.55,1.1,Hurricane,0.583,4.48,1,Medium
SC-14153,2024-04-12,Shanghai,Marseille,Air,Perishables,5670.64,248.54,1.76,2.7,Storm,0.796,1.02,1,Low
SC-14154,2024-09-10,Antwerp,Los Angeles,Air,Textiles,4189.98,85.38,3.7,9.6,Fog,0.881,0.5,1,Medium
SC-14155,2025-11-03,Los Angeles,Dubai,Rail,Perishables,687.01,63.94,3.95,2.7,Storm,0.666,1.21,1,Medium
SC-14156,2024-09-03,Dubai,Hamburg,Road,Textiles,8334.34,466.39,4.11,3.0,Hurricane,0.789,45.81,1,High
SC-14157,2024-09-29,Busan,Shanghai,Sea,Perishables,12841.69,302.87,3.2,2.0,Clear,0.549,20.39,0,Medium
SC-14158,2025-06-30,Busan,Dubai,Road,Pharmaceuticals,14385.66,330.09,4.04,1.3,Fog,0.968,12.66,0,High
SC-14159,2024-02-27,Busan,Marseille,Air,Automotive,8703.3,201.5,1.25,2.3,Fog,0.668,0.67,0,Low
SC-14160,2024-08-12,Singapore,Marseille,Rail,Automotive,7959.69,454.58,1.55,6.4,Clear,0.999,7.53,1,Low
SC-14161,2025-08-12,Shanghai,Antwerp,Air,Pharmaceuticals,1733.32,319.33,1.51,4.6,Rain,0.989,0.52,0,Low
SC-14162,2025-02-01,Hamburg,Rotterdam,Rail,Textiles,8458.66,384.82,3.55,5.5,Hurricane,0.889,60.16,1,Medium
SC-14163,2024-12-29,Busan,Dubai,Sea,Automotive,6009.7,184.91,1.43,1.2,Storm,0.51,27.45,0,Low
SC-14164,2024-06-26,Dubai,Hamburg,Road,Electronics,9303.46,480.05,2.84,8.0,Clear,0.772,7.77,0,Medium
SC-14165,2024-06-29,Hamburg,Los Angeles,Air,Pharmaceuticals,6136.53,410.41,2.76,7.8,Rain,0.543,1.19,1,Medium
SC-14166,2024-08-30,Antwerp,Hamburg,Road,Automotive,3984.34,427.12,2.23,0.2,Fog,0.948,3.27,0,Medium
SC-14167,2025-08-29,Rotterdam,Singapore,Air,Perishables,1877.0,86.92,4.07,3.8,Rain,0.895,0.5,0,High
SC-14168,2024-11-21,Antwerp,Busan,Sea,Textiles,5066.32,136.21,1.76,0.7,Rain,0.986,8.13,1,Low
SC-14169,2025-12-15,Los Angeles,Dubai,Sea,Automotive,1901.35,143.53,2.36,7.9,Rain,0.804,4.87,1,Medium
SC-14170,2025-01-02,Rotterdam,Marseille,Sea,Textiles,3065.01,136.18,3.75,7.4,Storm,0.761,17.42,1,Medium
SC-14171,2025-08-28,Antwerp,Singapore,Rail,Electronics,14816.37,427.85,1.3,9.0,Fog,0.759,22.57,1,Low
SC-14172,2024-01-29,Busan,Los Angeles,Road,Automotive,6939.5,16.91,3.42,2.4,Clear,0.693,4.46,0,Medium
SC-14173,2025-12-21,Antwerp,Hamburg,Road,Automotive,8212.14,38.97,3.89,4.6,Storm,0.734,18.3,0,Medium
SC-14174,2025-12-18,Rotterdam,Hamburg,Rail,Electronics,13167.47,137.68,4.28,1.8,Clear,0.818,10.19,0,High
SC-14175,2024-12-26,Shanghai,Busan,Sea,Perishables,14935.75,100.74,4.09,3.7,Fog,0.966,36.39,1,High
SC-14176,2025-08-04,Antwerp,Marseille,Air,Pharmaceuticals,8949.36,116.7,2.25,5.2,Clear,0.798,0.5,0,Medium
SC-14177,2025-07-31,Singapore,Dubai,Sea,Automotive,12280.87,399.17,3.14,0.5,Storm,0.929,52.52,0,Medium
SC-14178,2024-05-25,Los Angeles,Singapore,Road,Perishables,5240.64,282.0,1.46,7.1,Fog,0.931,6.68,1,Low
SC-14179,2025-07-30,Rotterdam,Hamburg,Rail,Perishables,4933.29,3.88,2.05,5.4,Hurricane,0.759,35.78,1,Medium
SC-14180,2024-07-11,Hamburg,Busan,Air,Automotive,6339.2,215.23,1.51,8.3,Fog,0.674,0.85,0,Low
SC-14181,2025-05-19,Hamburg,Shanghai,Rail,Textiles,10251.36,204.53,2.24,2.7,Clear,0.82,8.59,0,Medium
SC-14182,2025-07-09,Shanghai,Dubai,Sea,Electronics,10391.78,57.86,4.09,9.0,Storm,0.723,62.05,1,High
SC-14183,2024-11-12,Los Angeles,Singapore,Rail,Textiles,5070.97,338.39,2.35,10.0,Fog,0.541,8.93,1,Medium
SC-14184,2024-06-28,Busan,Rotterdam,Air,Automotive,2431.54,351.35,3.05,9.2,Hurricane,0.689,1.78,1,Medium
SC-14185,2025-05-17,Antwerp,Singapore,Sea,Perishables,9669.75,360.73,2.63,7.8,Fog,0.997,27.96,0,Medium
SC-14186,2024-02-08,Shanghai,Singapore,Sea,Pharmaceuticals,2360.73,364.51,2.71,8.1,Rain,0.524,5.45,1,Medium
SC-14187,2024-04-02,Dubai,Hamburg,Air,Textiles,8888.14,1.03,4.4,5.7,Storm,0.848,1.23,1,High
SC-14188,2024-02-27,Shanghai,Antwerp,Road,Automotive,10554.62,477.01,2.18,1.9,Clear,0.921,6.47,0,Medium
SC-14189,2024-08-26,Shanghai,Los Angeles,Air,Electronics,10658.87,407.29,3.27,6.8,Hurricane,0.824,6.9,1,Medium
SC-14190,2025-09-08,Dubai,Busan,Road,Automotive,11425.35,452.09,2.59,7.1,Storm,0.785,27.18,1,Medium
SC-14191,2024-08-12,Antwerp,Marseille,Sea,Textiles,13156.46,8.81,1.4,9.9,Storm,0.854,81.32,1,Low
SC-14192,2024-01-21,Busan,Antwerp,Rail,Textiles,7749.41,467.0,2.81,5.4,Hurricane,0.715,54.35,1,Medium
SC-14193,2025-06-23,Rotterdam,Singapore,Road,Electronics,11088.61,405.08,3.88,2.7,Storm,0.546,21.89,1,Medium
SC-14194,2025-05-04,Hamburg,Marseille,Air,Pharmaceuticals,9478.0,418.77,1.53,6.8,Clear,0.981,0.67,1,Low
SC-14195,2024-01-01,Los Angeles,Antwerp,Road,Perishables,3206.28,47.55,1.43,9.8,Hurricane,0.716,23.29,1,Low
SC-14196,2024-12-05,Singapore,Dubai,Rail,Electronics,872.5,369.65,1.71,1.8,Rain,0.833,0.5,0,Low
SC-14197,2025-09-20,Busan,Dubai,Road,Pharmaceuticals,4625.85,480.0,3.72,3.3,Fog,0.766,4.12,0,Medium
SC-14198,2024-07-25,Singapore,Antwerp,Sea,Textiles,6923.99,339.6,3.59,5.4,Storm,0.527,36.81,1,Medium
SC-14199,2024-05-13,Shanghai,Antwerp,Rail,Automotive,9448.04,285.71,3.06,1.7,Storm,0.976,21.33,0,Medium
SC-14200,2024-12-14,Busan,Dubai,Rail,Automotive,12824.41,472.87,2.75,0.2,Fog,0.896,14.01,0,Medium
SC-14201,2024-06-30,Antwerp,Rotterdam,Road,Pharmaceuticals,3345.56,222.03,4.13,3.4,Clear,0.575,2.1,0,High
SC-14202,2024-11-27,Dubai,Marseille,Sea,Electronics,2320.47,300.05,3.73,8.7,Clear,0.991,4.49,0,Medium
SC-14203,2024-03-01,Antwerp,Hamburg,Rail,Pharmaceuticals,14470.46,238.69,3.88,0.4,Fog,0.868,15.33,0,Medium
SC-14204,2024-01-23,Los Angeles,Marseille,Rail,Electronics,2066.65,466.49,3.88,4.3,Clear,0.736,1.79,1,Medium
SC-14205,2024-05-31,Antwerp,Busan,Rail,Automotive,7438.12,38.97,3.32,7.6,Rain,0.806,8.36,0,Medium
SC-14206,2025-08-23,Singapore,Hamburg,Sea,Textiles,8990.67,251.06,2.71,9.5,Hurricane,0.553,147.23,1,Medium
SC-14207,2025-12-22,Singapore,Hamburg,Air,Textiles,8349.93,343.79,4.05,9.9,Fog,0.78,0.5,1,High
SC-14208,2024-05-25,Hamburg,Shanghai,Sea,Pharmaceuticals,1747.47,396.16,4.26,4.2,Clear,0.537,2.66,1,High
SC-14209,2024-04-23,Shanghai,Busan,Rail,Automotive,1326.89,291.93,1.28,9.5,Clear,0.772,1.72,0,Low
SC-14210,2025-06-22,Rotterdam,Shanghai,Sea,Textiles,2029.51,454.55,1.37,0.4,Clear,0.776,3.29,0,Low
SC-14211,2025-01-08,Dubai,Marseille,Road,Automotive,8991.02,471.05,4.36,7.5,Fog,0.937,10.79,0,High
SC-14212,2024-03-15,Busan,Shanghai,Rail,Textiles,8393.0,33.1,2.11,6.4,Storm,0.863,23.75,1,Medium
SC-14213,2025-01-17,Busan,Singapore,Sea,Electronics,3889.24,201.78,4.08,2.5,Hurricane,0.625,48.59,1,High
SC-14214,2025-12-22,Busan,Rotterdam,Sea,Perishables,9747.73,12.71,2.48,5.1,Clear,0.944,16.3,0,Medium
SC-14215,2025-11-09,Shanghai,Marseille,Rail,Pharmaceuticals,12390.98,165.38,1.59,1.3,Clear,0.787,8.34,1,Low
SC-14216,2025-02-09,Shanghai,Los Angeles,Rail,Automotive,1102.89,268.9,1.47,8.7,Clear,0.803,1.71,0,Low
SC-14217,2025-08-23,Los Angeles,Shanghai,Road,Pharmaceuticals,7722.88,455.49,1.72,3.6,Fog,0.584,7.94,0,Low
SC-14218,2024-04-13,Busan,Rotterdam,Rail,Electronics,10495.0,423.43,2.02,6.3,Clear,0.929,8.96,1,Medium
SC-14219,2024-12-10,Rotterdam,Dubai,Sea,Pharmaceuticals,4158.52,64.62,2.81,1.6,Fog,0.965,8.22,0,Medium
SC-14220,2024-11-05,Busan,Shanghai,Sea,Electronics,4962.68,47.42,3.51,2.1,Fog,0.887,11.21,1,Medium
SC-14221,2024-11-26,Hamburg,Rotterdam,Road,Textiles,9397.75,295.04,4.46,9.9,Hurricane,0.97,67.15,1,High
SC-14222,2024-05-19,Rotterdam,Los Angeles,Air,Perishables,13520.06,266.53,2.66,7.5,Storm,0.651,2.56,1,Medium
SC-14223,2024-06-10,Rotterdam,Shanghai,Rail,Perishables,12243.9,133.92,2.91,9.6,Hurricane,0.931,100.21,1,Medium
SC-14224,2025-03-23,Singapore,Shanghai,Road,Perishables,8955.39,449.83,2.92,3.0,Clear,0.744,5.84,0,Medium
SC-14225,2025-10-16,Shanghai,Singapore,Road,Automotive,11088.21,463.76,2.98,1.6,Fog,0.582,11.34,1,Medium
SC-14226,2025-05-13,Rotterdam,Singapore,Rail,Textiles,5789.93,201.9,2.91,5.0,Hurricane,0.834,39.56,1,Medium
SC-14227,2025-10-26,Hamburg,Dubai,Air,Perishables,9794.0,445.26,1.23,4.9,Fog,0.842,0.63,0,Low
SC-14228,2024-11-20,Shanghai,Marseille,Sea,Perishables,7259.63,192.59,1.21,1.7,Hurricane,0.643,88.32,1,Low
SC-14229,2024-06-27,Antwerp,Rotterdam,Road,Automotive,3254.07,368.67,1.52,7.3,Rain,0.514,3.42,1,Low
SC-14230,2025-12-25,Rotterdam,Busan,Sea,Textiles,10675.2,238.5,1.54,3.6,Hurricane,0.6,140.16,1,Low
SC-14231,2025-07-29,Shanghai,Dubai,Air,Automotive,8568.74,62.17,3.53,1.9,Storm,0.7,1.14,0,Medium
SC-14232,2025-12-11,Singapore,Shanghai,Sea,Electronics,5700.01,464.04,1.88,3.3,Storm,0.584,27.71,1,Low
SC-14233,2025-09-20,Hamburg,Shanghai,Rail,Automotive,13714.42,227.59,4.15,5.6,Clear,0.597,11.94,0,High
SC-14234,2024-12-31,Rotterdam,Singapore,Air,Electronics,803.54,367.51,4.26,7.3,Fog,0.696,0.5,0,High
SC-14235,2024-08-16,Busan,Rotterdam,Road,Textiles,5078.71,184.22,4.42,4.8,Rain,0.981,3.96,1,High
SC-14236,2025-11-12,Dubai,Los Angeles,Air,Perishables,1324.78,10.42,4.3,5.3,Clear,0.882,0.5,1,High
SC-14237,2025-08-26,Rotterdam,Shanghai,Sea,Automotive,11614.65,51.16,2.1,1.4,Storm,0.66,51.73,0,Medium
SC-14238,2024-06-28,Los Angeles,Rotterdam,Sea,Textiles,10680.56,248.61,2.88,9.1,Hurricane,0.976,173.1,1,Medium
SC-14239,2025-01-22,Singapore,Shanghai,Road,Pharmaceuticals,5304.61,345.29,1.78,9.3,Rain,0.823,5.62,0,Low
SC-14240,2024-11-10,Los Angeles,Shanghai,Sea,Pharmaceuticals,10297.11,168.03,3.86,6.8,Hurricane,0.728,153.73,1,Medium
SC-14241,2025-12-06,Busan,Singapore,Air,Electronics,6241.09,348.05,4.13,0.2,Hurricane,0.734,2.5,1,High
SC-14242,2024-10-28,Singapore,Antwerp,Sea,Textiles,11465.68,349.62,4.01,5.4,Fog,0.705,30.06,1,High
SC-14243,2024-05-10,Shanghai,Los Angeles,Air,Textiles,7085.66,352.26,2.63,6.3,Fog,0.616,0.5,1,Medium
SC-14244,2024-06-30,Antwerp,Los Angeles,Rail,Pharmaceuticals,6478.06,246.77,3.7,9.9,Fog,0.693,9.4,1,Medium
SC-14245,2024-01-02,Hamburg,Singapore,Sea,Textiles,14053.58,457.53,1.52,10.0,Rain,0.764,34.53,1,Low
SC-14246,2025-12-19,Busan,Shanghai,Air,Automotive,4137.75,245.11,1.33,8.6,Storm,0.764,0.74,1,Low
SC-14247,2025-08-09,Singapore,Antwerp,Air,Textiles,2246.49,225.68,3.69,0.6,Rain,0.881,0.5,1,Medium
SC-14248,2025-02-04,Singapore,Dubai,Road,Perishables,8975.88,100.49,2.6,9.5,Fog,0.679,11.14,1,Medium
SC-14249,2025-08-04,Singapore,Los Angeles,Road,Textiles,14555.17,154.52,4.49,6.1,Fog,0.858,17.5,1,High
SC-14250,2024-02-03,Antwerp,Busan,Road,Automotive,5978.67,22.12,1.52,8.0,Rain,0.789,6.09,0,Low
SC-14251,2024-07-05,Los Angeles,Marseille,Road,Electronics,1399.53,317.13,4.02,4.1,Storm,0.981,2.78,1,High
SC-14252,2025-09-08,Los Angeles,Busan,Road,Textiles,5419.93,125.02,2.78,3.2,Storm,0.693,12.36,1,Medium
SC-14253,2024-11-21,Dubai,Rotterdam,Sea,Perishables,7836.01,152.77,3.93,4.6,Hurricane,0.951,106.41,1,Medium
SC-14254,2025-09-18,Los Angeles,Busan,Road,Pharmaceuticals,2847.88,385.64,3.9,1.5,Hurricane,0.91,15.05,1,Medium
SC-14255,2024-08-14,Los Angeles,Hamburg,Air,Pharmaceuticals,10042.48,164.28,4.22,3.6,Fog,0.819,0.87,1,High
SC-14256,2025-10-16,Shanghai,Singapore,Sea,Pharmaceuticals,14967.37,121.86,2.18,8.6,Clear,0.827,30.09,1,Medium
SC-14257,2025-08-02,Singapore,Busan,Air,Pharmaceuticals,7050.22,85.36,4.33,0.4,Fog,0.542,0.62,0,High
SC-14258,2024-04-16,Antwerp,Rotterdam,Road,Perishables,5643.56,387.65,1.7,1.5,Clear,0.975,2.68,0,Low
SC-14259,2025-05-23,Singapore,Marseille,Road,Electronics,6310.21,65.72,1.47,1.3,Fog,0.553,6.03,0,Low
SC-14260,2024-05-24,Singapore,Shanghai,Road,Automotive,2169.62,227.42,2.62,4.0,Rain,0.782,2.03,1,Medium
SC-14261,2024-12-05,Dubai,Rotterdam,Air,Textiles,13307.47,253.96,3.93,10.0,Rain,0.665,0.5,1,Medium
SC-14262,2024-03-20,Los Angeles,Marseille,Sea,Perishables,6514.97,344.01,2.76,1.7,Hurricane,0.715,79.64,1,Medium
SC-14263,2024-08-31,Shanghai,Hamburg,Air,Textiles,6115.48,317.01,3.94,1.5,Hurricane,0.805,2.89,1,Medium
SC-14264,2024-12-21,Los Angeles,Rotterdam,Air,Automotive,10065.51,405.55,3.61,9.2,Rain,0.954,1.25,0,Medium
SC-14265,2024-11-23,Shanghai,Los Angeles,Road,Pharmaceuticals,6909.48,23.33,1.89,8.8,Storm,0.729,17.2,1,Low
SC-14266,2024-06-20,Rotterdam,Shanghai,Road,Perishables,9899.39,148.92,4.33,0.3,Clear,0.994,6.33,0,High
SC-14267,2025-10-13,Rotterdam,Shanghai,Sea,Perishables,1390.97,140.79,1.4,7.5,Rain,0.796,3.73,0,Low
SC-14268,2024-03-31,Singapore,Los Angeles,Road,Perishables,12298.99,73.86,4.16,6.6,Rain,0.58,11.79,0,High
SC-14269,2025-12-26,Antwerp,Rotterdam,Rail,Automotive,14137.31,145.3,2.2,7.7,Storm,0.595,40.75,1,Medium
SC-14270,2025-11-17,Shanghai,Dubai,Road,Textiles,9907.1,155.57,2.85,4.9,Clear,0.858,6.91,0,Medium
SC-14271,2025-10-16,Dubai,Los Angeles,Road,Pharmaceuticals,14341.21,261.42,2.59,9.9,Rain,0.525,15.21,0,Medium
SC-14272,2024-12-09,Dubai,Rotterdam,Rail,Electronics,2695.77,332.19,1.77,0.4,Hurricane,0.74,15.05,1,Low
SC-14273,2025-04-02,Los Angeles,Antwerp,Air,Perishables,7422.53,191.17,2.38,2.3,Clear,0.574,0.72,1,Medium
SC-14274,2024-01-12,Los Angeles,Hamburg,Air,Pharmaceuticals,9226.2,360.02,1.84,4.0,Clear,0.717,0.5,0,Low
SC-14275,2024-09-28,Antwerp,Marseille,Rail,Electronics,8935.18,168.75,1.87,4.5,Storm,0.875,23.08,1,Low
SC-14276,2024-08-02,Antwerp,Hamburg,Air,Perishables,6321.2,145.85,1.82,9.2,Rain,0.729,0.5,1,Low
SC-14277,2024-09-12,Shanghai,Los Angeles,Sea,Perishables,5402.22,271.05,2.81,5.6,Clear,0.582,9.47,0,Medium
SC-14278,2025-12-10,Los Angeles,Antwerp,Sea,Pharmaceuticals,2338.95,12.83,3.83,0.5,Hurricane,0.626,26.88,1,Medium
SC-14279,2024-03-10,Los Angeles,Hamburg,Road,Textiles,6180.27,40.81,3.08,4.1,Fog,0.684,6.29,0,Medium
SC-14280,2024-12-24,Shanghai,Dubai,Rail,Pharmaceuticals,2858.58,209.57,4.15,4.2,Storm,0.535,7.52,1,High
SC-14281,2024-09-19,Dubai,Los Angeles,Rail,Electronics,11148.3,471.51,3.3,9.7,Rain,0.792,14.05,1,Medium
SC-14282,2024-04-20,Dubai,Singapore,Air,Automotive,3528.05,361.03,3.47,6.0,Fog,0.804,0.5,1,Medium
SC-14283,2024-01-02,Rotterdam,Hamburg,Sea,Electronics,1349.2,44.98,3.4,6.4,Storm,0.531,7.99,1,Medium
SC-14284,2024-02-19,Singapore,Hamburg,Rail,Textiles,8509.31,423.31,2.68,7.1,Hurricane,0.701,64.17,1,Medium
SC-14285,2025-01-30,Antwerp,Rotterdam,Air,Electronics,9130.83,366.42,3.47,7.7,Rain,0.707,1.34,1,Medium
SC-14286,2025-03-24,Dubai,Shanghai,Air,Perishables,13142.74,305.86,1.43,6.4,Fog,0.667,2.25,1,Low
SC-14287,2025-03-05,Singapore,Marseille,Sea,Textiles,8866.23,410.33,4.04,2.4,Fog,0.779,20.54,0,High
SC-14288,2024-06-19,Antwerp,Shanghai,Air,Textiles,5509.47,202.65,3.77,8.7,Rain,0.673,0.82,1,Medium
SC-14289,2025-02-27,Los Angeles,Busan,Sea,Pharmaceuticals,12143.67,111.53,2.01,7.3,Storm,0.708,68.8,1,Medium
SC-14290,2025-05-19,Busan,Dubai,Air,Automotive,8334.04,256.5,3.73,7.4,Fog,0.899,0.5,0,Medium
SC-14291,2025-01-22,Los Angeles,Singapore,Sea,Pharmaceuticals,1649.56,274.87,1.24,10.0,Hurricane,0.581,27.36,1,Low
SC-14292,2024-12-25,Shanghai,Antwerp,Sea,Perishables,8704.83,269.62,1.92,8.0,Fog,0.81,24.73,1,Low
SC-14293,2025-07-13,Hamburg,Shanghai,Rail,Automotive,13666.27,282.97,1.41,8.3,Fog,0.753,19.67,1,Low
SC-14294,2025-01-19,Dubai,Busan,Sea,Automotive,6246.53,474.4,3.77,9.5,Clear,0.653,13.1,0,Medium
SC-14295,2024-04-13,Singapore,Marseille,Rail,Textiles,4796.72,451.22,3.69,1.5,Storm,0.864,10.49,1,Medium
SC-14296,2025-05-05,Shanghai,Marseille,Road,Automotive,2580.31,437.98,3.88,5.0,Hurricane,0.776,15.7,1,Medium
SC-14297,2025-08-14,Los Angeles,Dubai,Road,Perishables,2695.96,400.91,1.21,5.8,Clear,0.739,2.22,1,Low
SC-14298,2025-10-28,Antwerp,Dubai,Rail,Textiles,6775.19,471.77,2.85,3.3,Rain,0.834,7.5,0,Medium
SC-14299,2025-12-04,Hamburg,Shanghai,Rail,Textiles,9137.36,50.15,3.53,8.4,Clear,0.901,9.27,1,Medium
SC-14300,2024-08-18,Busan,Hamburg,Road,Textiles,1668.92,133.3,1.71,7.6,Clear,0.986,1.93,1,Low
SC-14301,2024-06-15,Shanghai,Dubai,Rail,Electronics,14123.74,248.03,3.34,7.2,Fog,0.815,20.22,0,Medium
SC-14302,2025-04-07,Rotterdam,Busan,Road,Perishables,11449.44,423.42,1.48,10.0,Rain,0.937,12.41,0,Low
SC-14303,2024-03-16,Hamburg,Dubai,Sea,Pharmaceuticals,9006.05,253.08,1.8,2.6,Storm,0.501,42.97,1,Low
SC-14304,2024-02-04,Shanghai,Busan,Sea,Pharmaceuticals,12512.36,374.27,2.77,7.4,Fog,0.765,35.99,0,Medium
SC-14305,2024-10-28,Dubai,Marseille,Sea,Pharmaceuticals,1662.71,70.34,3.36,5.5,Storm,0.607,8.94,1,Medium
SC-14306,2024-01-21,Antwerp,Busan,Air,Perishables,7414.16,126.95,1.68,3.1,Hurricane,0.547,3.68,1,Low
SC-14307,2024-11-22,Rotterdam,Hamburg,Road,Pharmaceuticals,9636.35,366.16,1.81,1.6,Rain,0.766,7.7,0,Low
SC-14308,2024-09-24,Dubai,Busan,Road,Pharmaceuticals,12515.47,83.2,1.87,9.0,Fog,0.873,15.84,1,Low
SC-14309,2024-04-17,Rotterdam,Dubai,Road,Perishables,11860.31,176.33,1.99,6.0,Clear,0.706,8.8,0,Low
SC-14310,2024-03-16,Dubai,Los Angeles,Rail,Electronics,4517.5,133.17,1.95,8.2,Hurricane,0.835,36.16,1,Low
SC-14311,2024-12-16,Busan,Los Angeles,Rail,Perishables,14142.76,175.58,2.5,5.5,Rain,0.745,15.93,0,Medium
SC-14312,2024-06-23,Shanghai,Rotterdam,Road,Textiles,2303.01,354.45,3.36,2.2,Storm,0.719,4.1,0,Medium
SC-14313,2025-01-19,Dubai,Singapore,Road,Textiles,13189.44,184.56,2.65,3.4,Rain,0.645,10.68,1,Medium
SC-14314,2024-06-13,Singapore,Dubai,Road,Textiles,14578.63,278.08,3.76,3.8,Fog,0.691,16.07,1,Medium
SC-14315,2024-03-17,Busan,Antwerp,Rail,Electronics,3068.73,50.87,3.57,9.7,Rain,0.675,4.07,1,Medium
SC-14316,2025-07-14,Antwerp,Busan,Road,Pharmaceuticals,10969.96,402.7,1.62,0.1,Fog,0.823,10.16,0,Low
SC-14317,2024-04-05,Los Angeles,Busan,Road,Pharmaceuticals,1084.14,185.57,1.36,9.9,Hurricane,0.558,8.16,1,Low
SC-14318,2024-12-12,Singapore,Dubai,Rail,Pharmaceuticals,6378.63,324.62,4.1,9.8,Storm,0.546,19.68,1,High
SC-14319,2025-08-31,Los Angeles,Antwerp,Sea,Perishables,7986.11,362.97,1.46,10.0,Clear,0.83,16.78,0,Low
SC-14320,2025-09-20,Singapore,Busan,Road,Textiles,8919.36,105.62,1.69,4.8,Rain,0.773,8.02,0,Low
SC-14321,2025-05-09,Shanghai,Busan,Air,Electronics,14071.09,442.45,1.27,9.6,Hurricane,0.715,8.26,1,Low
SC-14322,2025-12-22,Hamburg,Busan,Road,Electronics,10247.63,308.5,3.27,4.0,Hurricane,0.576,58.61,1,Medium
SC-14323,2024-02-01,Los Angeles,Rotterdam,Rail,Perishables,7478.53,214.93,3.12,0.3,Fog,0.706,8.51,0,Medium
SC-14324,2025-03-17,Antwerp,Rotterdam,Road,Automotive,12240.29,91.99,4.46,2.2,Fog,0.895,11.99,0,High
SC-14325,2025-10-31,Los Angeles,Antwerp,Sea,Automotive,14282.73,471.21,4.13,9.5,Hurricane,0.945,233.78,1,High
SC-14326,2024-06-17,Shanghai,Antwerp,Rail,Textiles,819.96,377.78,2.56,0.1,Clear,0.851,0.68,0,Medium
SC-14327,2025-09-13,Singapore,Marseille,Rail,Perishables,14746.56,104.8,2.43,5.5,Clear,0.53,12.89,1,Medium
SC-14328,2025-03-20,Rotterdam,Marseille,Sea,Electronics,1748.92,169.52,2.18,0.8,Rain,0.835,3.36,0,Medium
SC-14329,2024-06-09,Dubai,Marseille,Sea,Textiles,12308.61,405.03,1.7,2.9,Rain,0.62,23.11,1,Low
SC-14330,2024-02-24,Busan,Antwerp,Road,Automotive,4564.85,348.14,1.66,0.9,Rain,0.658,4.07,0,Low
SC-14331,2024-04-13,Hamburg,Rotterdam,Air,Perishables,2416.61,383.13,1.64,8.6,Rain,0.598,0.53,1,Low
SC-14332,2024-12-05,Los Angeles,Antwerp,Rail,Perishables,6877.91,221.16,1.58,5.9,Clear,0.888,5.72,1,Low
SC-14333,2024-07-29,Rotterdam,Dubai,Rail,Textiles,9837.37,358.52,1.99,9.0,Storm,0.824,30.59,1,Low
SC-14334,2024-07-13,Antwerp,Singapore,Air,Automotive,6023.8,193.86,2.21,6.9,Rain,0.806,0.59,0,Medium
SC-14335,2025-02-23,Los Angeles,Antwerp,Road,Automotive,1291.2,106.42,4.37,9.7,Storm,0.834,3.06,1,High
SC-14336,2025-12-14,Singapore,Rotterdam,Air,Electronics,9192.19,316.71,3.11,5.1,Rain,0.618,1.27,0,Medium
SC-14337,2025-07-21,Los Angeles,Rotterdam,Sea,Perishables,13584.85,488.03,4.46,6.4,Fog,0.722,37.59,0,High
SC-14338,2025-07-07,Busan,Rotterdam,Road,Perishables,6056.62,155.99,2.43,5.8,Clear,0.817,3.76,0,Medium
SC-14339,2024-09-28,Dubai,Los Angeles,Rail,Perishables,3636.83,231.02,2.71,4.8,Clear,0.818,2.87,1,Medium
SC-14340,2025-11-07,Rotterdam,Shanghai,Road,Automotive,6917.37,337.33,2.27,8.5,Hurricane,0.896,47.01,1,Medium
SC-14341,2024-10-15,Hamburg,Singapore,Air,Automotive,1201.26,271.21,1.8,6.4,Fog,0.644,0.5,0,Low
SC-14342,2024-10-31,Dubai,Antwerp,Road,Pharmaceuticals,12397.07,421.87,1.67,8.0,Hurricane,0.885,82.73,1,Low
SC-14343,2024-08-31,Singapore,Busan,Road,Textiles,12481.94,381.11,4.32,7.9,Hurricane,0.72,82.89,1,High
SC-14344,2024-04-08,Antwerp,Rotterdam,Sea,Textiles,9026.01,30.09,4.46,1.9,Rain,0.835,15.89,1,High
SC-14345,2024-02-20,Hamburg,Marseille,Sea,Electronics,5619.99,499.21,1.35,6.5,Storm,0.728,31.16,1,Low
SC-14346,2025-02-06,Singapore,Dubai,Rail,Textiles,12096.86,376.45,1.7,2.0,Hurricane,0.974,73.92,1,Low
SC-14347,2025-08-08,Los Angeles,Marseille,Air,Textiles,8542.96,432.09,2.6,5.8,Storm,0.59,1.13,1,Medium
SC-14348,2025-07-16,Dubai,Singapore,Road,Textiles,12476.02,325.95,1.81,6.8,Fog,0.838,15.37,1,Low
SC-14349,2025-05-17,Dubai,Busan,Air,Electronics,9656.15,428.29,2.4,10.0,Storm,0.788,2.68,1,Medium
SC-14350,2024-06-06,Los Angeles,Antwerp,Rail,Perishables,11873.88,57.08,1.63,0.3,Fog,0.586,12.41,0,Low
SC-14351,2024-02-25,Los Angeles,Rotterdam,Air,Pharmaceuticals,9179.16,174.52,2.71,0.9,Storm,0.533,1.4,1,Medium
SC-14352,2025-01-04,Singapore,Hamburg,Sea,Perishables,6505.05,438.33,2.1,0.8,Storm,0.9,28.51,1,Medium
SC-14353,2024-01-04,Los Angeles,Hamburg,Rail,Textiles,14390.21,101.63,2.36,4.0,Fog,0.579,17.88,0,Medium
SC-14354,2025-03-13,Los Angeles,Marseille,Road,Electronics,8346.15,40.04,1.51,8.2,Storm,0.593,20.06,1,Low
SC-14355,2024-03-30,Antwerp,Los Angeles,Sea,Automotive,9273.8,394.27,2.61,8.4,Rain,0.989,22.22,1,Medium
SC-14356,2024-10-28,Dubai,Busan,Air,Textiles,3697.07,417.91,4.44,7.4,Rain,0.859,0.5,0,High
SC-14357,2025-11-08,Rotterdam,Busan,Rail,Electronics,9571.94,82.16,2.29,9.0,Storm,0.625,28.69,1,Medium
SC-14358,2025-10-02,Busan,Antwerp,Rail,Automotive,8788.31,427.32,4.09,3.2,Storm,0.795,21.99,1,High
SC-14359,2025-09-06,Singapore,Antwerp,Sea,Perishables,3180.16,343.7,3.98,0.9,Storm,0.767,13.77,1,Medium
SC-14360,2025-05-06,Shanghai,Rotterdam,Air,Textiles,1364.01,260.52,4.34,0.6,Storm,0.922,0.5,0,High
SC-14361,2024-07-23,Busan,Marseille,Air,Electronics,9263.21,415.29,3.81,8.5,Clear,0.865,0.94,0,Medium
SC-14362,2024-04-09,Shanghai,Singapore,Road,Textiles,11573.54,210.21,3.38,7.3,Clear,0.916,9.66,1,Medium
SC-14363,2024-01-27,Los Angeles,Dubai,Road,Textiles,8089.32,97.8,4.03,7.0,Hurricane,0.606,51.52,1,High
SC-14364,2024-07-30,Singapore,Shanghai,Air,Automotive,3788.2,143.14,1.45,3.4,Clear,0.82,0.5,0,Low
SC-14365,2024-06-23,Rotterdam,Shanghai,Road,Automotive,10164.57,253.08,2.73,3.8,Hurricane,0.52,57.62,1,Medium
SC-14366,2025-10-15,Los Angeles,Dubai,Rail,Textiles,1661.53,266.13,4.46,9.6,Storm,0.534,5.26,1,High
SC-14367,2024-10-25,Rotterdam,Busan,Air,Textiles,6906.59,402.98,3.74,0.6,Clear,0.857,0.52,0,Medium
SC-14368,2024-03-24,Shanghai,Hamburg,Sea,Perishables,2868.82,395.89,4.37,7.7,Rain,0.512,7.92,0,High
SC-14369,2025-04-29,Rotterdam,Marseille,Rail,Pharmaceuticals,3174.66,291.1,3.77,3.1,Fog,0.79,3.23,0,Medium
SC-14370,2024-04-28,Los Angeles,Marseille,Rail,Perishables,3433.26,390.61,4.09,0.4,Fog,0.92,4.14,0,High
SC-14371,2024-11-11,Los Angeles,Busan,Rail,Textiles,6107.25,96.69,3.53,7.4,Rain,0.69,7.57,1,Medium
SC-14372,2025-02-11,Shanghai,Los Angeles,Road,Pharmaceuticals,1241.68,25.98,3.71,3.3,Hurricane,0.522,7.14,1,Medium
SC-14373,2025-04-27,Antwerp,Marseille,Rail,Textiles,6268.0,436.94,2.93,7.2,Clear,0.857,5.6,1,Medium
SC-14374,2025-05-15,Busan,Marseille,Rail,Automotive,7919.76,38.7,4.25,7.1,Storm,0.965,23.17,1,High
SC-14375,2025-11-07,Hamburg,Singapore,Road,Textiles,7507.77,124.1,3.92,5.3,Rain,0.859,5.7,0,Medium
SC-14376,2024-09-28,Rotterdam,Hamburg,Road,Textiles,6050.37,347.96,3.98,7.8,Clear,0.789,4.66,0,Medium
SC-14377,2024-04-03,Los Angeles,Rotterdam,Air,Perishables,12667.63,205.31,3.42,5.8,Rain,0.615,1.61,1,Medium
SC-14378,2025-10-19,Los Angeles,Dubai,Rail,Perishables,2607.24,438.28,2.21,2.9,Hurricane,0.508,16.38,1,Medium
SC-14379,2025-07-11,Antwerp,Hamburg,Rail,Pharmaceuticals,7832.6,149.69,1.32,7.3,Hurricane,0.847,60.29,1,Low
SC-14380,2025-01-31,Rotterdam,Antwerp,Rail,Textiles,1399.6,6.92,4.29,5.9,Clear,0.616,0.5,0,High
SC-14381,2024-07-08,Los Angeles,Shanghai,Rail,Electronics,1531.76,151.03,3.13,0.1,Hurricane,0.929,8.01,1,Medium
SC-14382,2025-01-14,Hamburg,Rotterdam,Air,Pharmaceuticals,8821.05,289.46,2.18,9.0,Rain,0.733,0.53,1,Medium
SC-14383,2025-01-25,Hamburg,Marseille,Rail,Electronics,8707.27,188.59,1.69,5.5,Fog,0.765,11.75,1,Low
SC-14384,2025-01-13,Busan,Dubai,Rail,Perishables,13231.49,267.9,3.94,8.7,Fog,0.877,19.66,1,Medium
SC-14385,2024-07-10,Los Angeles,Dubai,Sea,Perishables,8589.17,438.42,3.96,8.8,Hurricane,0.89,137.31,1,Medium
SC-14386,2025-04-01,Hamburg,Rotterdam,Rail,Electronics,14416.97,456.33,3.89,4.4,Storm,0.821,37.43,1,Medium
SC-14387,2024-02-15,Busan,Dubai,Sea,Pharmaceuticals,1206.08,133.72,3.33,5.1,Clear,0.969,2.86,0,Medium
SC-14388,2024-09-26,Shanghai,Busan,Road,Pharmaceuticals,1921.11,231.61,2.41,4.2,Hurricane,0.991,10.84,1,Medium
SC-14389,2025-03-26,Dubai,Shanghai,Air,Textiles,1138.95,275.02,2.2,4.5,Storm,0.973,0.5,0,Medium
SC-14390,2025-04-21,Antwerp,Singapore,Air,Perishables,3186.51,474.61,1.23,9.0,Fog,0.912,0.5,1,Low
SC-14391,2024-09-26,Antwerp,Busan,Rail,Electronics,8348.42,499.31,3.95,7.9,Clear,0.853,8.2,0,Medium
SC-14392,2024-08-19,Rotterdam,Dubai,Rail,Pharmaceuticals,9860.8,118.47,1.49,1.3,Storm,0.832,22.17,0,Low
SC-14393,2024-10-02,Busan,Antwerp,Road,Electronics,1160.98,363.76,3.28,6.1,Fog,0.552,1.38,1,Medium
SC-14394,2025-07-31,Busan,Los Angeles,Rail,Textiles,14216.58,189.64,2.86,10.0,Rain,0.636,17.71,0,Medium
SC-14395,2024-03-04,Antwerp,Los Angeles,Air,Electronics,12711.4,5.05,2.94,6.0,Rain,0.503,0.63,1,Medium
SC-14396,2024-06-03,Antwerp,Dubai,Rail,Automotive,4800.88,5.62,4.26,7.9,Clear,0.569,4.97,0,High
SC-14397,2025-12-14,Rotterdam,Los Angeles,Road,Electronics,1619.22,230.82,1.3,7.7,Clear,0.72,2.17,0,Low
SC-14398,2025-11-14,Busan,Dubai,Rail,Textiles,2963.36,244.68,3.75,3.5,Storm,0.573,6.15,1,Medium
SC-14399,2024-04-09,Singapore,Busan,Sea,Textiles,2340.69,12.26,1.37,3.7,Hurricane,0.951,30.8,1,Low
SC-14400,2024-03-28,Antwerp,Hamburg,Air,Electronics,2287.61,343.78,1.33,7.2,Rain,0.903,0.5,0,Low
SC-14401,2025-11-15,Antwerp,Dubai,Air,Pharmaceuticals,8019.14,147.71,2.62,5.0,Rain,0.536,0.5,1,Medium
SC-14402,2024-12-18,Shanghai,Dubai,Air,Textiles,4064.79,280.39,1.41,5.7,Rain,0.624,0.5,1,Low
SC-14403,2025-07-08,Hamburg,Los Angeles,Sea,Textiles,5693.03,151.16,3.8,7.1,Storm,0.91,32.37,1,Medium
SC-14404,2025-02-27,Rotterdam,Marseille,Rail,Textiles,14847.83,84.4,2.95,7.8,Storm,0.902,43.16,1,Medium
SC-14405,2025-08-26,Rotterdam,Dubai,Road,Perishables,10422.56,204.18,1.3,2.7,Clear,0.973,7.78,0,Low
SC-14406,2024-08-20,Hamburg,Los Angeles,Air,Electronics,14260.22,116.9,1.33,1.5,Clear,0.999,0.8,0,Low
SC-14407,2025-07-20,Antwerp,Los Angeles,Road,Textiles,2567.07,267.87,3.22,2.9,Clear,0.988,0.87,0,Medium
SC-14408,2024-03-03,Busan,Los Angeles,Air,Pharmaceuticals,6041.02,100.22,3.86,5.1,Rain,0.705,0.5,0,Medium
SC-14409,2025-01-31,Hamburg,Busan,Rail,Electronics,8543.61,254.69,2.64,3.4,Fog,0.625,9.73,0,Medium
SC-14410,2025-06-19,Busan,Marseille,Sea,Perishables,1612.99,79.53,3.03,5.7,Rain,0.879,2.85,1,Medium
SC-14411,2025-03-04,Hamburg,Singapore,Air,Electronics,560.72,335.82,3.84,0.5,Hurricane,0.65,0.53,1,Medium
SC-14412,2025-07-02,Antwerp,Dubai,Air,Perishables,10221.3,377.21,3.21,5.1,Rain,0.903,0.9,0,Medium
SC-14413,2025-12-04,Busan,Shanghai,Sea,Perishables,9806.38,56.09,1.94,3.7,Fog,0.767,24.48,1,Low
SC-14414,2025-05-01,Shanghai,Antwerp,Sea,Textiles,6456.44,234.43,3.22,5.3,Clear,0.897,11.19,1,Medium
SC-14415,2025-08-09,Dubai,Rotterdam,Road,Electronics,7599.84,36.36,3.27,4.2,Rain,0.638,6.97,0,Medium
SC-14416,2024-08-29,Rotterdam,Dubai,Air,Electronics,6523.92,299.49,3.62,2.8,Clear,0.754,0.5,0,Medium
SC-14417,2025-05-02,Busan,Shanghai,Sea,Electronics,848.07,132.94,3.25,9.0,Hurricane,0.782,14.24,1,Medium
SC-14418,2024-11-02,Los Angeles,Busan,Air,Perishables,5362.89,264.28,4.4,1.8,Fog,0.972,0.63,0,High
SC-14419,2024-03-21,Rotterdam,Busan,Sea,Textiles,3067.69,259.21,1.85,6.8,Fog,0.633,8.46,0,Low
SC-14420,2025-02-08,Los Angeles,Hamburg,Road,Pharmaceuticals,1927.15,462.25,4.34,9.2,Storm,0.968,5.14,1,High
SC-14421,2024-02-05,Singapore,Shanghai,Sea,Pharmaceuticals,14372.45,274.99,2.98,5.4,Fog,0.902,38.0,0,Medium
SC-14422,2025-05-29,Singapore,Busan,Road,Perishables,9190.72,291.92,3.42,8.8,Fog,0.865,12.6,1,Medium
SC-14423,2025-08-07,Dubai,Antwerp,Rail,Pharmaceuticals,11065.52,201.42,1.53,1.2,Clear,0.893,8.29,0,Low
SC-14424,2025-06-13,Busan,Los Angeles,Rail,Textiles,5072.77,474.59,2.46,4.9,Hurricane,0.803,35.14,1,Medium
SC-14425,2025-08-08,Antwerp,Hamburg,Rail,Textiles,6200.63,388.82,3.74,4.6,Clear,0.622,5.17,0,Medium
SC-14426,2025-11-24,Antwerp,Rotterdam,Air,Pharmaceuticals,3935.4,143.42,3.53,0.1,Fog,0.595,0.73,0,Medium
SC-14427,2025-09-27,Antwerp,Dubai,Rail,Perishables,1906.0,422.26,1.33,4.4,Fog,0.933,2.78,1,Low
SC-14428,2024-05-30,Dubai,Singapore,Road,Textiles,3095.96,216.77,3.0,3.7,Fog,0.863,3.14,1,Medium
SC-14429,2024-05-03,Antwerp,Busan,Rail,Textiles,12063.95,414.5,1.49,6.7,Clear,0.607,10.61,1,Low
SC-14430,2025-04-04,Busan,Los Angeles,Rail,Pharmaceuticals,10324.41,411.62,4.49,9.4,Hurricane,0.808,83.82,1,High
SC-14431,2024-06-26,Hamburg,Los Angeles,Road,Pharmaceuticals,8430.47,95.25,4.16,0.9,Rain,0.724,6.19,0,High
SC-14432,2024-06-20,Shanghai,Singapore,Air,Automotive,7388.8,350.87,1.27,3.3,Fog,0.579,1.35,0,Low
SC-14433,2024-08-04,Antwerp,Dubai,Air,Textiles,13875.3,146.03,4.03,4.4,Fog,0.766,1.2,0,High
SC-14434,2024-07-16,Singapore,Dubai,Sea,Perishables,1554.66,149.45,4.23,4.6,Rain,0.641,2.88,0,High
SC-14435,2024-05-09,Shanghai,Busan,Air,Automotive,4568.71,148.88,2.37,7.7,Hurricane,0.548,1.76,1,Medium
SC-14436,2024-02-13,Antwerp,Rotterdam,Sea,Textiles,5574.1,363.06,3.57,4.4,Storm,0.733,29.13,1,Medium
SC-14437,2025-03-09,Rotterdam,Hamburg,Sea,Perishables,11845.17,115.68,2.66,0.3,Clear,0.795,16.96,0,Medium
SC-14438,2024-03-21,Los Angeles,Dubai,Rail,Electronics,14891.46,1.45,3.36,7.1,Fog,0.523,21.42,1,Medium
SC-14439,2025-11-30,Antwerp,Busan,Rail,Pharmaceuticals,3989.72,357.9,2.32,8.8,Fog,0.701,6.48,0,Medium
SC-14440,2025-03-21,Hamburg,Dubai,Road,Automotive,13177.46,86.42,2.26,5.1,Fog,0.629,14.71,0,Medium
SC-14441,2024-07-25,Dubai,Los Angeles,Rail,Electronics,12544.03,53.14,2.6,5.8,Clear,0.515,11.28,0,Medium
SC-14442,2025-10-04,Busan,Los Angeles,Road,Perishables,3757.53,119.52,1.68,1.6,Fog,0.563,4.37,1,Low
SC-14443,2024-05-31,Dubai,Shanghai,Sea,Perishables,6290.32,190.57,3.94,2.2,Rain,0.57,11.73,1,Medium
SC-14444,2025-09-01,Singapore,Hamburg,Air,Automotive,6440.26,238.48,2.35,2.4,Clear,0.591,0.67,0,Medium
SC-14445,2024-09-21,Antwerp,Singapore,Air,Perishables,14684.2,23.24,2.52,4.3,Fog,0.902,1.83,0,Medium
SC-14446,2024-11-23,Antwerp,Los Angeles,Sea,Textiles,3122.93,485.32,4.15,9.3,Rain,0.72,7.94,1,High
SC-14447,2024-03-09,Los Angeles,Hamburg,Sea,Textiles,12087.79,358.32,2.84,5.2,Clear,0.574,21.1,0,Medium
SC-14448,2024-03-30,Los Angeles,Marseille,Air,Perishables,5345.79,162.27,3.0,1.9,Storm,0.55,0.9,1,Medium
SC-14449,2025-02-01,Busan,Antwerp,Rail,Textiles,11097.62,160.03,4.36,2.7,Hurricane,0.649,70.24,1,High
SC-14450,2025-07-23,Singapore,Antwerp,Sea,Pharmaceuticals,6590.16,224.82,4.13,3.8,Hurricane,0.899,87.67,1,High
SC-14451,2025-02-10,Dubai,Singapore,Air,Pharmaceuticals,8886.22,313.5,1.76,6.2,Hurricane,0.682,5.44,1,Low
SC-14452,2025-07-19,Singapore,Hamburg,Sea,Automotive,12572.87,74.04,2.76,4.4,Fog,0.58,32.23,0,Medium
SC-14453,2024-11-29,Rotterdam,Hamburg,Air,Automotive,12160.4,95.28,4.41,3.9,Hurricane,0.702,6.36,1,High
SC-14454,2024-10-09,Hamburg,Los Angeles,Road,Perishables,13063.14,429.86,2.43,5.6,Clear,0.778,9.75,0,Medium
SC-14455,2025-06-16,Busan,Rotterdam,Rail,Electronics,1364.45,128.87,2.43,2.4,Storm,0.515,2.9,1,Medium
SC-14456,2025-04-14,Rotterdam,Hamburg,Road,Perishables,10534.73,190.72,1.84,0.8,Clear,0.814,6.91,0,Low
SC-14457,2024-01-13,Hamburg,Singapore,Rail,Perishables,2529.82,435.76,1.58,0.2,Hurricane,0.698,13.94,1,Low
SC-14458,2025-12-18,Los Angeles,Singapore,Road,Pharmaceuticals,6529.37,331.91,3.64,2.5,Fog,0.505,6.55,0,Medium
SC-14459,2025-09-30,Rotterdam,Antwerp,Air,Electronics,8454.53,171.51,3.74,0.9,Hurricane,0.837,4.37,1,Medium
SC-14460,2025-08-24,Singapore,Shanghai,Rail,Pharmaceuticals,6339.72,342.17,4.4,3.4,Rain,0.856,6.78,0,High
SC-14461,2025-06-19,Shanghai,Dubai,Rail,Pharmaceuticals,8034.37,10.82,3.75,7.7,Clear,0.814,7.89,0,Medium
SC-14462,2025-03-05,Shanghai,Busan,Road,Electronics,14949.63,368.09,2.0,7.2,Rain,0.671,14.35,1,Low
SC-14463,2024-04-25,Antwerp,Rotterdam,Sea,Automotive,2460.65,244.02,1.33,6.1,Rain,0.765,5.29,1,Low
SC-14464,2025-02-28,Antwerp,Busan,Road,Automotive,10294.11,406.78,4.45,8.5,Fog,0.694,13.54,1,High
SC-14465,2024-06-02,Shanghai,Antwerp,Sea,Automotive,6242.01,477.36,2.32,2.8,Storm,0.85,29.66,0,Medium
SC-14466,2024-05-31,Los Angeles,Rotterdam,Air,Electronics,2428.64,462.97,2.23,8.9,Storm,0.792,0.5,1,Medium
SC-14467,2025-08-03,Antwerp,Busan,Sea,Automotive,2801.68,454.72,4.19,4.0,Fog,0.541,7.61,0,High
SC-14468,2025-08-25,Rotterdam,Dubai,Rail,Perishables,14264.46,256.57,3.13,4.0,Storm,0.822,35.77,0,Medium
SC-14469,2025-08-19,Antwerp,Shanghai,Rail,Electronics,13254.22,180.71,1.91,4.1,Hurricane,0.844,88.27,1,Low
SC-14470,2024-04-12,Hamburg,Marseille,Rail,Automotive,13652.11,233.05,4.13,1.0,Fog,0.685,15.16,0,High
SC-14471,2024-04-18,Hamburg,Busan,Air,Pharmaceuticals,14877.23,345.26,4.48,9.8,Fog,0.938,2.21,1,High
SC-14472,2025-07-30,Antwerp,Hamburg,Rail,Electronics,3520.57,442.11,1.49,1.4,Storm,0.922,7.34,1,Low
SC-14473,2024-04-13,Hamburg,Los Angeles,Rail,Textiles,5653.87,104.29,4.05,3.4,Clear,0.588,4.5,0,High
SC-14474,2024-10-19,Antwerp,Busan,Road,Perishables,10203.68,459.18,2.49,3.2,Hurricane,0.952,56.22,1,Medium
SC-14475,2025-07-02,Shanghai,Hamburg,Road,Textiles,7515.14,407.77,2.93,0.7,Hurricane,0.72,37.35,1,Medium
SC-14476,2024-12-18,Shanghai,Rotterdam,Air,Textiles,6566.65,489.45,4.22,1.5,Clear,0.862,0.68,0,High
SC-14477,2025-02-24,Dubai,Rotterdam,Sea,Pharmaceuticals,5688.26,440.25,4.41,0.4,Fog,0.907,11.84,0,High
SC-14478,2024-09-27,Rotterdam,Dubai,Sea,Textiles,9109.82,140.69,2.07,2.9,Clear,0.753,13.76,0,Medium
SC-14479,2025-01-27,Hamburg,Singapore,Air,Automotive,8846.1,53.87,1.9,8.7,Storm,0.7,2.5,1,Low
SC-14480,2025-11-01,Los Angeles,Shanghai,Rail,Automotive,2841.14,57.01,1.47,3.4,Rain,0.958,2.21,0,Low
SC-14481,2025-05-12,Antwerp,Singapore,Sea,Automotive,7340.23,146.32,3.05,1.2,Hurricane,0.615,86.74,1,Medium
SC-14482,2025-08-08,Hamburg,Dubai,Air,Electronics,8525.34,307.48,1.24,6.5,Clear,0.628,0.52,1,Low
SC-14483,2025-09-15,Singapore,Busan,Rail,Automotive,8769.16,402.36,2.56,10.0,Fog,0.681,13.77,1,Medium
SC-14484,2025-04-29,Rotterdam,Dubai,Air,Automotive,3546.55,449.73,1.44,2.3,Storm,0.93,1.44,0,Low
SC-14485,2024-02-08,Busan,Rotterdam,Air,Textiles,11262.94,312.25,2.54,2.8,Hurricane,0.969,6.87,1,Medium
SC-14486,2024-06-25,Singapore,Dubai,Road,Textiles,865.39,3.81,1.33,9.7,Clear,0.61,0.5,1,Low
SC-14487,2024-10-09,Shanghai,Antwerp,Air,Pharmaceuticals,5645.06,93.97,3.96,1.8,Hurricane,0.932,3.05,1,Medium
SC-14488,2025-02-16,Shanghai,Singapore,Air,Electronics,11813.08,50.76,1.89,5.1,Fog,0.629,1.08,1,Low
SC-14489,2024-05-27,Antwerp,Marseille,Sea,Electronics,8676.45,182.3,2.28,2.4,Clear,0.985,14.02,0,Medium
SC-14490,2025-09-25,Antwerp,Dubai,Air,Automotive,4286.86,251.17,4.07,9.3,Rain,0.799,0.87,1,High
SC-14491,2025-09-15,Hamburg,Antwerp,Air,Electronics,10576.82,22.66,3.66,9.8,Storm,0.504,3.17,1,Medium
SC-14492,2025-11-28,Antwerp,Rotterdam,Rail,Automotive,8727.17,174.89,1.92,8.1,Rain,0.517,10.38,0,Low
SC-14493,2025-12-11,Rotterdam,Dubai,Road,Perishables,12045.53,90.41,1.44,3.1,Storm,0.574,24.45,1,Low
SC-14494,2025-02-15,Rotterdam,Singapore,Rail,Electronics,11157.87,323.89,3.56,4.0,Clear,0.594,9.78,0,Medium
SC-14495,2024-02-09,Dubai,Hamburg,Air,Electronics,9346.56,232.67,2.49,2.4,Hurricane,0.884,4.43,1,Medium
SC-14496,2025-02-09,Rotterdam,Dubai,Rail,Pharmaceuticals,7578.58,248.16,3.73,8.9,Fog,0.611,11.29,1,Medium
SC-14497,2024-12-05,Rotterdam,Singapore,Road,Pharmaceuticals,2431.14,214.42,2.67,9.1,Clear,0.985,1.87,0,Medium
SC-14498,2025-12-08,Los Angeles,Singapore,Air,Automotive,4289.33,478.05,2.34,4.2,Clear,0.818,0.77,0,Medium
SC-14499,2024-08-31,Busan,Rotterdam,Sea,Electronics,6576.94,108.15,2.69,6.6,Hurricane,0.846,97.87,1,Medium
SC-14500,2024-02-20,Rotterdam,Busan,Sea,Pharmaceuticals,9189.84,258.82,3.67,1.7,Clear,0.609,13.22,0,Medium
SC-14501,2025-05-01,Shanghai,Marseille,Rail,Perishables,7948.76,368.27,4.18,4.3,Storm,0.946,20.47,1,High
SC-14502,2024-10-02,Busan,Shanghai,Air,Textiles,4678.68,278.87,1.36,6.3,Hurricane,0.834,2.38,1,Low
SC-14503,2025-01-16,Los Angeles,Rotterdam,Road,Perishables,593.73,464.58,2.93,3.9,Hurricane,0.932,2.64,1,Medium
SC-14504,2024-01-21,Rotterdam,Marseille,Road,Electronics,7695.47,189.61,1.31,3.6,Clear,0.978,5.47,1,Low
SC-14505,2024-12-11,Los Angeles,Shanghai,Road,Automotive,4641.58,232.37,2.75,0.0,Rain,0.563,2.9,0,Medium
SC-14506,2024-11-06,Singapore,Rotterdam,Sea,Perishables,11151.82,45.17,4.12,8.0,Fog,0.548,31.79,1,High
SC-14507,2024-11-14,Rotterdam,Los Angeles,Sea,Textiles,847.22,304.89,2.39,8.9,Hurricane,0.902,13.21,1,Medium
SC-14508,2024-10-14,Los Angeles,Shanghai,Rail,Textiles,8980.0,144.82,4.28,9.7,Rain,0.933,10.6,1,High
SC-14509,2025-05-18,Hamburg,Dubai,Air,Electronics,14151.38,80.99,3.28,7.2,Hurricane,0.792,7.69,1,Medium
SC-14510,2025-12-13,Antwerp,Dubai,Rail,Electronics,3028.93,272.72,4.28,5.5,Fog,0.683,3.36,1,High
SC-14511,2025-12-02,Busan,Dubai,Road,Textiles,7338.92,266.62,3.7,2.7,Fog,0.826,7.24,0,Medium
SC-14512,2024-04-10,Shanghai,Marseille,Sea,Perishables,1825.62,38.86,1.54,10.0,Clear,0.653,3.45,1,Low
SC-14513,2024-08-21,Rotterdam,Antwerp,Air,Perishables,9572.39,349.41,1.96,5.9,Fog,0.619,1.16,0,Low
SC-14514,2024-05-17,Shanghai,Dubai,Sea,Textiles,8482.71,312.26,2.5,6.8,Storm,0.744,47.68,1,Medium
SC-14515,2024-11-03,Hamburg,Shanghai,Road,Perishables,6406.8,95.32,1.76,6.8,Rain,0.608,6.27,0,Low
SC-14516,2025-03-29,Shanghai,Busan,Road,Textiles,8059.97,235.25,2.83,8.5,Clear,0.742,6.71,1,Medium
SC-14517,2024-11-24,Antwerp,Marseille,Rail,Electronics,13500.33,360.44,2.76,0.1,Storm,0.978,28.13,1,Medium
SC-14518,2024-10-02,Shanghai,Singapore,Sea,Pharmaceuticals,3346.27,265.19,4.36,2.2,Rain,0.92,5.77,0,High
SC-14519,2025-03-02,Hamburg,Antwerp,Road,Pharmaceuticals,827.19,198.35,2.63,6.7,Clear,0.971,0.5,0,Medium
SC-14520,2025-09-11,Shanghai,Antwerp,Rail,Automotive,12994.14,161.85,3.79,9.0,Hurricane,0.903,104.85,1,Medium
SC-14521,2025-10-23,Dubai,Rotterdam,Air,Automotive,8868.2,305.59,4.31,6.9,Rain,0.677,0.5,0,High
SC-14522,2024-04-01,Singapore,Shanghai,Sea,Automotive,13414.55,469.62,4.09,4.1,Fog,0.906,33.68,0,High
SC-14523,2024-07-11,Los Angeles,Marseille,Rail,Perishables,9155.71,336.2,1.89,3.6,Rain,0.961,8.85,1,Low
SC-14524,2025-03-28,Busan,Marseille,Air,Textiles,12247.34,38.3,2.84,7.4,Storm,0.974,2.92,0,Medium
SC-14525,2024-08-04,Busan,Rotterdam,Rail,Automotive,6730.26,230.88,2.35,7.4,Rain,0.842,6.97,1,Medium
SC-14526,2025-02-20,Shanghai,Marseille,Sea,Automotive,11372.97,445.52,2.52,6.1,Fog,0.606,30.89,1,Medium
SC-14527,2025-05-11,Singapore,Hamburg,Air,Perishables,13739.1,48.14,2.39,2.9,Clear,0.52,0.99,1,Medium
SC-14528,2025-06-12,Singapore,Los Angeles,Air,Perishables,8795.78,494.45,3.93,9.3,Rain,0.574,0.5,1,Medium
SC-14529,2025-01-17,Hamburg,Los Angeles,Rail,Textiles,3121.38,474.59,2.69,5.5,Rain,0.983,2.78,0,Medium
SC-14530,2024-02-27,Singapore,Marseille,Sea,Automotive,4397.57,40.06,2.93,7.9,Clear,0.731,8.48,1,Medium
SC-14531,2025-06-11,Singapore,Marseille,Air,Electronics,3380.35,466.77,4.44,2.1,Fog,0.927,0.55,0,High
SC-14532,2024-06-11,Shanghai,Singapore,Air,Pharmaceuticals,4079.43,182.2,1.4,3.4,Hurricane,0.733,2.08,1,Low
SC-14533,2024-03-08,Los Angeles,Marseille,Rail,Perishables,4943.02,422.51,2.81,8.7,Clear,0.83,5.21,1,Medium
SC-14534,2024-11-14,Singapore,Busan,Road,Perishables,8549.44,209.77,3.75,0.5,Hurricane,0.512,41.19,1,Medium
SC-14535,2025-12-27,Antwerp,Singapore,Road,Automotive,9025.88,220.99,1.7,5.1,Hurricane,0.625,53.2,1,Low
SC-14536,2025-06-02,Hamburg,Singapore,Rail,Electronics,6684.25,317.49,3.22,4.8,Fog,0.718,8.68,0,Medium
SC-14537,2025-02-17,Busan,Los Angeles,Air,Electronics,9423.6,387.46,1.99,7.5,Storm,0.815,1.41,1,Low
SC-14538,2024-05-18,Busan,Los Angeles,Road,Perishables,1682.84,17.86,4.06,2.8,Storm,0.586,3.0,0,High
SC-14539,2025-06-20,Dubai,Rotterdam,Rail,Pharmaceuticals,1772.93,296.98,2.28,2.2,Hurricane,0.882,11.39,1,Medium
SC-14540,2025-08-05,Antwerp,Rotterdam,Air,Pharmaceuticals,2991.53,94.18,2.29,9.3,Clear,0.682,0.5,0,Medium
SC-14541,2024-01-30,Dubai,Marseille,Air,Textiles,8012.12,173.63,3.17,5.7,Rain,0.909,0.5,0,Medium
SC-14542,2024-06-26,Dubai,Marseille,Air,Automotive,3602.92,174.64,1.81,1.0,Hurricane,0.549,1.23,1,Low
SC-14543,2024-07-16,Dubai,Antwerp,Air,Perishables,4607.62,235.06,2.14,1.9,Rain,0.84,0.63,1,Medium
SC-14544,2024-07-24,Dubai,Antwerp,Air,Pharmaceuticals,6304.54,167.73,2.57,10.0,Rain,0.647,0.7,1,Medium
SC-14545,2024-02-29,Los Angeles,Singapore,Air,Perishables,12272.06,54.57,2.37,2.0,Storm,0.898,1.5,1,Medium
SC-14546,2024-09-12,Dubai,Hamburg,Sea,Textiles,701.0,73.67,2.93,6.1,Hurricane,0.701,9.19,1,Medium
SC-14547,2024-02-03,Antwerp,Busan,Air,Pharmaceuticals,9915.99,17.69,3.18,4.2,Rain,0.833,1.69,1,Medium
SC-14548,2025-04-12,Antwerp,Singapore,Sea,Electronics,10198.71,235.65,3.07,8.9,Hurricane,0.967,162.89,1,Medium
SC-14549,2024-02-21,Singapore,Antwerp,Air,Automotive,12080.51,477.27,3.36,7.6,Storm,0.51,2.86,1,Medium
SC-14550,2025-01-04,Dubai,Shanghai,Rail,Textiles,14024.92,58.72,2.22,6.0,Rain,0.506,15.93,1,Medium
SC-14551,2025-12-22,Dubai,Singapore,Road,Perishables,792.0,473.19,1.62,0.1,Hurricane,0.885,3.87,1,Low
SC-14552,2024-07-22,Shanghai,Los Angeles,Sea,Automotive,2729.86,366.95,3.71,8.8,Clear,0.823,5.16,0,Medium
SC-14553,2024-10-07,Singapore,Marseille,Air,Perishables,13349.48,319.11,4.01,4.4,Clear,0.646,0.5,0,High
SC-14554,2025-01-12,Busan,Los Angeles,Air,Pharmaceuticals,7148.52,322.99,2.05,9.3,Fog,0.747,0.5,0,Medium
SC-14555,2025-04-20,Antwerp,Los Angeles,Sea,Textiles,8686.56,413.54,2.54,5.0,Storm,0.521,45.35,1,Medium
SC-14556,2025-06-01,Rotterdam,Busan,Air,Pharmaceuticals,10113.89,54.35,2.85,6.9,Fog,0.596,1.79,0,Medium
SC-14557,2025-02-10,Singapore,Marseille,Sea,Perishables,10346.47,252.87,2.96,0.7,Rain,0.712,17.64,0,Medium
SC-14558,2025-10-12,Shanghai,Dubai,Air,Pharmaceuticals,14010.24,348.85,3.38,7.5,Storm,0.917,2.73,1,Medium
SC-14559,2024-05-06,Hamburg,Shanghai,Air,Electronics,14955.77,293.82,1.34,3.4,Clear,0.74,1.26,0,Low
SC-14560,2025-11-28,Los Angeles,Dubai,Rail,Textiles,10942.28,416.56,3.58,3.5,Fog,0.793,13.06,1,Medium
SC-14561,2024-02-01,Dubai,Rotterdam,Road,Perishables,4664.71,37.06,1.4,1.2,Storm,0.937,8.96,1,Low
SC-14562,2024-09-04,Busan,Antwerp,Road,Textiles,13256.41,345.66,2.75,1.5,Storm,0.654,25.43,1,Medium
SC-14563,2025-01-16,Busan,Los Angeles,Road,Pharmaceuticals,1213.7,267.48,3.93,1.9,Storm,0.85,2.16,0,Medium
SC-14564,2025-05-15,Antwerp,Rotterdam,Sea,Electronics,3850.67,190.2,2.69,3.3,Fog,0.931,9.33,1,Medium
SC-14565,2025-08-31,Los Angeles,Singapore,Sea,Pharmaceuticals,13512.09,170.8,1.69,8.9,Hurricane,0.601,217.97,1,Low
SC-14566,2025-04-01,Singapore,Hamburg,Road,Textiles,4214.78,310.8,4.45,3.7,Rain,0.678,3.87,1,High
SC-14567,2024-06-30,Dubai,Hamburg,Road,Electronics,3699.44,445.61,4.13,7.2,Storm,0.99,9.55,0,High
SC-14568,2025-04-30,Singapore,Dubai,Rail,Automotive,2502.82,248.59,3.75,0.8,Clear,0.992,1.35,0,Medium
SC-14569,2025-08-23,Dubai,Antwerp,Sea,Textiles,12957.12,412.54,2.56,5.9,Clear,0.612,23.86,1,Medium
SC-14570,2025-07-18,Singapore,Rotterdam,Road,Automotive,7750.84,201.68,1.81,4.8,Rain,0.533,7.19,0,Low
SC-14571,2024-12-24,Dubai,Los Angeles,Road,Automotive,10285.95,52.09,4.31,9.8,Clear,0.635,8.37,0,High
SC-14572,2024-12-18,Busan,Hamburg,Air,Pharmaceuticals,3966.46,31.69,2.96,8.5,Storm,0.699,1.15,1,Medium
SC-14573,2024-06-16,Los Angeles,Dubai,Road,Pharmaceuticals,11491.59,26.62,4.01,4.5,Clear,0.721,8.14,0,High
SC-14574,2024-09-21,Busan,Los Angeles,Rail,Pharmaceuticals,11520.08,190.69,2.33,7.8,Clear,0.809,10.33,0,Medium
SC-14575,2025-12-06,Antwerp,Dubai,Rail,Pharmaceuticals,5032.67,169.28,2.31,1.9,Rain,0.95,4.66,0,Medium
SC-14576,2024-04-02,Shanghai,Hamburg,Air,Automotive,6454.9,359.25,4.45,5.6,Hurricane,0.665,3.72,1,High
SC-14577,2024-10-18,Dubai,Antwerp,Sea,Electronics,3540.51,371.67,2.92,0.7,Rain,0.925,6.2,1,Medium
SC-14578,2024-01-29,Antwerp,Shanghai,Air,Perishables,14660.13,26.38,1.66,3.5,Rain,0.547,1.02,0,Low
SC-14579,2025-01-30,Busan,Hamburg,Rail,Automotive,9861.24,111.34,1.92,2.3,Clear,0.521,7.46,0,Low
SC-14580,2024-02-20,Shanghai,Busan,Rail,Electronics,14050.89,137.86,2.79,7.2,Hurricane,0.752,107.35,1,Medium
SC-14581,2024-06-15,Antwerp,Singapore,Air,Textiles,4899.09,274.26,1.34,4.9,Storm,0.53,0.5,1,Low
SC-14582,2025-08-08,Hamburg,Busan,Sea,Automotive,11837.42,73.11,2.73,7.5,Storm,0.696,68.28,1,Medium
SC-14583,2024-08-07,Los Angeles,Antwerp,Sea,Automotive,11604.95,67.84,2.58,5.2,Hurricane,0.948,162.17,1,Medium
SC-14584,2024-08-14,Rotterdam,Los Angeles,Air,Textiles,10529.01,471.95,3.77,0.9,Hurricane,0.621,4.15,1,Medium
SC-14585,2025-10-24,Singapore,Rotterdam,Air,Pharmaceuticals,14501.77,402.3,2.37,7.4,Fog,0.853,1.53,1,Medium
SC-14586,2024-08-18,Rotterdam,Shanghai,Rail,Textiles,6206.55,91.15,4.44,8.3,Hurricane,0.651,48.15,1,High
SC-14587,2025-11-24,Busan,Singapore,Road,Perishables,2395.4,203.88,1.8,9.0,Hurricane,0.522,16.26,1,Low
SC-14588,2024-07-30,Shanghai,Antwerp,Air,Perishables,10239.78,178.46,3.15,5.7,Clear,0.778,0.66,1,Medium
SC-14589,2024-10-02,Hamburg,Shanghai,Air,Electronics,11074.99,395.71,1.5,7.5,Rain,0.917,0.5,1,Low
SC-14590,2025-10-29,Busan,Los Angeles,Sea,Perishables,8838.38,255.6,3.62,7.5,Storm,0.705,50.93,1,Medium
SC-14591,2025-02-23,Rotterdam,Los Angeles,Air,Pharmaceuticals,3498.86,64.8,4.48,1.6,Hurricane,0.809,1.09,1,High
SC-14592,2025-06-09,Busan,Hamburg,Rail,Automotive,7814.61,369.76,3.9,1.6,Fog,0.95,8.08,0,Medium
SC-14593,2024-01-21,Shanghai,Los Angeles,Air,Automotive,5026.75,199.05,3.03,0.7,Clear,0.895,0.5,0,Medium
SC-14594,2025-11-29,Busan,Hamburg,Sea,Perishables,6698.26,132.2,2.8,3.2,Fog,0.597,17.27,1,Medium
SC-14595,2024-01-10,Los Angeles,Dubai,Air,Perishables,9855.67,188.37,3.96,4.7,Fog,0.867,0.5,0,Medium
SC-14596,2025-04-30,Los Angeles,Busan,Rail,Automotive,11305.61,249.38,4.29,10.0,Clear,0.751,11.99,1,High
SC-14597,2024-05-15,Los Angeles,Singapore,Road,Perishables,3867.26,172.21,4.46,4.3,Fog,0.873,3.82,0,High
SC-14598,2025-10-24,Rotterdam,Los Angeles,Sea,Pharmaceuticals,6377.22,121.71,2.51,7.3,Clear,0.747,11.9,1,Medium
SC-14599,2024-06-26,Shanghai,Hamburg,Sea,Electronics,4402.84,199.85,4.47,6.9,Rain,0.564,10.18,1,High
SC-14600,2025-09-07,Shanghai,Los Angeles,Sea,Automotive,3380.16,10.57,1.71,2.0,Clear,0.785,5.45,1,Low
SC-14601,2024-01-09,Antwerp,Singapore,Road,Textiles,11859.11,386.48,2.04,0.6,Storm,0.746,21.46,0,Medium
SC-14602,2024-08-17,Singapore,Hamburg,Air,Automotive,13684.16,86.3,1.49,5.5,Fog,0.759,0.68,1,Low
SC-14603,2024-09-15,Rotterdam,Singapore,Air,Textiles,5868.37,22.91,2.1,7.0,Hurricane,0.939,3.61,1,Medium
SC-14604,2025-09-14,Dubai,Los Angeles,Air,Automotive,11393.54,327.2,3.73,10.0,Fog,0.947,1.61,1,Medium
SC-14605,2024-11-08,Antwerp,Rotterdam,Rail,Electronics,13506.43,387.19,4.01,3.6,Clear,0.727,10.92,0,High
SC-14606,2025-12-30,Hamburg,Dubai,Sea,Perishables,12768.8,407.1,3.77,9.0,Hurricane,0.728,205.68,1,Medium
SC-14607,2025-12-27,Los Angeles,Marseille,Rail,Automotive,3150.79,247.26,3.28,3.8,Storm,0.758,7.59,1,Medium
SC-14608,2025-10-20,Hamburg,Busan,Sea,Textiles,14366.23,103.48,2.9,6.9,Clear,0.76,26.42,1,Medium
SC-14609,2024-10-08,Busan,Antwerp,Road,Electronics,5961.81,368.88,3.54,6.0,Rain,0.975,5.53,1,Medium
SC-14610,2025-03-09,Shanghai,Dubai,Road,Perishables,5418.99,350.16,2.49,0.5,Storm,0.825,10.19,0,Medium
SC-14611,2025-01-20,Rotterdam,Busan,Rail,Electronics,1405.25,123.89,3.98,0.8,Fog,0.639,1.68,0,Medium
SC-14612,2024-12-23,Busan,Antwerp,Road,Perishables,7549.52,451.8,3.43,0.2,Clear,0.766,4.79,0,Medium
SC-14613,2025-04-15,Shanghai,Rotterdam,Sea,Electronics,2080.7,53.08,3.5,3.7,Storm,0.814,9.9,1,Medium
SC-14614,2024-09-15,Dubai,Busan,Road,Automotive,4103.83,491.36,2.97,7.5,Clear,0.82,4.14,1,Medium
SC-14615,2024-08-11,Los Angeles,Busan,Road,Electronics,5095.67,430.26,4.12,1.7,Fog,0.793,4.77,1,High
SC-14616,2025-04-22,Shanghai,Hamburg,Rail,Pharmaceuticals,12227.98,344.26,2.03,6.1,Storm,0.589,33.13,1,Medium
SC-14617,2024-11-05,Dubai,Los Angeles,Rail,Pharmaceuticals,13194.59,469.44,2.46,2.9,Hurricane,0.517,83.23,1,Medium
SC-14618,2025-11-24,Antwerp,Shanghai,Road,Electronics,4885.76,361.43,3.77,8.0,Rain,0.669,4.78,1,Medium
SC-14619,2025-06-17,Antwerp,Shanghai,Sea,Textiles,12951.12,96.04,2.83,8.0,Hurricane,0.714,201.61,1,Medium
SC-14620,2025-09-30,Antwerp,Singapore,Air,Electronics,12929.85,221.64,4.13,7.8,Hurricane,0.531,7.86,1,High
SC-14621,2025-02-10,Los Angeles,Singapore,Rail,Perishables,11587.44,36.68,2.34,5.2,Storm,0.907,31.26,1,Medium
SC-14622,2025-08-21,Los Angeles,Singapore,Sea,Textiles,2627.08,195.44,2.42,2.8,Rain,0.672,5.26,1,Medium
SC-14623,2024-04-14,Hamburg,Singapore,Road,Textiles,10509.68,371.06,4.13,8.1,Rain,0.957,10.68,0,High
SC-14624,2024-01-08,Shanghai,Hamburg,Rail,Electronics,14202.85,193.84,2.73,1.9,Fog,0.577,15.95,0,Medium
SC-14625,2025-06-07,Hamburg,Singapore,Air,Automotive,10396.84,165.82,2.9,2.9,Fog,0.528,0.6,0,Medium
SC-14626,2025-11-09,Shanghai,Hamburg,Road,Electronics,5308.44,298.08,2.3,1.8,Hurricane,0.741,28.09,1,Medium
SC-14627,2025-01-18,Shanghai,Busan,Air,Pharmaceuticals,7758.4,436.23,2.11,6.7,Storm,0.595,2.1,1,Medium
SC-14628,2025-07-28,Shanghai,Antwerp,Road,Automotive,9863.01,24.74,3.36,6.9,Clear,0.969,7.35,0,Medium
SC-14629,2025-10-24,Dubai,Rotterdam,Air,Automotive,7903.27,193.35,1.6,6.5,Hurricane,0.505,4.73,1,Low
SC-14630,2025-08-31,Los Angeles,Shanghai,Rail,Perishables,2239.32,79.96,4.1,4.2,Fog,0.706,3.14,0,High
SC-14631,2025-09-15,Shanghai,Singapore,Sea,Perishables,5024.93,347.98,3.77,1.0,Fog,0.963,10.44,0,Medium
SC-14632,2024-10-16,Dubai,Marseille,Air,Electronics,12134.74,53.76,1.83,9.1,Fog,0.692,1.65,1,Low
SC-14633,2024-11-01,Rotterdam,Los Angeles,Air,Textiles,12990.56,332.74,3.49,5.1,Fog,0.547,0.75,0,Medium
SC-14634,2025-12-01,Dubai,Los Angeles,Rail,Automotive,2490.85,143.8,3.19,4.1,Fog,0.651,1.91,1,Medium
SC-14635,2024-04-20,Antwerp,Marseille,Sea,Textiles,14309.61,100.26,1.81,5.9,Clear,0.749,25.65,0,Low
SC-14636,2025-05-08,Singapore,Dubai,Rail,Pharmaceuticals,5267.93,468.24,2.1,1.9,Clear,0.593,4.14,0,Medium
SC-14637,2024-03-06,Hamburg,Shanghai,Road,Perishables,10103.55,10.24,2.55,1.3,Fog,0.733,9.56,0,Medium
SC-14638,2024-12-10,Singapore,Hamburg,Road,Perishables,11401.46,219.45,3.51,4.1,Storm,0.918,25.92,1,Medium
SC-14639,2024-10-10,Los Angeles,Antwerp,Rail,Automotive,12273.22,11.79,3.31,2.3,Rain,0.936,11.58,1,Medium
SC-14640,2025-10-17,Antwerp,Singapore,Rail,Electronics,14213.37,242.31,2.96,2.4,Storm,0.525,33.3,0,Medium
SC-14641,2024-11-28,Antwerp,Hamburg,Air,Pharmaceuticals,5037.33,251.02,3.74,8.9,Storm,0.58,1.35,1,Medium
SC-14642,2024-10-10,Dubai,Singapore,Air,Textiles,12948.34,161.51,3.7,5.3,Hurricane,0.638,6.61,1,Medium
SC-14643,2024-09-24,Dubai,Shanghai,Road,Pharmaceuticals,2409.46,66.95,3.24,4.8,Fog,0.797,3.14,1,Medium
SC-14644,2025-11-02,Rotterdam,Hamburg,Air,Textiles,10723.09,188.82,3.8,6.9,Rain,0.68,1.08,0,Medium
SC-14645,2025-12-29,Los Angeles,Rotterdam,Air,Perishables,11258.68,336.46,2.3,9.5,Clear,0.922,1.02,0,Medium
SC-14646,2025-10-29,Shanghai,Hamburg,Road,Automotive,10326.99,391.42,4.11,1.1,Fog,0.858,9.43,0,High
SC-14647,2024-11-01,Antwerp,Busan,Sea,Pharmaceuticals,4158.56,265.84,3.23,8.3,Rain,0.55,9.04,0,Medium
SC-14648,2024-07-11,Singapore,Los Angeles,Air,Pharmaceuticals,13159.13,295.33,3.91,5.8,Clear,0.812,0.63,0,Medium
SC-14649,2024-06-02,Busan,Shanghai,Sea,Electronics,2948.45,101.11,3.0,1.5,Rain,0.557,5.41,0,Medium
SC-14650,2025-06-13,Dubai,Singapore,Air,Pharmaceuticals,1277.7,144.38,1.92,3.0,Rain,0.628,0.5,0,Low
SC-14651,2024-09-03,Rotterdam,Busan,Sea,Perishables,10903.24,81.79,2.99,4.8,Rain,0.589,22.7,0,Medium
SC-14652,2024-02-28,Hamburg,Rotterdam,Sea,Automotive,7394.4,125.4,2.42,6.9,Storm,0.587,41.34,1,Medium
SC-14653,2025-09-06,Los Angeles,Singapore,Sea,Electronics,12811.92,113.22,3.5,2.4,Hurricane,0.808,159.84,1,Medium
SC-14654,2025-02-17,Busan,Shanghai,Sea,Textiles,6059.26,260.2,2.77,5.3,Fog,0.782,15.51,0,Medium
SC-14655,2025-11-07,Busan,Shanghai,Road,Textiles,2940.04,281.78,3.96,6.8,Fog,0.588,3.62,1,Medium
SC-14656,2024-11-23,Rotterdam,Los Angeles,Sea,Perishables,12628.41,472.53,3.44,4.5,Storm,0.995,64.1,0,Medium
SC-14657,2025-11-28,Hamburg,Busan,Air,Pharmaceuticals,8459.19,98.59,3.46,8.6,Fog,0.711,0.5,1,Medium
SC-14658,2024-05-23,Rotterdam,Hamburg,Rail,Electronics,3243.34,321.2,1.92,8.7,Storm,0.549,9.61,1,Low
SC-14659,2024-01-27,Singapore,Hamburg,Road,Textiles,10945.57,408.81,4.45,4.7,Storm,0.56,24.91,1,High
SC-14660,2025-11-02,Dubai,Singapore,Sea,Pharmaceuticals,7911.15,280.56,3.98,9.7,Clear,0.792,15.6,0,Medium
SC-14661,2025-05-24,Hamburg,Busan,Sea,Perishables,9262.54,128.25,3.8,0.8,Clear,0.99,13.41,0,Medium
SC-14662,2024-10-29,Shanghai,Marseille,Road,Perishables,7183.03,132.01,2.29,0.0,Storm,0.786,13.25,1,Medium
SC-14663,2024-09-22,Hamburg,Rotterdam,Sea,Perishables,12516.28,20.59,2.97,3.8,Hurricane,0.975,166.69,1,Medium
SC-14664,2025-03-04,Busan,Los Angeles,Road,Perishables,12528.66,153.42,1.65,6.0,Storm,0.722,28.85,1,Low
SC-14665,2025-02-18,Los Angeles,Shanghai,Rail,Electronics,10786.14,372.56,2.98,6.3,Hurricane,0.718,78.46,1,Medium
SC-14666,2025-02-01,Busan,Antwerp,Sea,Textiles,2028.32,24.71,1.68,4.8,Clear,0.75,2.9,1,Low
SC-14667,2024-02-06,Hamburg,Antwerp,Air,Perishables,12663.38,110.43,3.03,1.2,Hurricane,0.849,6.18,1,Medium
SC-14668,2025-08-20,Antwerp,Singapore,Air,Perishables,10229.69,353.41,3.34,1.7,Storm,0.684,1.3,1,Medium
SC-14669,2025-12-26,Singapore,Marseille,Rail,Perishables,10606.85,391.54,2.49,8.5,Fog,0.932,15.57,0,Medium
SC-14670,2025-08-08,Dubai,Busan,Sea,Perishables,5763.25,228.2,2.85,8.7,Rain,0.515,12.85,1,Medium
SC-14671,2024-07-13,Rotterdam,Antwerp,Rail,Electronics,13249.55,349.34,4.09,6.7,Clear,0.72,12.74,0,High
SC-14672,2024-12-17,Los Angeles,Busan,Rail,Electronics,11017.89,194.59,1.56,6.6,Hurricane,0.755,82.12,1,Low
SC-14673,2025-12-31,Los Angeles,Antwerp,Air,Pharmaceuticals,2132.56,80.8,3.81,6.0,Clear,0.804,0.57,0,Medium
SC-14674,2024-08-15,Singapore,Rotterdam,Rail,Automotive,6412.78,199.68,1.76,2.0,Storm,0.638,13.91,1,Low
SC-14675,2025-12-03,Rotterdam,Singapore,Sea,Perishables,13352.52,290.4,1.32,4.3,Fog,0.714,34.08,0,Low
SC-14676,2025-07-01,Busan,Singapore,Road,Pharmaceuticals,1184.35,474.08,1.81,7.0,Clear,0.742,0.5,1,Low
SC-14677,2025-10-15,Antwerp,Shanghai,Sea,Automotive,14440.54,35.31,3.72,5.4,Storm,0.843,76.36,0,Medium
SC-14678,2025-05-02,Hamburg,Marseille,Air,Pharmaceuticals,10347.86,254.19,2.54,0.2,Storm,0.887,1.73,0,Medium
SC-14679,2025-11-18,Rotterdam,Hamburg,Air,Electronics,9654.95,165.13,4.08,9.5,Rain,0.869,1.05,0,High
SC-14680,2025-01-02,Singapore,Busan,Air,Pharmaceuticals,4423.11,254.65,2.93,8.4,Fog,0.671,0.76,0,Medium
SC-14681,2025-06-03,Antwerp,Los Angeles,Road,Pharmaceuticals,4107.48,12.96,1.27,2.6,Clear,1.0,2.76,0,Low
SC-14682,2024-11-03,Dubai,Hamburg,Road,Pharmaceuticals,14159.84,157.2,3.57,6.2,Fog,0.924,15.56,1,Medium
SC-14683,2024-06-23,Antwerp,Singapore,Rail,Pharmaceuticals,4824.95,410.11,1.56,9.2,Hurricane,0.63,39.45,1,Low
SC-14684,2025-11-04,Busan,Hamburg,Air,Automotive,11744.83,277.42,3.8,1.0,Hurricane,0.598,5.18,1,Medium
SC-14685,2025-07-25,Dubai,Los Angeles,Air,Textiles,6200.27,225.84,1.75,5.0,Storm,0.657,0.76,0,Low
SC-14686,2024-07-04,Antwerp,Los Angeles,Road,Textiles,2519.18,143.48,2.34,4.6,Hurricane,0.726,13.95,1,Medium
SC-14687,2024-10-27,Antwerp,Busan,Air,Textiles,655.37,149.72,3.71,4.1,Storm,0.925,0.89,1,Medium
SC-14688,2024-04-09,Shanghai,Singapore,Air,Electronics,8391.73,192.17,4.35,8.4,Fog,0.889,1.55,1,High
SC-14689,2025-04-27,Hamburg,Singapore,Sea,Electronics,14648.79,417.95,2.43,3.8,Fog,0.926,36.68,1,Medium
SC-14690,2024-05-11,Hamburg,Antwerp,Rail,Pharmaceuticals,5852.47,483.64,3.94,0.6,Clear,0.636,3.86,0,Medium
SC-14691,2024-09-21,Los Angeles,Busan,Rail,Perishables,5679.29,219.89,1.83,0.7,Clear,0.797,2.82,0,Low
SC-14692,2025-07-26,Antwerp,Los Angeles,Air,Perishables,5489.33,197.28,3.86,0.4,Clear,0.642,0.67,0,Medium
SC-14693,2024-07-06,Shanghai,Singapore,Air,Textiles,8047.89,423.43,3.37,4.1,Clear,0.555,0.69,0,Medium
SC-14694,2025-11-27,Rotterdam,Hamburg,Sea,Pharmaceuticals,6889.64,214.03,1.84,7.2,Fog,0.842,19.32,1,Low
SC-14695,2024-12-09,Dubai,Marseille,Road,Perishables,13258.76,276.46,2.2,2.0,Hurricane,0.571,70.13,1,Medium
SC-14696,2025-11-01,Singapore,Shanghai,Air,Perishables,7830.05,116.24,1.63,6.5,Fog,0.834,1.23,1,Low
SC-14697,2024-04-01,Hamburg,Dubai,Road,Automotive,7862.49,372.01,2.46,6.9,Fog,0.824,9.52,1,Medium
SC-14698,2024-08-15,Busan,Marseille,Rail,Textiles,2506.39,266.46,1.87,2.6,Storm,0.905,5.91,1,Low
SC-14699,2024-12-29,Rotterdam,Busan,Rail,Electronics,14749.72,404.71,3.33,6.0,Fog,0.57,20.0,1,Medium
SC-14700,2024-08-16,Rotterdam,Marseille,Road,Electronics,4124.61,390.59,4.48,6.8,Storm,0.892,10.23,0,High
SC-14701,2024-11-10,Busan,Dubai,Air,Perishables,1563.78,108.29,1.24,4.7,Storm,1.0,0.5,1,Low
SC-14702,2025-03-06,Busan,Dubai,Air,Perishables,10115.62,358.1,2.99,3.4,Storm,0.926,2.06,1,Medium
SC-14703,2024-12-05,Hamburg,Rotterdam,Sea,Textiles,9132.81,400.23,3.09,6.2,Fog,0.876,24.46,1,Medium
SC-14704,2025-01-15,Rotterdam,Dubai,Air,Electronics,6519.61,173.71,4.22,9.8,Storm,0.831,2.19,1,High
SC-14705,2024-09-23,Los Angeles,Dubai,Air,Automotive,6621.79,87.13,2.87,4.3,Fog,0.711,0.89,0,Medium
SC-14706,2025-08-22,Los Angeles,Antwerp,Rail,Pharmaceuticals,11883.43,2.31,2.99,3.9,Rain,0.865,11.5,0,Medium
SC-14707,2024-10-28,Los Angeles,Rotterdam,Rail,Automotive,3337.83,226.0,2.76,4.6,Hurricane,0.862,22.89,1,Medium
SC-14708,2025-04-19,Singapore,Antwerp,Rail,Automotive,12393.67,176.86,2.09,0.8,Hurricane,0.816,71.05,1,Medium
SC-14709,2024-04-30,Dubai,Marseille,Road,Perishables,9906.83,277.9,1.38,5.5,Fog,0.898,12.04,1,Low
SC-14710,2025-04-26,Shanghai,Busan,Sea,Electronics,6575.06,94.83,2.55,3.3,Rain,0.724,13.57,0,Medium
SC-14711,2024-02-24,Rotterdam,Dubai,Rail,Automotive,7141.41,429.97,1.37,1.2,Rain,0.561,6.66,0,Low
SC-14712,2025-10-11,Antwerp,Hamburg,Road,Automotive,4221.38,129.62,3.02,4.7,Fog,0.78,5.43,1,Medium
SC-14713,2025-08-20,Antwerp,Rotterdam,Rail,Electronics,11405.66,113.99,2.21,0.0,Hurricane,0.633,63.55,1,Medium
SC-14714,2025-08-17,Rotterdam,Busan,Sea,Textiles,7936.68,240.88,2.96,4.0,Rain,0.692,16.27,1,Medium
SC-14715,2025-09-27,Singapore,Antwerp,Rail,Pharmaceuticals,5152.39,249.93,1.64,1.1,Storm,0.509,11.91,1,Low
SC-14716,2024-03-13,Shanghai,Dubai,Road,Pharmaceuticals,9142.73,108.33,4.28,0.2,Hurricane,0.691,44.06,1,High
SC-14717,2025-04-28,Dubai,Antwerp,Sea,Pharmaceuticals,14938.15,136.66,4.15,8.2,Storm,0.904,87.94,1,High
SC-14718,2024-07-18,Busan,Shanghai,Air,Automotive,6811.3,85.68,1.83,9.2,Storm,0.771,2.02,1,Low
SC-14719,2025-05-27,Rotterdam,Hamburg,Sea,Electronics,13850.03,359.51,2.33,2.1,Clear,0.505,21.56,0,Medium
SC-14720,2024-05-02,Singapore,Rotterdam,Rail,Perishables,5502.74,385.27,3.22,5.4,Rain,0.735,5.44,1,Medium
SC-14721,2025-11-28,Shanghai,Dubai,Road,Automotive,1293.62,231.7,1.52,2.8,Hurricane,0.646,5.92,1,Low
SC-14722,2025-01-25,Dubai,Marseille,Rail,Perishables,3461.51,357.33,2.37,4.9,Clear,0.739,2.91,1,Medium
SC-14723,2025-06-26,Antwerp,Busan,Sea,Automotive,6571.08,368.23,2.03,4.4,Hurricane,0.702,87.9,1,Medium
SC-14724,2024-11-01,Rotterdam,Busan,Rail,Perishables,3684.71,70.0,4.22,2.7,Hurricane,0.966,22.73,1,High
SC-14725,2025-02-27,Antwerp,Rotterdam,Air,Automotive,503.29,483.12,4.01,7.0,Storm,0.521,0.5,1,High
SC-14726,2024-02-25,Los Angeles,Singapore,Road,Pharmaceuticals,13767.52,410.69,3.11,1.3,Fog,0.842,12.79,0,Medium
SC-14727,2024-06-03,Singapore,Dubai,Road,Perishables,12736.25,103.04,2.92,0.5,Hurricane,0.926,62.67,1,Medium
SC-14728,2024-05-20,Shanghai,Rotterdam,Rail,Electronics,11263.24,93.9,4.27,7.7,Storm,0.98,32.99,1,High
SC-14729,2024-07-24,Los Angeles,Dubai,Air,Electronics,2933.31,63.7,4.28,6.7,Fog,0.589,0.56,1,High
SC-14730,2024-12-16,Antwerp,Rotterdam,Road,Textiles,2245.27,70.05,4.4,5.0,Clear,0.766,1.99,1,High
SC-14731,2025-02-23,Busan,Rotterdam,Road,Perishables,1480.27,374.33,1.61,4.7,Fog,0.522,1.96,1,Low
SC-14732,2025-08-06,Hamburg,Los Angeles,Air,Pharmaceuticals,10998.42,235.36,1.73,5.0,Fog,0.75,0.5,0,Low
SC-14733,2025-04-13,Rotterdam,Antwerp,Air,Perishables,13967.72,391.68,3.43,4.4,Hurricane,0.563,7.1,1,Medium
SC-14734,2024-05-26,Antwerp,Shanghai,Rail,Pharmaceuticals,6742.77,373.38,2.99,3.9,Hurricane,0.919,43.92,1,Medium
SC-14735,2024-11-19,Shanghai,Antwerp,Road,Perishables,2227.54,302.7,1.26,5.0,Rain,0.557,2.24,1,Low
SC-14736,2024-07-03,Busan,Shanghai,Air,Pharmaceuticals,7929.7,343.5,1.4,5.3,Fog,0.757,0.5,1,Low
SC-14737,2024-03-23,Antwerp,Singapore,Rail,Electronics,5558.06,10.16,4.13,6.9,Clear,0.761,5.1,1,High
SC-14738,2025-05-14,Hamburg,Shanghai,Air,Textiles,5934.96,156.58,4.07,7.1,Rain,0.986,0.78,0,High
SC-14739,2024-12-06,Busan,Singapore,Road,Textiles,9509.29,319.27,2.38,3.8,Hurricane,0.827,53.27,1,Medium
SC-14740,2025-10-08,Dubai,Hamburg,Road,Automotive,10921.41,5.66,4.14,4.1,Rain,0.644,9.89,0,High
SC-14741,2024-06-30,Singapore,Rotterdam,Road,Perishables,2103.75,17.46,3.16,3.7,Fog,0.62,2.48,1,Medium
SC-14742,2024-11-16,Shanghai,Los Angeles,Rail,Textiles,1016.06,426.09,3.86,5.4,Hurricane,0.564,7.35,1,Medium
SC-14743,2025-10-11,Shanghai,Dubai,Air,Automotive,14917.79,342.33,2.61,4.5,Fog,0.878,1.78,1,Medium
SC-14744,2024-02-29,Shanghai,Busan,Air,Automotive,3874.56,133.42,1.57,8.9,Clear,0.845,0.5,1,Low
SC-14745,2024-01-05,Shanghai,Marseille,Rail,Textiles,1280.54,344.29,2.63,7.0,Hurricane,0.805,9.67,1,Medium
SC-14746,2025-04-07,Busan,Dubai,Air,Pharmaceuticals,3253.19,396.44,2.71,9.0,Fog,0.52,0.5,1,Medium
SC-14747,2024-10-07,Los Angeles,Dubai,Sea,Pharmaceuticals,1064.89,154.09,3.02,7.1,Fog,0.881,3.0,1,Medium
SC-14748,2024-08-02,Singapore,Antwerp,Road,Perishables,6181.26,18.98,1.55,9.7,Fog,0.821,7.86,1,Low
SC-14749,2024-06-21,Busan,Antwerp,Sea,Perishables,12134.83,466.46,4.47,6.4,Fog,0.982,32.7,0,High
SC-14750,2025-08-13,Hamburg,Los Angeles,Road,Perishables,5448.04,173.24,2.01,9.6,Hurricane,0.794,38.27,1,Medium
SC-14751,2024-06-11,Shanghai,Dubai,Rail,Automotive,6940.66,54.13,1.86,1.6,Storm,0.652,15.41,0,Low
SC-14752,2025-05-16,Rotterdam,Antwerp,Sea,Electronics,10296.01,246.44,2.94,0.5,Fog,0.691,21.64,0,Medium
SC-14753,2024-03-31,Antwerp,Shanghai,Air,Automotive,7878.96,384.47,2.97,5.8,Clear,0.588,0.96,0,Medium
SC-14754,2024-05-12,Busan,Los Angeles,Air,Textiles,12990.96,111.6,2.65,9.8,Rain,0.861,0.63,1,Medium
SC-14755,2025-09-21,Antwerp,Busan,Sea,Electronics,13057.52,135.48,3.75,4.2,Hurricane,0.854,175.29,1,Medium
SC-14756,2025-03-20,Hamburg,Rotterdam,Rail,Electronics,643.71,122.11,2.9,2.1,Hurricane,0.6,4.54,1,Medium
SC-14757,2025-10-10,Rotterdam,Los Angeles,Air,Pharmaceuticals,11781.67,495.84,3.21,5.2,Fog,0.579,1.62,1,Medium
SC-14758,2025-03-15,Shanghai,Singapore,Air,Textiles,7180.64,99.5,3.59,6.5,Rain,0.539,1.2,0,Medium
SC-14759,2025-02-17,Dubai,Shanghai,Rail,Automotive,14838.19,288.18,1.28,3.2,Fog,0.956,17.6,0,Low
SC-14760,2025-03-15,Shanghai,Busan,Sea,Electronics,7506.87,462.71,3.08,7.1,Rain,0.617,17.37,1,Medium
SC-14761,2025-05-03,Rotterdam,Marseille,Sea,Pharmaceuticals,14809.99,74.3,4.12,9.8,Fog,0.672,45.37,1,High
SC-14762,2025-01-27,Antwerp,Shanghai,Rail,Automotive,11441.26,485.46,1.26,9.0,Fog,0.64,17.13,0,Low
SC-14763,2024-01-05,Singapore,Hamburg,Road,Automotive,4104.77,473.79,2.54,2.9,Hurricane,0.707,22.31,1,Medium
SC-14764,2024-02-08,Antwerp,Los Angeles,Air,Electronics,8306.73,442.4,4.26,3.3,Rain,0.857,0.5,0,High
SC-14765,2025-06-30,Busan,Antwerp,Sea,Pharmaceuticals,14885.97,108.06,2.37,3.7,Fog,0.935,36.59,1,Medium
SC-14766,2024-07-23,Shanghai,Hamburg,Air,Automotive,12934.19,317.39,2.71,3.9,Clear,0.591,0.56,0,Medium
SC-14767,2025-01-17,Shanghai,Los Angeles,Rail,Automotive,1911.82,380.68,4.44,1.0,Clear,0.843,0.9,0,High
SC-14768,2024-01-15,Los Angeles,Shanghai,Rail,Automotive,10742.39,493.03,1.86,7.6,Clear,0.676,10.73,0,Low
SC-14769,2024-11-25,Shanghai,Los Angeles,Road,Textiles,5510.9,91.03,1.42,3.7,Fog,0.99,5.73,1,Low
SC-14770,2025-06-27,Rotterdam,Singapore,Air,Perishables,601.24,383.25,4.04,8.8,Rain,0.649,0.5,1,High
SC-14771,2024-07-14,Rotterdam,Singapore,Road,Perishables,6350.47,170.06,4.07,9.3,Storm,0.504,16.68,1,High
SC-14772,2024-01-19,Singapore,Marseille,Air,Pharmaceuticals,3903.94,88.64,2.76,0.2,Clear,0.758,0.5,0,Medium
SC-14773,2025-11-23,Busan,Hamburg,Road,Pharmaceuticals,12373.6,211.27,2.9,9.9,Rain,0.575,13.25,0,Medium
SC-14774,2024-01-05,Dubai,Shanghai,Air,Textiles,5391.29,397.12,3.96,7.1,Hurricane,0.522,2.89,1,Medium
SC-14775,2025-10-03,Shanghai,Los Angeles,Road,Textiles,12499.09,232.96,3.64,5.2,Hurricane,0.849,75.72,1,Medium
SC-14776,2024-09-11,Singapore,Rotterdam,Air,Pharmaceuticals,508.67,269.22,2.07,3.9,Fog,0.866,0.5,0,Medium
SC-14777,2024-08-19,Rotterdam,Shanghai,Rail,Textiles,4963.38,497.58,1.26,5.2,Rain,0.73,5.22,0,Low
SC-14778,2025-12-11,Los Angeles,Shanghai,Air,Electronics,3996.9,200.16,2.78,3.2,Rain,0.838,0.5,0,Medium
SC-14779,2024-12-18,Rotterdam,Hamburg,Sea,Automotive,3886.73,308.08,4.03,6.2,Clear,0.769,7.02,1,High
SC-14780,2024-11-15,Shanghai,Busan,Road,Perishables,1488.71,183.26,4.16,0.9,Fog,0.815,1.6,1,High
SC-14781,2024-05-12,Hamburg,Shanghai,Road,Pharmaceuticals,3213.3,197.0,4.36,6.2,Hurricane,0.798,20.8,1,High
SC-14782,2024-04-15,Singapore,Antwerp,Sea,Pharmaceuticals,8555.47,348.12,4.1,2.8,Rain,0.833,15.54,1,High
SC-14783,2025-01-27,Shanghai,Dubai,Rail,Electronics,4724.74,469.01,3.11,0.2,Storm,0.6,10.26,0,Medium
SC-14784,2025-05-30,Shanghai,Antwerp,Rail,Automotive,6552.22,271.64,2.67,5.5,Rain,0.634,7.53,0,Medium
SC-14785,2025-08-25,Hamburg,Singapore,Sea,Automotive,5964.57,384.43,3.76,5.8,Rain,0.72,12.07,1,Medium
SC-14786,2024-11-09,Dubai,Hamburg,Rail,Automotive,13200.62,45.51,3.64,4.3,Rain,0.723,13.26,1,Medium
SC-14787,2024-06-20,Rotterdam,Dubai,Sea,Perishables,13626.84,106.37,2.98,0.7,Rain,0.887,23.0,0,Medium
SC-14788,2024-03-07,Antwerp,Marseille,Air,Electronics,7647.88,251.56,1.49,8.9,Rain,0.684,0.91,1,Low
SC-14789,2024-02-16,Singapore,Dubai,Air,Automotive,5287.26,10.99,4.26,6.1,Clear,0.581,0.5,1,High
SC-14790,2024-11-01,Los Angeles,Marseille,Sea,Perishables,2048.61,127.17,2.7,1.2,Rain,0.626,3.55,0,Medium
SC-14791,2024-10-24,Hamburg,Marseille,Air,Automotive,14324.34,259.18,2.4,5.1,Rain,0.607,0.92,1,Medium
SC-14792,2025-04-11,Singapore,Antwerp,Sea,Textiles,1373.29,8.47,3.28,5.0,Hurricane,0.866,19.41,1,Medium
SC-14793,2025-06-16,Hamburg,Busan,Sea,Pharmaceuticals,4815.93,133.01,3.42,0.6,Hurricane,0.735,55.24,1,Medium
SC-14794,2025-09-02,Busan,Singapore,Rail,Pharmaceuticals,4821.96,257.5,1.9,6.1,Rain,0.854,5.35,0,Low
SC-14795,2025-06-20,Rotterdam,Busan,Air,Automotive,5145.82,287.0,3.96,8.1,Storm,0.708,1.21,1,Medium
SC-14796,2024-12-11,Busan,Singapore,Air,Electronics,2882.16,462.95,2.16,7.5,Storm,0.945,0.91,1,Medium
SC-14797,2025-03-20,Dubai,Busan,Sea,Electronics,11855.84,323.03,1.82,2.0,Fog,0.992,27.08,0,Low
SC-14798,2025-12-04,Dubai,Marseille,Sea,Automotive,2276.22,207.95,2.54,8.6,Clear,0.835,5.37,1,Medium
SC-14799,2024-05-17,Los Angeles,Dubai,Air,Textiles,9706.15,465.25,3.61,3.4,Fog,0.932,0.5,0,Medium
SC-14800,2024-12-16,Shanghai,Singapore,Air,Perishables,2295.77,392.66,4.39,9.5,Clear,0.754,0.5,1,High
SC-14801,2025-05-16,Singapore,Hamburg,Sea,Textiles,1522.77,100.8,3.87,0.7,Fog,0.967,2.38,0,Medium
SC-14802,2025-01-02,Los Angeles,Busan,Air,Textiles,13686.73,66.29,4.3,4.9,Hurricane,0.916,6.05,1,High
SC-14803,2024-07-11,Singapore,Antwerp,Sea,Perishables,3256.87,338.23,1.66,6.0,Storm,0.996,17.96,1,Low
SC-14804,2024-06-17,Los Angeles,Shanghai,Rail,Textiles,12408.13,280.38,1.43,2.5,Rain,0.812,11.9,0,Low
SC-14805,2025-02-17,Rotterdam,Antwerp,Rail,Automotive,8397.15,395.05,3.04,7.7,Clear,0.89,8.68,0,Medium
SC-14806,2024-01-20,Hamburg,Dubai,Sea,Pharmaceuticals,1628.92,369.66,2.16,6.3,Fog,0.771,3.93,0,Medium
SC-14807,2024-08-21,Los Angeles,Busan,Rail,Electronics,14354.0,312.98,3.93,0.2,Hurricane,0.63,80.84,1,Medium
SC-14808,2024-08-17,Rotterdam,Singapore,Air,Pharmaceuticals,4080.94,493.2,3.42,6.1,Storm,0.677,0.86,1,Medium
SC-14809,2024-05-14,Los Angeles,Antwerp,Road,Electronics,12964.86,267.26,4.4,4.9,Rain,0.947,11.62,0,High
SC-14810,2024-08-04,Dubai,Singapore,Road,Automotive,2947.75,57.44,2.04,2.0,Rain,0.528,2.62,1,Medium
SC-14811,2024-01-23,Hamburg,Busan,Road,Electronics,12882.17,414.31,2.8,10.0,Storm,0.796,34.08,1,Medium
SC-14812,2025-08-26,Rotterdam,Shanghai,Road,Textiles,691.82,126.67,2.85,9.0,Fog,0.686,2.19,0,Medium
SC-14813,2025-05-31,Antwerp,Busan,Rail,Automotive,7920.82,388.87,1.99,2.9,Hurricane,0.693,51.11,1,Low
SC-14814,2024-06-22,Shanghai,Hamburg,Sea,Automotive,11656.92,478.6,3.15,5.4,Fog,0.942,30.59,0,Medium
SC-14815,2024-05-06,Hamburg,Shanghai,Sea,Pharmaceuticals,14054.54,348.7,2.66,3.2,Storm,0.927,67.28,1,Medium
SC-14816,2025-01-10,Hamburg,Shanghai,Sea,Perishables,13683.43,298.42,2.67,7.8,Rain,0.799,31.6,0,Medium
SC-14817,2025-12-29,Antwerp,Los Angeles,Rail,Perishables,12384.56,230.73,2.4,9.3,Hurricane,0.636,100.9,1,Medium
SC-14818,2025-10-28,Rotterdam,Shanghai,Rail,Perishables,13378.77,182.84,1.26,3.6,Storm,0.738,33.41,1,Low
SC-14819,2024-02-08,Antwerp,Busan,Sea,Perishables,3388.69,177.15,2.92,8.1,Clear,0.704,6.02,1,Medium
SC-14820,2025-01-19,Busan,Antwerp,Road,Electronics,4620.67,318.55,2.31,5.0,Rain,0.677,4.27,1,Medium
SC-14821,2025-10-17,Shanghai,Dubai,Rail,Textiles,4690.04,375.89,1.2,4.0,Hurricane,0.551,30.46,1,Low
SC-14822,2024-09-18,Hamburg,Los Angeles,Rail,Pharmaceuticals,5967.28,339.58,2.22,9.4,Storm,0.772,18.48,1,Medium
SC-14823,2025-07-01,Antwerp,Busan,Air,Electronics,6203.15,100.01,2.12,5.1,Rain,0.651,0.5,0,Medium
SC-14824,2025-09-30,Rotterdam,Singapore,Sea,Textiles,8396.05,247.5,2.5,4.7,Fog,0.83,22.55,0,Medium
SC-14825,2024-02-19,Los Angeles,Dubai,Sea,Automotive,2818.26,396.03,1.64,6.7,Clear,0.66,4.46,1,Low
SC-14826,2025-08-31,Shanghai,Hamburg,Road,Textiles,10523.08,238.38,2.88,2.6,Clear,0.716,7.77,0,Medium
SC-14827,2024-02-19,Hamburg,Busan,Air,Electronics,2929.71,268.78,3.49,3.2,Fog,0.526,0.5,0,Medium
SC-14828,2025-11-08,Los Angeles,Marseille,Road,Electronics,4999.47,385.8,3.28,9.3,Storm,0.996,12.42,1,Medium
SC-14829,2024-04-20,Dubai,Antwerp,Road,Electronics,7798.5,330.97,3.85,6.8,Storm,0.754,17.81,1,Medium
SC-14830,2025-10-31,Rotterdam,Shanghai,Road,Textiles,12048.39,205.26,2.69,8.3,Hurricane,0.512,81.21,1,Medium
SC-14831,2024-01-21,Antwerp,Singapore,Air,Perishables,11222.3,447.81,2.91,2.7,Hurricane,0.771,4.72,1,Medium
SC-14832,2024-02-19,Rotterdam,Marseille,Rail,Pharmaceuticals,9860.25,82.12,3.87,5.4,Storm,0.935,25.45,1,Medium
SC-14833,2025-12-07,Dubai,Singapore,Rail,Electronics,2758.71,497.76,2.61,9.7,Storm,0.886,8.64,1,Medium
SC-14834,2024-04-28,Antwerp,Busan,Road,Automotive,8432.16,60.31,3.52,3.2,Hurricane,0.85,46.78,1,Medium
SC-14835,2025-03-02,Antwerp,Shanghai,Road,Pharmaceuticals,1767.97,8.46,2.63,1.6,Fog,0.57,1.73,0,Medium
SC-14836,2025-03-30,Singapore,Rotterdam,Rail,Textiles,5971.77,445.12,2.58,5.1,Storm,0.829,15.54,1,Medium
SC-14837,2025-01-24,Los Angeles,Busan,Road,Electronics,6495.99,123.23,3.71,3.9,Rain,0.883,6.45,0,Medium
SC-14838,2024-05-06,Shanghai,Hamburg,Rail,Automotive,1077.27,365.12,1.78,1.6,Clear,0.786,0.88,0,Low
SC-14839,2025-07-14,Hamburg,Antwerp,Sea,Electronics,4472.83,405.7,2.32,8.9,Clear,0.946,9.38,1,Medium
SC-14840,2024-09-15,Shanghai,Singapore,Road,Electronics,14356.92,429.63,1.94,9.9,Hurricane,0.638,102.3,1,Low
SC-14841,2025-04-30,Shanghai,Hamburg,Air,Automotive,14327.67,495.81,2.39,5.7,Hurricane,0.621,7.12,1,Medium
SC-14842,2025-12-19,Antwerp,Shanghai,Air,Pharmaceuticals,5608.74,147.73,1.96,7.7,Clear,0.935,0.68,1,Low
SC-14843,2024-06-05,Shanghai,Busan,Rail,Perishables,1124.95,355.41,3.11,8.6,Storm,0.813,3.02,1,Medium
SC-14844,2024-07-29,Dubai,Rotterdam,Air,Perishables,3096.88,58.58,3.83,7.0,Rain,0.501,0.5,0,Medium
SC-14845,2025-12-12,Shanghai,Busan,Sea,Textiles,6187.16,204.0,3.8,0.4,Storm,0.677,26.5,1,Medium
SC-14846,2025-12-03,Dubai,Hamburg,Air,Perishables,14242.81,424.14,2.4,1.6,Storm,0.929,1.43,1,Medium
SC-14847,2025-10-07,Dubai,Rotterdam,Road,Pharmaceuticals,2547.39,184.46,4.46,0.7,Storm,0.514,3.91,1,High
SC-14848,2024-01-10,Hamburg,Singapore,Air,Electronics,11570.98,295.96,3.16,0.1,Rain,0.502,1.18,0,Medium
SC-14849,2024-11-04,Rotterdam,Hamburg,Air,Electronics,2075.9,252.38,2.52,3.1,Hurricane,0.641,0.67,1,Medium
SC-14850,2025-03-06,Los Angeles,Dubai,Sea,Perishables,14728.23,323.33,3.96,3.9,Clear,0.957,24.16,0,Medium
SC-14851,2025-11-08,Hamburg,Antwerp,Air,Textiles,6033.44,486.47,3.61,2.4,Storm,0.951,1.14,0,Medium
SC-14852,2024-04-13,Singapore,Shanghai,Air,Electronics,11740.9,28.81,3.67,0.6,Rain,0.759,0.56,1,Medium
SC-14853,2025-11-09,Shanghai,Rotterdam,Sea,Textiles,5467.57,287.41,1.85,5.3,Fog,0.777,14.62,1,Low
SC-14854,2025-06-16,Antwerp,Shanghai,Rail,Perishables,9601.2,431.65,2.75,2.7,Fog,0.666,11.34,0,Medium
SC-14855,2024-10-03,Los Angeles,Marseille,Sea,Electronics,3284.23,241.21,4.04,8.0,Storm,0.622,19.23,1,High
SC-14856,2025-09-29,Antwerp,Busan,Sea,Electronics,2617.3,40.19,2.86,0.1,Rain,0.908,4.03,0,Medium
SC-14857,2025-09-12,Shanghai,Busan,Rail,Textiles,14101.93,280.71,3.46,8.4,Storm,0.553,41.85,1,Medium
SC-14858,2025-12-18,Shanghai,Los Angeles,Air,Perishables,13805.89,166.7,3.14,9.5,Storm,0.744,3.74,1,Medium
SC-14859,2024-05-20,Rotterdam,Singapore,Rail,Textiles,13368.3,78.32,3.98,7.2,Clear,0.817,12.32,0,Medium
SC-14860,2025-03-04,Hamburg,Antwerp,Air,Automotive,9568.79,424.67,2.14,7.3,Fog,0.552,1.48,1,Medium
SC-14861,2024-04-17,Busan,Rotterdam,Sea,Perishables,12219.89,261.28,3.1,9.3,Hurricane,0.76,199.13,1,Medium
SC-14862,2025-06-07,Shanghai,Antwerp,Rail,Automotive,1501.04,466.7,1.61,2.1,Fog,0.789,2.09,0,Low
SC-14863,2025-09-24,Dubai,Singapore,Road,Pharmaceuticals,5354.44,403.2,3.48,9.9,Hurricane,0.871,38.24,1,Medium
SC-14864,2024-04-30,Hamburg,Marseille,Sea,Automotive,5048.7,346.79,3.62,7.7,Hurricane,0.617,77.77,1,Medium
SC-14865,2024-10-16,Hamburg,Rotterdam,Sea,Perishables,9716.86,3.51,1.34,7.3,Fog,0.647,27.77,1,Low
SC-14866,2024-04-26,Shanghai,Los Angeles,Road,Electronics,5661.39,214.48,3.43,3.6,Hurricane,0.785,32.43,1,Medium
SC-14867,2024-04-18,Singapore,Dubai,Road,Perishables,2653.35,99.55,2.57,5.5,Fog,0.992,3.13,1,Medium
SC-14868,2025-05-24,Rotterdam,Busan,Air,Textiles,9148.77,455.49,1.61,6.5,Clear,0.609,0.87,0,Low
SC-14869,2024-07-22,Dubai,Los Angeles,Road,Electronics,12308.57,88.12,2.59,6.2,Rain,0.993,11.33,0,Medium
SC-14870,2025-09-15,Antwerp,Busan,Rail,Pharmaceuticals,6040.79,143.74,1.84,7.0,Clear,0.857,6.46,0,Low
SC-14871,2024-07-23,Rotterdam,Shanghai,Sea,Perishables,2417.9,258.9,2.57,0.8,Rain,0.913,4.52,0,Medium
SC-14872,2024-09-26,Dubai,Shanghai,Air,Textiles,3351.98,132.42,2.47,3.6,Hurricane,0.545,1.68,1,Medium
SC-14873,2025-06-19,Antwerp,Rotterdam,Air,Pharmaceuticals,3943.51,105.72,3.64,4.3,Rain,0.65,0.5,0,Medium
SC-14874,2024-07-25,Busan,Rotterdam,Sea,Pharmaceuticals,4848.52,299.95,3.75,2.6,Rain,0.529,9.62,0,Medium
SC-14875,2025-01-01,Rotterdam,Marseille,Sea,Electronics,9820.53,45.38,3.2,1.7,Clear,0.686,14.51,1,Medium
SC-14876,2025-12-21,Hamburg,Singapore,Sea,Automotive,9213.71,30.03,1.27,1.4,Rain,0.991,15.53,0,Low
SC-14877,2025-02-23,Singapore,Busan,Air,Automotive,10593.16,186.75,4.27,3.7,Clear,0.553,0.69,0,High
SC-14878,2024-10-29,Rotterdam,Busan,Road,Pharmaceuticals,5756.28,360.61,3.46,4.9,Fog,0.781,7.0,1,Medium
SC-14879,2024-06-13,Rotterdam,Dubai,Road,Pharmaceuticals,12447.97,277.85,1.31,0.6,Clear,0.503,8.44,0,Low
SC-14880,2024-02-10,Rotterdam,Antwerp,Road,Electronics,3459.27,212.02,3.9,9.5,Clear,0.856,2.98,1,Medium
SC-14881,2025-07-15,Antwerp,Singapore,Sea,Perishables,7301.09,283.31,1.86,7.7,Hurricane,0.599,112.18,1,Low
SC-14882,2025-05-23,Hamburg,Dubai,Air,Electronics,12113.61,183.36,3.11,7.3,Storm,0.565,2.84,1,Medium
SC-14883,2024-07-31,Singapore,Shanghai,Sea,Electronics,3112.3,468.14,2.74,1.7,Hurricane,0.669,37.44,1,Medium
SC-14884,2025-12-05,Dubai,Antwerp,Sea,Pharmaceuticals,2093.02,28.4,2.59,6.0,Fog,0.886,5.94,0,Medium
SC-14885,2025-05-07,Los Angeles,Busan,Sea,Pharmaceuticals,13313.42,337.02,4.14,5.3,Fog,0.553,35.04,1,High
SC-14886,2024-12-04,Antwerp,Singapore,Rail,Electronics,5472.48,445.75,2.64,9.8,Rain,0.615,7.31,0,Medium
SC-14887,2024-08-28,Busan,Hamburg,Air,Pharmaceuticals,10416.12,402.14,1.45,7.5,Hurricane,0.504,6.32,1,Low
SC-14888,2024-01-03,Rotterdam,Antwerp,Air,Textiles,867.55,92.84,4.32,5.8,Hurricane,0.984,0.87,1,High
SC-14889,2024-01-14,Busan,Antwerp,Rail,Perishables,10505.68,148.67,4.24,8.5,Rain,0.796,12.38,0,High
SC-14890,2025-11-18,Dubai,Shanghai,Air,Automotive,5083.47,358.81,3.46,1.6,Hurricane,0.86,3.25,1,Medium
SC-14891,2024-04-01,Busan,Shanghai,Road,Automotive,1308.24,43.05,2.74,0.2,Fog,0.826,1.42,1,Medium
SC-14892,2024-04-23,Hamburg,Shanghai,Air,Electronics,9342.29,406.12,1.51,6.9,Hurricane,0.572,5.36,1,Low
SC-14893,2025-08-10,Hamburg,Marseille,Sea,Automotive,3991.66,359.73,3.81,1.0,Hurricane,0.797,46.15,1,Medium
SC-14894,2025-11-16,Antwerp,Dubai,Sea,Pharmaceuticals,6108.71,365.07,1.45,1.2,Fog,0.566,13.41,0,Low
SC-14895,2025-05-20,Los Angeles,Busan,Rail,Pharmaceuticals,1668.42,51.02,1.43,7.4,Rain,0.701,1.97,1,Low
SC-14896,2024-06-01,Hamburg,Antwerp,Sea,Automotive,2633.87,359.16,2.97,2.7,Hurricane,0.784,32.83,1,Medium
SC-14897,2024-04-02,Shanghai,Los Angeles,Rail,Electronics,4820.67,340.23,1.73,6.3,Fog,0.779,6.45,0,Low
SC-14898,2025-06-07,Hamburg,Rotterdam,Air,Electronics,1801.51,415.63,1.23,9.2,Rain,0.56,0.5,1,Low
SC-14899,2024-03-17,Antwerp,Shanghai,Rail,Automotive,13706.98,21.76,2.6,3.2,Clear,0.517,11.05,0,Medium
SC-14900,2024-04-13,Dubai,Singapore,Air,Pharmaceuticals,587.68,12.53,1.65,2.2,Storm,0.899,0.5,0,Low
SC-14901,2024-09-19,Shanghai,Rotterdam,Air,Electronics,7515.97,187.13,1.73,1.1,Rain,0.863,0.5,0,Low
SC-14902,2025-10-21,Shanghai,Marseille,Sea,Perishables,2287.09,75.25,1.45,1.3,Storm,0.541,9.96,1,Low
SC-14903,2024-08-24,Shanghai,Rotterdam,Rail,Perishables,4961.35,279.63,1.88,0.6,Hurricane,0.564,28.41,1,Low
SC-14904,2025-04-12,Los Angeles,Marseille,Air,Perishables,13927.86,458.76,3.56,0.9,Storm,0.946,2.79,0,Medium
SC-14905,2024-10-30,Shanghai,Busan,Road,Electronics,2844.57,196.35,3.87,4.3,Fog,0.885,4.11,1,Medium
SC-14906,2024-09-27,Rotterdam,Dubai,Air,Electronics,14504.57,422.63,2.69,3.2,Rain,0.998,1.39,0,Medium
SC-14907,2025-04-20,Singapore,Hamburg,Sea,Automotive,3484.02,1.12,2.87,7.1,Hurricane,0.627,51.77,1,Medium
SC-14908,2024-02-21,Shanghai,Busan,Sea,Electronics,11252.71,85.09,1.31,8.7,Clear,0.744,22.26,1,Low
SC-14909,2024-04-12,Hamburg,Shanghai,Road,Automotive,8426.82,16.18,1.43,7.8,Fog,0.618,10.77,1,Low
SC-14910,2024-06-27,Busan,Rotterdam,Road,Automotive,13324.94,164.75,2.05,5.3,Hurricane,0.811,80.53,1,Medium
SC-14911,2024-02-10,Singapore,Antwerp,Road,Textiles,8532.9,454.19,2.99,1.0,Fog,0.558,8.5,0,Medium
SC-14912,2024-10-24,Antwerp,Shanghai,Air,Textiles,8251.11,49.38,3.64,7.1,Storm,0.564,1.7,1,Medium
SC-14913,2025-01-03,Rotterdam,Singapore,Road,Pharmaceuticals,3334.14,303.6,3.2,3.6,Storm,0.536,6.85,1,Medium
SC-14914,2025-11-24,Busan,Los Angeles,Road,Electronics,2910.33,226.3,2.49,0.9,Clear,0.847,2.68,0,Medium
SC-14915,2024-11-16,Busan,Los Angeles,Air,Electronics,13789.09,469.3,1.59,8.4,Fog,0.747,1.56,1,Low
SC-14916,2025-03-12,Shanghai,Rotterdam,Air,Perishables,5253.65,62.14,3.78,3.4,Clear,0.809,0.5,1,Medium
SC-14917,2024-04-28,Antwerp,Hamburg,Air,Perishables,5895.19,106.8,2.4,2.2,Rain,0.94,1.15,1,Medium
SC-14918,2024-04-07,Singapore,Rotterdam,Air,Pharmaceuticals,11517.44,15.74,3.63,8.7,Rain,0.87,0.5,1,Medium
SC-14919,2024-02-16,Los Angeles,Antwerp,Road,Pharmaceuticals,5412.94,217.53,2.89,9.0,Rain,0.731,3.86,1,Medium
SC-14920,2024-01-10,Singapore,Marseille,Air,Textiles,14304.91,139.64,3.64,3.4,Hurricane,0.992,7.36,1,Medium
SC-14921,2024-05-21,Antwerp,Dubai,Air,Pharmaceuticals,11199.95,435.08,4.19,3.5,Hurricane,0.728,5.95,1,High
SC-14922,2025-11-10,Dubai,Singapore,Road,Pharmaceuticals,9162.72,302.87,4.24,5.8,Hurricane,0.556,56.48,1,High
SC-14923,2025-10-24,Los Angeles,Singapore,Road,Pharmaceuticals,13272.98,307.43,2.97,7.3,Clear,0.996,10.15,0,Medium
SC-14924,2024-06-23,Singapore,Shanghai,Sea,Pharmaceuticals,1219.29,266.42,2.89,0.6,Fog,0.511,2.59,1,Medium
SC-14925,2024-12-02,Busan,Hamburg,Rail,Automotive,4227.41,46.83,2.08,5.9,Clear,0.775,3.67,0,Medium
SC-14926,2025-01-01,Rotterdam,Singapore,Sea,Electronics,7243.03,223.06,4.29,9.5,Clear,0.655,14.58,0,High
SC-14927,2025-03-24,Los Angeles,Hamburg,Road,Electronics,3791.19,499.75,2.71,2.6,Storm,0.752,8.36,1,Medium
SC-14928,2025-09-28,Rotterdam,Marseille,Air,Automotive,11286.63,417.78,1.62,9.1,Clear,0.779,0.5,0,Low
SC-14929,2024-10-01,Shanghai,Dubai,Road,Pharmaceuticals,13828.52,446.84,2.63,9.5,Clear,0.62,12.3,0,Medium
SC-14930,2024-04-05,Dubai,Los Angeles,Road,Textiles,6644.67,411.79,1.62,2.7,Rain,0.778,5.98,0,Low
SC-14931,2025-01-16,Rotterdam,Busan,Sea,Pharmaceuticals,5460.92,52.42,2.86,7.5,Hurricane,0.878,83.75,1,Medium
SC-14932,2024-12-16,Dubai,Los Angeles,Air,Pharmaceuticals,14442.49,114.5,3.05,2.4,Fog,0.633,1.88,0,Medium
SC-14933,2024-07-06,Singapore,Los Angeles,Road,Pharmaceuticals,6950.36,2.56,2.31,7.4,Storm,0.692,17.27,1,Medium
SC-14934,2024-04-26,Antwerp,Busan,Rail,Electronics,7591.2,152.45,1.44,8.0,Storm,0.634,22.34,1,Low
SC-14935,2025-02-14,Busan,Marseille,Sea,Automotive,5598.92,55.2,4.31,2.5,Clear,0.91,8.92,1,High
SC-14936,2025-02-13,Antwerp,Busan,Sea,Perishables,13688.45,236.92,3.75,7.2,Rain,0.862,31.29,0,Medium
SC-14937,2025-04-12,Rotterdam,Los Angeles,Sea,Pharmaceuticals,8749.85,338.89,3.97,8.1,Clear,0.936,16.89,0,Medium
SC-14938,2024-10-05,Dubai,Shanghai,Air,Electronics,11551.53,437.38,2.41,3.6,Rain,0.585,0.5,0,Medium
SC-14939,2025-01-29,Shanghai,Rotterdam,Air,Electronics,12271.2,374.86,3.71,1.7,Rain,0.537,1.31,0,Medium
SC-14940,2025-12-07,Dubai,Antwerp,Air,Textiles,5456.81,469.35,2.8,0.9,Clear,0.56,0.88,0,Medium
SC-14941,2025-05-04,Los Angeles,Shanghai,Air,Electronics,6788.57,27.9,1.86,5.8,Clear,0.581,0.58,0,Low
SC-14942,2025-03-07,Shanghai,Rotterdam,Air,Electronics,12802.84,7.08,1.61,9.8,Fog,0.767,1.22,0,Low
SC-14943,2025-10-26,Hamburg,Rotterdam,Air,Electronics,5767.2,331.01,2.34,8.2,Storm,0.985,0.5,1,Medium
SC-14944,2024-06-19,Hamburg,Rotterdam,Sea,Pharmaceuticals,12012.06,145.39,1.65,4.4,Storm,0.679,61.0,1,Low
SC-14945,2024-04-25,Busan,Shanghai,Air,Automotive,14144.39,127.5,4.49,5.4,Storm,0.979,2.13,1,High
SC-14946,2024-05-15,Hamburg,Busan,Rail,Textiles,9536.55,166.11,1.36,2.8,Storm,0.519,21.9,1,Low
SC-14947,2025-12-13,Hamburg,Shanghai,Air,Automotive,11253.6,135.63,2.66,1.6,Clear,0.963,0.62,0,Medium
SC-14948,2024-03-01,Los Angeles,Rotterdam,Road,Pharmaceuticals,12173.91,256.21,2.69,4.8,Fog,0.591,13.11,1,Medium
SC-14949,2024-06-12,Singapore,Los Angeles,Sea,Pharmaceuticals,12753.07,220.63,2.19,4.6,Storm,0.956,65.63,1,Medium
SC-14950,2024-04-16,Antwerp,Marseille,Road,Textiles,6228.27,256.7,3.09,5.2,Hurricane,0.528,37.32,1,Medium
SC-14951,2025-03-02,Los Angeles,Dubai,Rail,Electronics,1243.32,336.68,1.69,9.5,Fog,0.974,1.61,1,Low
SC-14952,2025-08-27,Hamburg,Los Angeles,Sea,Pharmaceuticals,6327.21,194.18,3.79,6.0,Hurricane,0.6,90.68,1,Medium
SC-14953,2025-05-09,Singapore,Hamburg,Road,Pharmaceuticals,10269.47,126.4,2.3,6.1,Rain,0.651,9.13,0,Medium
SC-14954,2025-08-05,Busan,Antwerp,Road,Pharmaceuticals,7030.08,83.93,3.15,1.3,Clear,0.745,4.04,0,Medium
SC-14955,2025-11-25,Busan,Singapore,Road,Automotive,11359.97,175.39,3.56,10.0,Clear,0.69,9.52,1,Medium
SC-14956,2025-03-24,Singapore,Antwerp,Road,Pharmaceuticals,5676.25,371.16,4.13,7.7,Storm,0.834,13.89,1,High
SC-14957,2024-07-04,Dubai,Singapore,Sea,Textiles,9703.79,378.6,3.96,8.8,Fog,0.987,28.51,1,Medium
SC-14958,2025-09-17,Singapore,Dubai,Sea,Perishables,3203.09,333.79,3.21,4.1,Fog,0.803,7.97,1,Medium
SC-14959,2025-01-23,Busan,Antwerp,Road,Electronics,11365.86,117.78,2.48,5.0,Rain,0.861,10.28,0,Medium
SC-14960,2025-01-02,Dubai,Singapore,Rail,Pharmaceuticals,8412.59,294.46,2.86,5.2,Fog,0.544,10.64,1,Medium
SC-14961,2025-09-18,Hamburg,Los Angeles,Air,Pharmaceuticals,3458.93,285.77,3.74,1.9,Storm,0.814,0.81,1,Medium
SC-14962,2024-01-30,Dubai,Marseille,Sea,Pharmaceuticals,4732.71,242.65,4.1,6.9,Clear,0.727,8.16,0,High
SC-14963,2025-12-01,Shanghai,Antwerp,Sea,Textiles,11354.83,275.44,1.54,9.0,Clear,0.943,22.33,0,Low
SC-14964,2024-05-13,Singapore,Busan,Rail,Automotive,7497.72,246.4,2.47,1.6,Storm,0.694,16.84,1,Medium
SC-14965,2025-05-09,Dubai,Los Angeles,Air,Automotive,3632.46,283.16,3.76,0.9,Rain,0.84,0.58,0,Medium
SC-14966,2025-05-14,Rotterdam,Marseille,Sea,Perishables,14525.43,358.04,2.62,7.4,Fog,0.614,41.86,1,Medium
SC-14967,2024-04-25,Antwerp,Busan,Air,Automotive,10869.31,55.7,2.3,2.7,Hurricane,0.63,5.95,1,Medium
SC-14968,2025-02-25,Dubai,Antwerp,Road,Automotive,14378.46,375.06,2.56,6.2,Fog,0.688,16.65,1,Medium
SC-14969,2025-03-27,Singapore,Rotterdam,Road,Pharmaceuticals,6693.02,68.81,3.19,7.0,Storm,0.652,16.05,1,Medium
SC-14970,2024-02-17,Shanghai,Los Angeles,Road,Pharmaceuticals,7388.95,34.25,4.5,3.2,Storm,0.627,14.8,1,High
SC-14971,2024-03-05,Antwerp,Hamburg,Sea,Automotive,13520.35,488.06,2.83,8.2,Rain,0.525,31.09,1,Medium
SC-14972,2024-09-24,Busan,Marseille,Road,Pharmaceuticals,8113.22,478.54,1.89,5.5,Clear,0.918,6.27,1,Low
SC-14973,2025-11-01,Los Angeles,Shanghai,Sea,Textiles,10755.54,31.16,1.74,8.7,Rain,0.532,25.33,1,Low
SC-14974,2024-11-17,Shanghai,Antwerp,Rail,Perishables,4156.51,222.18,1.34,7.6,Fog,0.944,6.6,1,Low
SC-14975,2024-01-13,Rotterdam,Singapore,Road,Automotive,6977.53,93.94,3.04,8.7,Clear,0.563,5.23,1,Medium
SC-14976,2025-12-22,Antwerp,Marseille,Air,Automotive,2290.02,243.19,3.0,0.2,Fog,0.533,0.5,0,Medium
SC-14977,2025-11-25,Shanghai,Marseille,Rail,Textiles,3486.71,415.26,1.88,2.4,Hurricane,0.782,21.23,1,Low
SC-14978,2025-06-21,Busan,Shanghai,Rail,Perishables,513.68,475.36,3.49,0.9,Storm,0.751,0.71,0,Medium
SC-14979,2025-08-13,Singapore,Rotterdam,Road,Perishables,1069.34,317.49,3.65,4.4,Storm,0.746,2.6,1,Medium
SC-14980,2025-08-01,Rotterdam,Singapore,Air,Electronics,14670.62,177.6,2.06,8.9,Hurricane,0.787,8.49,1,Medium
SC-14981,2024-08-17,Hamburg,Dubai,Sea,Pharmaceuticals,4014.13,302.06,2.34,4.7,Rain,0.644,8.0,1,Medium
SC-14982,2025-11-16,Los Angeles,Hamburg,Air,Automotive,10118.01,156.69,4.47,8.5,Rain,0.831,0.5,1,High
SC-14983,2024-12-12,Busan,Antwerp,Road,Textiles,12666.95,455.0,2.44,3.3,Clear,0.751,9.67,1,Medium
SC-14984,2025-06-15,Antwerp,Hamburg,Road,Textiles,8484.58,435.33,3.71,3.4,Hurricane,0.667,46.95,1,Medium
SC-14985,2025-06-19,Dubai,Busan,Rail,Perishables,2720.6,279.56,2.69,9.0,Storm,0.913,8.23,1,Medium
SC-14986,2025-12-05,Hamburg,Dubai,Road,Perishables,11057.69,163.07,3.82,4.3,Hurricane,0.864,63.77,1,Medium
SC-14987,2025-12-18,Dubai,Hamburg,Road,Pharmaceuticals,9203.65,147.4,3.74,7.9,Fog,0.697,11.57,1,Medium
SC-14988,2025-09-25,Antwerp,Dubai,Air,Automotive,11103.13,17.68,3.4,2.4,Rain,0.924,0.5,0,Medium
SC-14989,2024-04-07,Rotterdam,Hamburg,Rail,Pharmaceuticals,11661.33,408.09,4.02,9.5,Rain,0.96,14.23,1,High
SC-14990,2025-03-19,Hamburg,Busan,Sea,Electronics,14643.45,225.74,4.3,5.7,Hurricane,0.768,209.65,1,High
SC-14991,2025-11-08,Shanghai,Busan,Air,Textiles,8816.67,163.24,3.11,7.6,Rain,0.607,0.5,1,Medium
SC-14992,2024-09-11,Busan,Antwerp,Rail,Automotive,5453.8,236.08,1.98,0.9,Fog,0.958,6.48,0,Low
SC-14993,2025-05-08,Busan,Rotterdam,Road,Pharmaceuticals,9902.74,409.55,2.52,4.9,Hurricane,0.595,59.36,1,Medium
SC-14994,2024-12-20,Rotterdam,Busan,Air,Perishables,1492.39,63.18,3.7,9.0,Clear,0.524,0.5,1,Medium
SC-14995,2025-11-10,Rotterdam,Dubai,Rail,Perishables,13512.26,428.97,3.35,8.8,Fog,0.664,20.28,0,Medium
SC-14996,2025-11-23,Dubai,Shanghai,Air,Perishables,2231.02,448.86,1.79,0.5,Clear,0.863,0.5,0,Low
SC-14997,2025-10-18,Antwerp,Busan,Rail,Pharmaceuticals,5253.72,473.41,1.37,3.0,Clear,0.962,4.41,0,Low
SC-14998,2025-01-29,Singapore,Dubai,Rail,Automotive,12328.31,199.35,3.45,4.4,Storm,0.819,31.18,1,Medium
SC-14999,2024-06-01,Dubai,Shanghai,Air,Textiles,9161.03,109.35,2.03,1.7,Storm,0.976,1.43,1,Medium
